study_id,citation,year,domain_top1,domain_top1_conf,domain_top2,domain_top2_conf,domain_top3,domain_top3_conf,region_top1,region_top1_conf,region_top2,region_top2_conf,region_top3,region_top3_conf,reliability_top1,reliability_top1_conf,reliability_top2,reliability_top2_conf,reliability_top3,reliability_top3_conf,confidence_score,notes
study_0003,"Shochat, H",2030,Archaeology,0.395,Paleography,0.388,Paleoclimatology,0.378,Southern Levant,0.337,Egypt,0.287,Sinai,0.218,Medium,0.091,High,0.031,Low,-0.003,0.274,"Shochat, H.; Makarewicz, C.A.; Bar-Oz, G.; Buckley, M.; Reynard, L.M.; Gilboa, A. Shochat, Harel (57211793677); Makarewicz, Cheryl A. (12786139100); Bar-Oz, Guy (6507839206); Buckley, Michael (5720306"
study_0004,"Trębicka, J",2020,Isotope Geochemistry,0.521,Paleoclimatology,0.409,Radiocarbon Chronology,0.404,Egypt,0.179,Southern Levant,0.166,Sinai,0.136,Low,-0.001,High,-0.004,Medium,-0.007,0.233,"Trębicka, J.; Hosseinzadeh, J.; Sołtysiak, A. Trębicka, Joanna (57216507306); Hosseinzadeh, Javad (56398520200); Sołtysiak, Arkadiusz (24399703600) 57216507306; 56398520200; 24399703600 Patterns of Mo"
study_0002,"Cavazzuti, C",2046,Epigraphy,0.232,Stratigraphy,0.215,Radiocarbon Chronology,0.178,Southern Levant,0.124,Egypt,0.084,Sinai,0.039,High,0.063,Low,0.049,Medium,0.038,0.14,"Cavazzuti, C.; Horváth, A.; Gémes, A.; Fülöp, K.; Szeniczey, T.; Tarbay, J.G.; McCall, A.; Rubio, B.G.; Vicze, M.; Bárány, A.; Pető, Á.; Magyari, E.K.; Darabos, G.; Futó, I.; Lisztes-Szabó, Z.; Molnár"
study_0001,"Lee, J",1925,Epigraphy,0.298,Archaeology,0.231,Settlement Archaeology,0.213,Southern Levant,0.19,Sinai,0.19,Egypt,0.14,Medium,0.048,High,0.046,Low,0.024,0.179,"Lee, J.; Brosseder, U.; Moon, H.; Stahl, R.; Semerau, L.; Gantulga, J.-O.; Magail, J.; Bemmann, J.; Yeruul-Erdene, C.; Warinner, C.; Jeong, C. Lee, Juhyeon (57482951300); Brosseder, Ursula B. (5356319"
study_0005,"Kaupová, S",1849,Isotope Geochemistry,0.376,Radiocarbon Chronology,0.222,Ceramic Analysis,0.206,Sinai,0.161,Egypt,0.104,Southern Levant,0.055,Low,0.026,High,0.016,Medium,0.006,0.187,"Kaupová, S.; Půtová, L.; Ernée, M.; Kočár, P.; Kovačiková, L.; Parma, D.; Salaš, M.; Unger, J.; Velemínský, P. Kaupová, Sylva (55940830700); Půtová, Lenka (57218499191); Ernée, Michal (26631537900); K"
study_0006,"Sörman, A",1940,Isotope Geochemistry,0.468,Archaeology,0.401,Radiocarbon Chronology,0.364,Southern Levant,0.039,Egypt,0.013,Sinai,-0.0,High,-0.019,Low,-0.03,Medium,-0.035,0.163,"Sörman, A.; Ojala, K.; Grandin, L. Sörman, Anna (57194088515); Ojala, Karin (57219149018); Grandin, Lena (55334126800) 57194088515; 57219149018; 55334126800 A foreign cauldron full of imports: Element"
study_0008,"Gavranović, M",1927,Stratigraphy,0.204,Paleoclimatology,0.184,Isotope Geochemistry,0.183,Southern Levant,0.148,Sinai,0.123,Egypt,0.118,High,0.094,Low,0.082,Medium,0.045,0.148,"Gavranović, M.; Mehofer, M.; Kapuran, A.; Koledin, J.; Mitrović, J.; Papazovska, A.; Pravidur, A.; Đorđević, A.; Jacanović, D. Gavranović, Mario (42161321600); Mehofer, Mathias (35092874300); Kapuran,"
study_0007,"Stróżyk, M",1860,Isotope Geochemistry,0.495,Radiocarbon Chronology,0.429,Paleoclimatology,0.385,Egypt,0.131,Sinai,0.128,Southern Levant,0.104,High,-0.008,Low,-0.017,Medium,-0.024,0.206,"Stróżyk, M.; Pospieszny, Ł.; Belka, Z.; Garbacz-Klempka, A.; Silska, P.; Wardas-Lasoń, M. Stróżyk, Mateusz (56993454100); Pospieszny, Lukasz (56422364100); Belka, Zdzislaw (6701860549); Garbacz-Klempk"
study_0009,"Frank, A",2031,Epigraphy,0.233,Isotope Geochemistry,0.177,Stratigraphy,0.174,Sinai,0.161,Southern Levant,0.12,Egypt,0.094,High,0.095,Low,0.086,Medium,0.074,0.163,"Frank, A.B.; May, J.; Sabatini, S.; Schopper, F.; Frei, R.; Kaul, F.; Storch, S.; Hansen, S.; Kristiansen, K.; Frei, K.M. Frank, Anja B. (57203135876); May, Jens (57328131800); Sabatini, Serena (57038"
study_0010,"Bruins, H",2025,Radiocarbon Chronology,0.536,Isotope Geochemistry,0.455,Volcanology,0.397,Egypt,0.346,Sinai,0.26,Southern Levant,0.143,High,0.031,Low,0.02,Medium,-0.036,0.304,"Bruins, H.J.; van der Plicht, J. Bruins, Hendrik J. (6701689157); van der Plicht, Johannes (22973650100) 6701689157; 22973650100 The Minoan Thera eruption predates Pharaoh Ahmose: Radiocarbon dating o"
study_0011,"Berger, D",2031,Ceramic Analysis,0.335,Artifact Typology,0.316,Isotope Geochemistry,0.298,Sinai,0.279,Egypt,0.187,Southern Levant,0.115,High,-0.027,Medium,-0.035,Low,-0.058,0.196,"Berger, D.; Matta, V.; Ialongo, N.; Nørgaard, H.W.; Salis, G.; Brauns, M.; Holst, M.K.; Vandkilde, H. Berger, Daniel (56539352300); Matta, Valentina (57210551696); Ialongo, Nicola (55932387400); Nørga"
study_0012,"Zhou, T",1931,Archaeology,0.358,Radiocarbon Chronology,0.338,Isotope Geochemistry,0.293,Egypt,0.137,Southern Levant,0.13,Sinai,0.065,High,0.058,Medium,0.036,Low,0.0,0.184,"Zhou, T.; Hong, M.; Zuo, J.; Zhang, W.; Li, Y.; Li, C. Zhou, Tiancheng (59517314600); Hong, Meng (59516687600); Zuo, Jieyi (59517221700); Zhang, Wenrui (59963484300); Li, Yanxiang (54681931800); Li, C"
study_0014,"Pizzo, P",1806,Ceramic Analysis,0.344,Hydrology,0.307,Archaeology,0.302,Egypt,0.135,Sinai,0.085,Southern Levant,0.062,Medium,0.016,High,-0.016,Low,-0.025,0.165,"Pizzo, P.; Válek, J.; Frankeová, D. Pizzo, Paola (58950554700); Válek, Jan (7006071806); Frankeová, Dita (55453441300) 58950554700; 7006071806; 55453441300 Waterproof, hydraulic or natural hydraulic? "
study_0013,"Jacobson-Tepfer, E",2025,Archaeology,0.437,Geoarchaeology,0.428,Anthropology,0.392,Southern Levant,0.205,Egypt,0.188,Sinai,0.043,High,0.008,Medium,0.003,Low,-0.044,0.217,"Jacobson-Tepfer, E. Jacobson-Tepfer, Esther (56236834700) 56236834700 Wild yaks, domesticated yaks, and the emergence of transhumant pastoralism in the Mongolian Altai 2025 Archaeological Research in "
study_0015,"Kibaroǧlu, M",1863,Archaeology,0.326,Landscape Archaeology,0.277,Paleoclimatology,0.271,Southern Levant,0.235,Egypt,0.202,Sinai,0.173,High,0.032,Medium,0.02,Low,-0.003,0.197,"Kibaroǧlu, M.; Kozal, E.; Crewe, L.; Martin, M.A.S.; Hein, I.; Monien, P.; Bergoffen, C.J. Kibaroǧlu, Mustafa (55782645100); Kozal, Ekin (38162134800); Crewe, Lindy (23488510100); Martin, Mario A.S. ("
study_0016,"Pasterkiewicz, W",2025,Landscape Archaeology,0.496,Archaeology,0.452,Stratigraphy,0.449,Southern Levant,0.211,Egypt,0.148,Sinai,0.116,Low,0.053,High,0.053,Medium,-0.048,0.254,"Pasterkiewicz, W.; Gȩbica, P.; Sobucki, M. Pasterkiewicz, Wojciech (57226324417); Gȩbica, Piotr (7801588230); Sobucki, Mateusz (56993767900) 57226324417; 7801588230; 56993767900 Archaeolog i cal and g"
study_0018,"Kazarov, S",2027,Stratigraphy,0.264,Paleoclimatology,0.251,Historical Geography,0.223,Southern Levant,0.191,Egypt,0.08,Sinai,-0.001,Medium,0.008,High,-0.021,Low,-0.033,0.154,"Kazarov, S.S. Kazarov, Sarkis S. (57202787688) 57202787688 DODONA IN THE ERA OF ROMAN CONQUESTS (1st C. BC – 1st C. AD); ДОДОНА В ЭПОХУ РИМСКИХ ЗАВОЕВАНИЙ (I в. до н. э. – I в. н. э.) 2025 Vestnik Vol"
study_0017,"Popa, C",1931,Archaeology,0.484,Landscape Archaeology,0.406,Stratigraphy,0.402,Egypt,0.226,Southern Levant,0.207,Sinai,0.16,High,-0.004,Medium,-0.045,Low,-0.059,0.235,"Popa, C.I.; Toderescu, A. Popa, Cristian Ioan (55193165800); Toderescu, Alin (60052676800) 55193165800; 60052676800 ON PREHISTORIC PATHS AND MOUNTAIN ROUTES: METAL ARTEFACTS FROM THE HILLS AND MOUNTAI"
study_0019,"Poigt, T",1886,Radiocarbon Chronology,0.198,Stratigraphy,0.175,Paleoclimatology,0.171,Egypt,0.06,Sinai,-0.012,Southern Levant,-0.019,Medium,0.147,Low,0.041,High,0.004,0.135,"Poigt, T.; Gorgues, A.; Dumas, A. Poigt, Thibaud (57070359200); Gorgues, Alexis (57553188600); Dumas, Antoine (60036234400) 57070359200; 57553188600; 60036234400 Early evidence for capacity standardis"
study_0020,"Ferrandin, S",1861,Radiocarbon Chronology,0.401,Archaeology,0.344,Isotope Geochemistry,0.337,Southern Levant,0.088,Egypt,0.085,Sinai,0.068,High,0.027,Low,0.025,Medium,0.005,0.172,"Ferrandin, S.; Plunkett, G.; Britton, K.; Guiry, E.; Beglane, F. Ferrandin, Sarah (57506312100); Plunkett, Gill M. (7005870407); Britton, Kate (36027962100); Guiry, Eric J. (41861383400); Beglane, Fio"
study_0021,"Haubner, R",2025,Isotope Geochemistry,0.29,Ceramic Analysis,0.259,Artifact Typology,0.255,Sinai,0.013,Southern Levant,0.003,Egypt,-0.022,Medium,0.023,Low,-0.016,High,-0.081,0.109,"Haubner, R.; Strobl, S. Haubner, Roland (7006275670); Strobl, Susanne (6603922649) 7006275670; 6603922649 Investigations of Microstructural Changes in Tin Bronzes During Cremation 2025 Metallography, "
study_0022,"Galaitsi, S",2025,Paleoclimatology,0.274,Radiocarbon Chronology,0.243,Paleography,0.242,Sinai,0.074,Southern Levant,0.062,Egypt,0.061,High,0.071,Low,0.066,Medium,0.053,0.14,"Galaitsi, S.E.; Trump, B.D.; Cline, E.H.; Kitsak, M.; Linkov, I. Galaitsi, Stephanie E. (56780463400); Trump, Benjamin D. (55329862400); Cline, Eric H. (7003485588); Kitsak, Maksim A. (23004597400); L"
study_0023,"van der Veen, P",1940,Radiocarbon Chronology,0.434,Historical Geography,0.332,Isotope Geochemistry,0.323,Sinai,0.256,Southern Levant,0.252,Egypt,0.183,Medium,0.03,Low,-0.045,High,-0.046,0.24,"van der Veen, P.G.; Wallenfels, R.; James, P. van der Veen, Pieter Gert (57194065685); Wallenfels, Ronald (57211665078); James, Peter (60067847400) 57194065685; 57211665078; 60067847400 Assyria and th"
study_0024,"Aiestaran, M",1892,Volcanology,0.228,Epigraphy,0.165,Meta-Analysis,0.156,Southern Levant,0.159,Sinai,0.136,Egypt,0.064,High,0.087,Low,0.082,Medium,0.053,0.158,"Aiestaran, M.; Garcia-Garcia, E.; Narbarte-Hernandez, J.; Ruiz-González, D.; Mendizabal, O.; Principal, J.; Agirre-Mauleon, J.; Mujika-Alustiza, J.; Etxeberria, U.; Edeso, M.; Iriarte, E. Aiestaran, M"
study_0025,"Šálková, T",2000,Epigraphy,0.176,Stratigraphy,0.174,Isotope Geochemistry,0.119,Sinai,0.149,Egypt,0.084,Southern Levant,0.084,Low,0.093,High,0.086,Medium,0.078,0.139,"Šálková, T.; Budilová, K.; Kovárník, J.; Majer, A.; Novák, J.; Pavelka, J.; Strouhalová, B.; Vobejda, L.; Šťastný, O.; Kuna, M.; Chvojka, O. Šálková, Tereza (55956732000); Budilová, Kristýna (57208883"
study_0027,"Varfolomeev, V",2025,Radiocarbon Chronology,0.598,Isotope Geochemistry,0.457,Stratigraphy,0.389,Southern Levant,0.14,Egypt,0.136,Sinai,0.091,High,0.005,Medium,-0.005,Low,-0.027,0.248,"Varfolomeev, V.; Bedelbayeva, M. Varfolomeev, Viсtor V. (36992540600); Bedelbayeva, Marina Vasilyevna (57210929242) 36992540600; 57210929242 Radiocarbon chronology of Late/Final Bronze Age sites in Ce"
study_0026,"Öztürk, S",1894,Archaeology,0.324,Landscape Archaeology,0.268,Isotope Geochemistry,0.267,Sinai,0.18,Southern Levant,0.177,Egypt,0.135,High,0.044,Low,0.006,Medium,-0.082,0.183,"Öztürk, S.; Ekmen, F.G.; Ekmen, H.; Unal, E.M.; Er, A.; Keskin, E.; Arbuckle, B.S. Öztürk, Sükran (57213708286); Ekmen, F. Gülden (57217234495); Ekmen, Hamza (57217233160); Unal, Esra Mine (5718944338"
study_0028,"Barcsi, M",2025,Archaeology,0.362,Settlement Archaeology,0.358,Radiocarbon Chronology,0.288,Egypt,0.26,Southern Levant,0.198,Sinai,0.185,Low,0.046,High,0.019,Medium,0.007,0.223,"Barcsi, M. Barcsi, Marcell (58500045900) 58500045900 House architecture in the Early Iron Age fortified settlement of Dédestapolcsány-Verebce-bérc 2025 Acta Archaeologica Academiae Scientiarum Hungari"
study_0029,"Eshel, T",1946,Archaeology,0.367,Cognitive Archaeology,0.309,Radiocarbon Chronology,0.289,Southern Levant,0.408,Egypt,0.241,Sinai,0.237,Medium,-0.01,High,-0.032,Low,-0.049,0.255,"Eshel, T.; Erel, Y.; Yahalom-Mack, N.; Gilboa, A. Eshel, Tzilla (23090983400); Erel, Yigal (7004222436); Yahalom-Mack, Naama (54781946400); Gilboa, Ayelet (6603034742) 23090983400; 7004222436; 5478194"
study_0031,"Donnelly, C",2025,Archaeology,0.406,Paleography,0.396,Epigraphy,0.377,Southern Levant,0.309,Sinai,0.287,Egypt,0.253,Medium,0.146,High,0.033,Low,0.027,0.287,"Donnelly, C.M. Donnelly, Cassandra M. (59981602700) 59981602700 Too much writing, too few scribes: Extra-scribal writing in the late Bronze Age Mediterranean (1650-1100 BCE) 2025 1 204 0 10.32028/9781"
study_0030,"el-Alim, E",2045,Archaeology,0.378,Stratigraphy,0.301,Settlement Archaeology,0.298,Egypt,0.449,Sinai,0.387,Southern Levant,0.307,High,-0.003,Medium,-0.023,Low,-0.029,0.274,"el-Alim, E.A.; El-Maksoud, M.A. el-Alim, Elsayed Abd (59866328900); El-Maksoud, Mohamed Abd (57204506962) 59866328900; 57204506962 TELL HEBOUA (THARU): ANCIENT EGYPTIAN FORTIFICATIONS FROM THE SECOND "
study_0032,"Jeanty, A",2020,Meta-Analysis,0.159,Paleoclimatology,0.145,Paleobotany,0.13,Southern Levant,0.085,Sinai,-0.012,Egypt,-0.027,Low,0.101,Medium,0.088,High,0.086,0.115,"Jeanty, A.; Bouby, L.; Mureau, C.; D'Oliveira, L.; Dham, C.; Lecomte, C.; Bonhomme, V.; Ivorra, S.; Martinez, N.A.; Antolín, F.; Buxó, R.; Figueiral, I.; Hallavant, C.; López-Reyes, D.; Marinval, P.; "
study_0033,"Zazzo, A",1903,Isotope Geochemistry,0.288,Paleoclimatology,0.258,Stratigraphy,0.202,Southern Levant,0.113,Sinai,0.101,Egypt,0.052,High,0.023,Low,0.009,Medium,-0.019,0.141,"Zazzo, A.; Le Corre, M.; Lazzerini, N.; Marchina, C.; Bayarkhuu, N.; Bernard, V.; Cervel, M.; Fiorillo, D.; Joly, D.; Lemoine, M.; Télouk, P.; Thil, F.; Tsagaan, T.; Balter, V.; Coulon, A.; Lepetz, S."
study_0034,"Frère, A",2014,Epigraphy,0.308,Stratigraphy,0.282,Isotope Geochemistry,0.211,Sinai,0.115,Southern Levant,0.097,Egypt,0.045,Medium,0.057,Low,0.046,High,0.04,0.16,"Frère, A.; Löffelmann, T.; Veselka, B.; Stamataki, E.; Sengelov, A.; James, H.F.; De Mulder, G.; Claes, B.; de Backer, F.; Snoeck, C. Frère, Anneminne (58800373100); Löffelmann, Tessi (58088996900); V"
study_0035,"Ucchesu, M",2076,Epigraphy,0.214,Meta-Analysis,0.176,Paleoclimatology,0.155,Southern Levant,0.194,Sinai,0.125,Egypt,0.08,High,0.097,Medium,0.075,Low,0.073,0.168,"Ucchesu, M.; Ivorra, S.; Bonhomme, V.; Pastor, T.; Aranguren, B.; Bacchetta, G.; Bosi, G.; Cardarelli, A.; Depalmas, A.; de Zuccato, G.; Florenzano, A.; Gibaja-Bao, J.F.; Mariotti Lippi, M.M.; Mazzucc"
study_0036,"Chazin, H",2025,Archaeology,0.455,Paleoclimatology,0.419,Stratigraphy,0.407,Southern Levant,0.188,Egypt,0.17,Sinai,0.127,Medium,0.002,Low,-0.038,High,-0.066,0.215,"Chazin, H. Chazin, Hannah (56117911200) 56117911200 Herding in mountain pastures: diverse isotopic biographies across species in the Late Bronze Age South Caucasus 2025 Archaeological and Anthropologi"
study_0038,"Sharapov, D",2025,Archaeology,0.499,Settlement Archaeology,0.46,Landscape Archaeology,0.46,Southern Levant,0.238,Egypt,0.175,Sinai,0.105,Medium,0.062,High,-0.027,Low,-0.032,0.266,"Sharapov, D.V. Sharapov, Denis V. (57211686660) 57211686660 The tyranny of nomadic ethnography: Re-approaching Late Bronze Age (2100–1300 BCE) mobility in the central Eurasian steppes 2025 Journal of "
study_0039,"Humphrey, T",2025,Archaeology,0.441,Settlement Archaeology,0.393,Cognitive Archaeology,0.358,Egypt,0.279,Southern Levant,0.22,Sinai,0.164,Medium,0.063,Low,0.0,High,-0.001,0.261,"Humphrey, T.J.W. Humphrey, Thomas John William (60112250100) 60112250100 Ayios Iakovos-Dhima, Ideological Stake-Claiming, and Social Reproduction in Northeast Cyprus in the Late Bronze Age 2025 Near E"
study_0037,"Khubanova, A",2066,Isotope Geochemistry,0.217,Radiocarbon Chronology,0.204,Paleoclimatology,0.168,Southern Levant,0.087,Egypt,0.079,Sinai,0.036,Low,0.021,High,0.005,Medium,-0.007,0.108,"Khubanova, A.M.; Khubanov, V.B.; Miyagashev, D.A.; Dikiy, Y.V.; Bazarov, B.A.; Savchuk, O.V.; Smoleva, I.V. Khubanova, A. M. (57223841156); Khubanov, Valentin Borisovich (6507227953); Miyagashev, D. A"
study_0040,"Irvine, B",1900,Isotope Geochemistry,0.467,Paleoclimatology,0.458,Radiocarbon Chronology,0.439,Southern Levant,0.145,Egypt,0.136,Sinai,0.063,High,-0.027,Low,-0.046,Medium,-0.076,0.195,"Irvine, B.; Luke, C.; Çakirlar, C.; Kaner, T.; Özbal, R.; Fındıklar, Ş.; Roosevelt, C.H. Irvine, Benjamin (56556415100); Luke, Christina (23967769000); Çakirlar, Canan (54977661200); Kaner, Tunç (5939"
study_0041,"Kibaroǧlu, M",1863,Isotope Geochemistry,0.414,Archaeology,0.384,Radiocarbon Chronology,0.379,Egypt,0.211,Southern Levant,0.206,Sinai,0.177,High,-0.016,Medium,-0.017,Low,-0.031,0.203,"Kibaroǧlu, M.; Kozal, E.; Monien, P. Kibaroǧlu, Mustafa (55782645100); Kozal, Ekin (38162134800); Monien, Patrick (35186358100) 55782645100; 38162134800; 35186358100 Long-distance trade relations in t"
study_0042,"Powell, W",2021,Radiocarbon Chronology,0.463,Archaeology,0.404,Isotope Geochemistry,0.395,Southern Levant,0.084,Egypt,0.06,Sinai,0.037,Medium,0.032,Low,0.005,High,-0.005,0.193,"Powell, W.; Mathur, R.; Yener, K.A.; Johnson, M. Powell, Wayne G. (26431567900); Mathur, Ryan D. (7202180005); Yener, K. Aslihan (6506255690); Johnson, Michael (57190845045) 26431567900; 7202180005; 6"
study_0043,"Szczurek, G",2008,Archaeology,0.386,Settlement Archaeology,0.379,Stratigraphy,0.358,Southern Levant,0.142,Sinai,0.113,Egypt,0.11,Medium,0.029,Low,0.007,High,-0.013,0.186,"Szczurek, G.; Kowalski, Ł.; Stos-Gale, Z.A.; Kaczmarek, M.; Maas, R.; Woodhead, J. Szczurek, Grzegorz (56993808900); Kowalski, Łukasz (57162607700); Stos-Gale, Zofia Anna (6602480094); Kaczmarek, MacI"
study_0044,"Galindo-Pellicena, M",2095,Zooarchaeology,0.356,Paleoclimatology,0.307,Bioarchaeology,0.296,Southern Levant,0.215,Sinai,0.142,Egypt,0.127,High,0.062,Low,0.001,Medium,-0.004,0.211,"Galindo-Pellicena, M.A.; Pérez-Romero, A.; Iriarte, E.; de Gaspar, I.; Arsuaga, J.L.; Carretero Díaz, J.M. Galindo-Pellicena, Mª Ángeles (35490235100); Pérez-Romero, Amalia (55848436100); Iriarte, E. "
study_0045,"Lozić, E",2025,Archaeology,0.473,Landscape Archaeology,0.44,Settlement Archaeology,0.405,Egypt,0.241,Southern Levant,0.221,Sinai,0.209,Low,0.023,High,-0.002,Medium,-0.041,0.246,"Lozić, E.; Štular, B. Lozić, Edisa (42262168900); Štular, Benjamin (36560513500) 42262168900; 36560513500 Archaeological LiDAR in Mediterranean Karst Landscapes. A Multiproxy Dating Method for Archaeo"
study_0046,"Elena, K",2025,Archaeology,0.449,Radiocarbon Chronology,0.38,Stratigraphy,0.357,Egypt,0.176,Sinai,0.117,Southern Levant,0.108,High,0.052,Medium,0.037,Low,0.031,0.226,"Elena, K.A.; Dmitry, S.V. Elena, Karavashkina A. (59674915800); Dmitry, Semin V. (59675305300) 59674915800; 59675305300 STONE AND POTTERY ASSEMBLAGES OF THE LATE BRONZE AGE OF THE ISHKININO ARCHAEOLOG"
study_0047,"Fischer, P",2080,Archaeology,0.387,Cognitive Archaeology,0.351,Landscape Archaeology,0.28,Egypt,0.186,Sinai,0.173,Southern Levant,0.165,High,-0.022,Low,-0.056,Medium,-0.059,0.184,"Fischer, P.M.; Feldbacher, R.; Gasanova, S.; Hermon, S.; Lorentz, K.O.; Miyauchi, Y.; Orabi, R.; Vassallo, V. Fischer, Peter M. (57212080908); Feldbacher, Rainer (55325704600); Gasanova, Svetlana (571"
study_0048,"Özcan, A",1842,Archaeology,0.405,Landscape Archaeology,0.329,Bioarchaeology,0.325,Egypt,0.237,Southern Levant,0.191,Sinai,0.073,High,0.031,Medium,0.006,Low,0.002,0.224,"Özcan, A. Özcan, Ali (56448184200) 56448184200 A Group of Iron Age Fibulae From Hierapolis Archeology Museum; Hierapolis Arkeoloji Müzesinden Bir Grup Demir Çağı Fibulası 2025 Art-Sanat Dergisi 23 20 "
study_0049,"Chang, Y",2025,Anthropology,0.293,Epigraphy,0.271,Cultural Memory,0.271,Southern Levant,0.119,Egypt,0.111,Sinai,-0.014,Medium,0.12,High,0.016,Low,-0.004,0.177,"Chang, Y. Chang, Yan (59514989900) 59514989900 Research on the art of saddle felt applique of the Pazyryk culture in the Altai region; 阿尔泰地区巴泽雷克文化马鞍毛毡贴花艺术研究 2025 Journal of Silk 62 1 101 109 0 10.3969"
study_0051,"Zangani, F",1922,Archaeology,0.471,Cognitive Archaeology,0.357,Landscape Archaeology,0.348,Egypt,0.532,Sinai,0.362,Southern Levant,0.282,Medium,-0.024,High,-0.079,Low,-0.103,0.326,"Zangani, F. Zangani, Federico (57192233234) 57192233234 Amarna in Global History and as a Global City 2025 Journal of Egyptian Archaeology 03075133251348473 0 10.1177/03075133251348473 https://www.sco"
study_0050,"Standall, E",2025,Archaeology,0.282,Zooarchaeology,0.26,Bioarchaeology,0.233,Egypt,0.175,Southern Levant,0.152,Sinai,0.113,High,0.061,Medium,0.053,Low,0.031,0.173,"Standall, E.A.; Craig, O.E.; Kneisel, J.; Müller, J.; Kirleis, W.; Czebreszuk, J.; Heron, C. Standall, Edward A. (57223126265); Craig, Oliver Edward (7004388517); Kneisel, Jutta (55627403500); Müller,"
study_0052,"Diffey, C",1989,Epigraphy,0.271,Archaeology,0.268,Cognitive Archaeology,0.245,Sinai,0.286,Egypt,0.184,Southern Levant,0.182,High,0.103,Low,0.089,Medium,0.082,0.22,"Diffey, C.; Styring, A.; Orengo, H.A.; Athanassiadou, A.; Bessios, M.; Morris, S.; Noulas, K.; Papadopoulos, J.; Livarda, A. Diffey, Charlotte (56563138900); Styring, Amy K. (35198947700); Orengo, Hec"
study_0053,"Gil Fuensanta, J",2025,Archaeology,0.339,Paleoclimatology,0.337,Historical Geography,0.329,Southern Levant,0.27,Sinai,0.199,Egypt,0.18,Medium,0.057,High,0.032,Low,-0.002,0.222,"Gil Fuensanta, J.; Mederos Martín, A.; Muminov, O. Gil Fuensanta, Jesús (60004610200); Mederos Martín, Alfredo (60004117400); Muminov, Otabek Uktamovich (57213264195) 60004610200; 60004117400; 5721326"
study_0054,"Sörman, A",1940,Radiocarbon Chronology,0.407,Archaeology,0.377,Stratigraphy,0.357,Southern Levant,0.09,Sinai,0.06,Egypt,0.028,Medium,0.024,Low,-0.014,High,-0.022,0.174,"Sörman, A.; Ojala, K. Sörman, Anna (57194088515); Ojala, Karin (57219149018) 57194088515; 57219149018 The final stages of the Nordic Bronze Age – Chronology, definition and research issues.; Den nordi"
study_0055,"Turk, P",1921,Archaeology,0.457,Radiocarbon Chronology,0.451,Stratigraphy,0.395,Egypt,0.184,Southern Levant,0.13,Sinai,0.091,High,0.019,Medium,0.009,Low,-0.002,0.22,"Turk, P.; Heath, D.J.; Zuliani, T. Turk, Peter (57210767523); Heath, David J. (57192180202); Zuliani, Tea (23480751000) 57210767523; 57192180202; 23480751000 The Urnfield period Dragomelj I hoard: arc"
study_0056,"de Castro, G",2051,Radiocarbon Chronology,0.36,Isotope Geochemistry,0.333,Archaeology,0.321,Southern Levant,0.2,Sinai,0.129,Egypt,0.117,Medium,0.069,High,0.028,Low,0.014,0.21,"de Castro, G.D.; Fabián García, J.F.; Montero-Ruiz, I. de Castro, Germán Delibes (57205185941); Fabián García, José Francisco (55349843900); Montero-Ruiz, Ignacio (59663036000) 57205185941; 5534984390"
study_0057,"Valles-Iriso, J",1940,Landscape Archaeology,0.488,Geoarchaeology,0.461,Stratigraphy,0.457,Southern Levant,0.251,Sinai,0.108,Egypt,0.094,High,0.033,Low,0.006,Medium,-0.017,0.257,"Valles-Iriso, J.; Herranz-Rodrigo, D.; Ortiz Nieto-Márquez, I. Valles-Iriso, Javier (57194033066); Herranz-Rodrigo, Darío (57219414794); Ortiz Nieto-Márquez, Irene (59988499500) 57194033066; 572194147"
study_0058,"Ankushev, M",1933,Stratigraphy,0.385,Archaeology,0.334,Isotope Geochemistry,0.323,Egypt,0.151,Sinai,0.144,Southern Levant,0.13,High,0.02,Low,0.017,Medium,-0.011,0.186,"Ankushev, M.N.; Fayzullin, I.A. Ankushev, Maksim N. (57193349595); Fayzullin, Ildar A. (59983439100) 57193349595; 59983439100 METALLURGICAL SLAGS AND METALWORKING OF THE ORENBURG FORE-URALS LATE BRONZ"
study_0059,"Ovsyannikov, V",2044,Paleography,0.436,Stratigraphy,0.41,Paleoclimatology,0.404,Egypt,0.122,Southern Levant,0.114,Sinai,0.071,Low,0.039,High,0.031,Medium,0.03,0.199,"Ovsyannikov, V.V. Ovsyannikov, Vladimir V. (57204462442) 57204462442 THE EXPERIENCE OF PALEOECOLOGICAL STUDY OF IRON AGE SETTLEMENTS IN THE FOREST-STEPPE FORE-URALS; ОПЫТ ПАЛЕОЭКОЛОГИЧЕСКОГО ИЗУЧЕНИЯ "
study_0061,"Novikov, A",2066,Archaeology,0.409,Settlement Archaeology,0.394,Stratigraphy,0.324,Egypt,0.124,Southern Levant,0.102,Sinai,0.048,Low,0.058,Medium,0.055,High,0.052,0.197,"Novikov, A.V. Novikov, Aleksandr V. (57206698622) 57206698622 NET-IMPRESSED POTTERY OF VOZNESENSKOYE I SETTLEMENT: FROM THE LATE BRONZE AGE TO THE EARLY IRON AGE; СЕТЧАТАЯ КЕРАМИКА ПОСЕЛЕНИЯ ВОЗНЕСЕНС"
study_0060,"Niebieszczański, J",2020,Epigraphy,0.202,Stratigraphy,0.162,Paleoclimatology,0.16,Southern Levant,0.059,Sinai,0.034,Egypt,0.026,High,0.046,Low,0.043,Medium,0.011,0.102,"Niebieszczański, J.; Lis, B.; Batziou, A.; Hildebrandt-Radke, I.; Veropoulidou, R.; Herbich, T.; Ryndziewicz, R.; Rzodkiewicz, M.; Wochal, D.; Domańska-Siuda, J. Niebieszczański, Jakub (57202014001); "
study_0062,"Novikova, O",2025,Radiocarbon Chronology,0.412,Stratigraphy,0.364,Isotope Geochemistry,0.364,Sinai,0.135,Egypt,0.12,Southern Levant,0.115,Medium,0.043,Low,0.035,High,0.029,0.197,"Novikova, O.V. Novikova, Olga V. (59774535600) 59774535600 FIELD STUDY OF THE LATE BRONZE AGE - EARLY IRON AGE SITES IN THE SURROUNDINGS OF LAKE GALICHSKOYE IN THE FIRST QUARTER OF THE XXI CENTURY; ПО"
study_0063,"Omarov, G",1926,Paleoclimatology,0.403,Stratigraphy,0.383,Radiocarbon Chronology,0.357,Egypt,0.204,Southern Levant,0.152,Sinai,0.125,High,0.07,Low,0.036,Medium,-0.003,0.226,"Omarov, G.; Besetayev, B.; Zharylgassynova, B.; Shagirbayev, M.; Zhumatayev, R. Omarov, Gani (57192670652); Besetayev, B. B. (57196189999); Zharylgassynova, Bibinur (59518690200); Shagirbayev, Mambet "
study_0064,"Jazwa, K",1928,Archaeology,0.385,Cognitive Archaeology,0.363,Settlement Archaeology,0.325,Egypt,0.117,Southern Levant,0.108,Sinai,0.087,Medium,0.034,High,0.002,Low,-0.015,0.179,"Jazwa, K. Jazwa, Kyle A. (57192803623) 57192803623 Intra-Cross-Craft Interaction and Cross-Craft Interaction in the Architectural Domain from the Bronze Age to Archaic Period in Mainland Greece 2024 S"
study_0065,"de Benedictis, E",2024,Archaeology,0.572,Settlement Archaeology,0.5,Landscape Archaeology,0.487,Southern Levant,0.235,Egypt,0.211,Sinai,0.193,Medium,0.014,High,0.014,Low,-0.037,0.274,"de Benedictis, E.; Meneghetti, F. de Benedictis, Enrico (59532854600); Meneghetti, Francesca (59533447300) 59532854600; 59533447300 Dealing with and Analyzing Legacy Data: An Interdisciplinary, GIS-ba"
study_0066,"Töyräänvuori, J",1946,Archaeology,0.359,Historical Geography,0.327,Geoarchaeology,0.326,Southern Levant,0.461,Egypt,0.324,Sinai,0.284,Medium,0.07,High,0.029,Low,0.017,0.297,"Töyräänvuori, J. Töyräänvuori, Joanna (57194698069) 57194698069 Cuneiform Alphabetic Texts Outside of Ugarit: Evidence for an Overland Trade Network in the LBA Levant? 2024 Studia Antiqua et Archaeolo"
study_0067,"Perelló Mateo, L",1952,Archaeology,0.403,Settlement Archaeology,0.348,Landscape Archaeology,0.342,Southern Levant,0.109,Egypt,0.071,Sinai,0.035,Medium,0.043,Low,-0.015,High,-0.015,0.185,"Perelló Mateo, L.; Llull Estarellas, B.; Calvo-Trias, M. Perelló Mateo, Laura (57226195237); Llull Estarellas, Bartomeu (57226187604); Calvo-Trias, Manuel (54891340100) 57226195237; 57226187604; 54891"
study_0068,"Meier, J",1890,Archaeology,0.374,Paleoclimatology,0.328,Cognitive Archaeology,0.308,Egypt,0.122,Sinai,0.082,Southern Levant,0.048,Medium,-0.066,Low,-0.066,High,-0.072,0.143,"Meier, J.S.; Pliatsika, V.; Shelton, K. Meier, Jacqueline S. (56704425800); Pliatsika, Vassiliki (57222326185); Shelton, Kim S. (57189093965) 56704425800; 57222326185; 57189093965 The earliest evidenc"
study_0069,"Orfanou, E",1904,Epigraphy,0.3,Archaeology,0.219,Paleography,0.191,Sinai,0.219,Southern Levant,0.158,Egypt,0.127,High,0.093,Low,0.081,Medium,0.046,0.204,"Orfanou, E.; Zach, B.; Rohrlach, A.B.; Schneider, F.N.; Paust, E.; Lucas, M.; Hermes, T.; Ilgner, J.; Scott, E.; Ettel, P.; Haak, W.; Spengler, R.; Roberts, P. Orfanou, Eleftheria (58899493700); Zach,"
study_0071,"Timonen, R",2024,Landscape Archaeology,0.345,Archaeology,0.334,Historical Geography,0.334,Southern Levant,0.201,Egypt,0.163,Sinai,0.138,Medium,0.036,Low,0.009,High,-0.038,0.194,"Timonen, R.E. Timonen, Riia Elina (59453436900) 59453436900 Plain of plenty: Farming practices, food production, and the agricultural potential of the Late Bronze Age (1600-1200 BCE) Argive Plain, Gre"
study_0070,"Ghalichi, A",1916,Meta-Analysis,0.205,Artifact Typology,0.128,Epigraphy,0.123,Southern Levant,0.042,Sinai,0.018,Egypt,-0.066,Medium,0.029,High,0.021,Low,0.005,0.092,"Ghalichi, A.; Reinhold, S.; Rohrlach, A.B.; Kalmykov, A.A.; Childebayeva, A.; Yu, H.; Aron, F.; Semerau, L.; Bastert-Lamprichs, K.; Belinskiy, A.B.; Berezina, N.Y.; Berezin, Y.B.; Broomandkhoshbacht, "
study_0072,"Apostolou, G",2042,Geoarchaeology,0.389,Settlement Archaeology,0.377,Historical Geography,0.376,Southern Levant,0.228,Egypt,0.193,Sinai,0.141,High,0.05,Low,0.041,Medium,0.006,0.222,"Apostolou, G.; Venieri, K.; Mayoral, A.; Dimaki, S.; Garcia-Molsosa, A.; Georgiadis, M.; Orengo, H.A. Apostolou, Giannis (58107204200); Venieri, Konstantina (58860442900); Mayoral, Alfredo (5719340558"
study_0073,"Capuzzo, G",1820,Radiocarbon Chronology,0.376,Stratigraphy,0.359,Paleography,0.337,Southern Levant,0.19,Sinai,0.179,Egypt,0.153,High,0.038,Medium,-0.004,Low,-0.034,0.201,"Capuzzo, G.; Stamataki, E.; Beck De Lotto, M.A.B.; Pettarin, S.; Claeys, P.; Mattielli, N.; Tasca, G.; Snoeck, C. Capuzzo, Giacomo (56149976600); Stamataki, Elisavet (57221132638); Beck De Lotto, Mich"
study_0075,"da Cruz, A",2024,Archaeology,0.47,Bioarchaeology,0.379,Paleoclimatology,0.377,Southern Levant,0.177,Egypt,0.172,Sinai,0.151,Medium,0.03,High,0.0,Low,-0.007,0.226,"da Cruz, A.R.G.P. da Cruz, Ana Rosa Gomes Pinto (58474723200) 58474723200 The archaeology of death in the Abrantes region during the Final Bronze Age (13th - 8th centuries BC): the necropolis of tumul"
study_0074,"Sharko, F",2051,Meta-Analysis,0.257,Paleoclimatology,0.122,Artifact Typology,0.119,Southern Levant,-0.011,Egypt,-0.011,Sinai,-0.014,Medium,0.018,High,0.001,Low,-0.015,0.088,"Sharko, F.S.; Boulygina, E.S.; Tsygankova, S.V.; Slobodova, N.V.; Rastorguev, S.M.; Krasivskaya, A.A.; Belinsky, A.B.; Härke, H.; Kadieva, A.A.; Demidenko, S.V.; Malashev, V.Y.; Shvedchikova, T.Y.; Do"
study_0076,"Ollard, I",2024,Radiocarbon Chronology,0.34,Paleoclimatology,0.309,Stratigraphy,0.303,Sinai,0.071,Southern Levant,0.065,Egypt,0.032,Low,0.038,High,-0.002,Medium,-0.011,0.15,"Ollard, I.; Ballantyne, R.; Aldridge, D. Ollard, Isobel S. (57222964550); Ballantyne, Rachel M. (26034543400); Aldridge, David C. (23062911400) 57222964550; 26034543400; 23062911400 Freshwater Mussel "
study_0077,"Daems, D",2024,Settlement Archaeology,0.418,Landscape Archaeology,0.405,Archaeology,0.391,Southern Levant,0.162,Egypt,0.13,Sinai,0.056,Low,0.003,High,-0.007,Medium,-0.043,0.194,"Daems, D.; Vandam, R. Daems, Dries (57210930755); Vandam, Ralf (55782474100) 57210930755; 55782474100 Tracing adaptive cycles and resilience strategies within the Sagalassos settlement record, SW Türk"
study_0078,"Mussayeva, R",1856,Isotope Geochemistry,0.391,Geoarchaeology,0.376,Paleoclimatology,0.342,Egypt,0.157,Southern Levant,0.122,Sinai,0.111,High,0.068,Low,0.018,Medium,0.009,0.206,"Mussayeva, R.; Sakenov, S.; Bilyalova, G. Mussayeva, R. S. (57211791856); Sakenov, Sergazy (57200639306); Bilyalova, G. D. (57200226726) 57211791856; 57200639306; 57200226726 Metal objects from the su"
study_0079,"Renette, S",2042,Archaeology,0.527,Settlement Archaeology,0.454,Landscape Archaeology,0.396,Southern Levant,0.215,Sinai,0.179,Egypt,0.165,High,0.007,Low,0.001,Medium,-0.024,0.249,"Renette, S.; Tomé, A.; Lewis, M.P.; Qadir, Z.A. Renette, Steve (57204220600); Tomé, André (57233004000); Lewis, Michael P. (57218555842); Qadir, Zana Abdullkarim (59678387900) 57204220600; 57233004000"
study_0080,"Fritzl, M",1928,Archaeology,0.502,Settlement Archaeology,0.434,Landscape Archaeology,0.405,Southern Levant,0.22,Sinai,0.129,Egypt,0.117,High,0.015,Medium,-0.01,Low,-0.014,0.246,"Fritzl, M.; Waltenberger, L.; James, H.F.; Snoeck, C.; Rebay-Salisbury, K. Fritzl, Michaela (57490740000); Waltenberger, Lukas (57192836119); James, Hannah F. (57201449597); Snoeck, Christophe (561496"
study_0081,"Putzer, A",2024,Archaeology,0.474,Landscape Archaeology,0.463,Stratigraphy,0.455,Southern Levant,0.351,Sinai,0.196,Egypt,0.181,High,0.049,Low,0.011,Medium,0.004,0.291,"Putzer, A. Putzer, Andreas (35769822700) 35769822700 Mapping a peripheral landscape: The Bronze Age transformation at Schnals Valley (South Tyrol/Italy) 2024 Holocene 34 9 1329 1340 0 10.1177/09596836"
study_0082,"Trubitsyna, E",2024,Paleoclimatology,0.529,Paleography,0.49,Stratigraphy,0.449,Southern Levant,0.149,Sinai,0.095,Egypt,0.081,High,0.021,Medium,0.021,Low,0.009,0.233,"Trubitsyna, E.D.; Ryabogina, N.E.; Zelenkova, R.R. Trubitsyna, E. D. (59369686800); Ryabogina, N. E. (35746887200); Zelenkova, R. R. (59370139800) 59369686800; 35746887200; 59370139800 Reconstruction "
study_0083,"Reinhold, S",2059,Epigraphy,0.25,Isotope Geochemistry,0.225,Radiocarbon Chronology,0.216,Sinai,0.115,Southern Levant,0.11,Egypt,0.031,High,0.057,Low,0.038,Medium,0.008,0.141,"Reinhold, S.; Eger, J.; Benecke, N.; Knipper, C.; Mariaschk, D.; Hansen, S.; Pichler, S.L.; Gerling, C.; Buzhilova, A.P.; Mishina, T.A.; Korobov, D.S.; Belinskiy, A.B. Reinhold, Sabine (26034841000); "
study_0084,"Losaberidze, L",1955,Geoarchaeology,0.369,Archaeology,0.357,Settlement Archaeology,0.346,Southern Levant,0.353,Egypt,0.29,Sinai,0.218,Medium,0.069,Low,-0.005,High,-0.03,0.264,"Losaberidze, L.; Kirkitadze, G.; Akhalaia, M.; Lobjanidze, M.; Zimmerman, M.; Elashvili, M. Losaberidze, Levan (57795838200); Kirkitadze, Giorgi (57195519789); Akhalaia, Mate (57900649300); Lobjanidze"
study_0085,"Gur-Arie, S",2037,Epigraphy,0.188,Isotope Geochemistry,0.188,Radiocarbon Chronology,0.184,Sinai,0.068,Southern Levant,0.044,Egypt,0.035,High,0.088,Low,0.083,Medium,0.05,0.115,"Gur-Arie, S.; Eisenmann, S.; Henry, A.G.; Lucas, M.; Lenz, D.; Paxinos, P.; Weber, H.; Morandi, L.F.; Stone, J.R.; Schultz, M.; Roberts, P.; Stockhammer, P.W. Gur-Arie, Shira (55270261700); Eisenmann,"
study_0086,"Epimakhov, A",1933,Epigraphy,0.218,Comparative Mythology,0.196,Meta-Analysis,0.162,Sinai,0.081,Egypt,0.076,Southern Levant,0.052,Medium,0.033,High,-0.003,Low,-0.019,0.11,"Epimakhov, A.V.; Ankushev, M.N.; Ankusheva, P.S.; Artemyev, D.A.; Blinov, I.A.; Kiseleva, D.V.; Kitov, E.P.; Chechushkov, I.V.; Vinogradov, N.B. Epimakhov, Andrey Vladimirovich (16642379500); Ankushev"
study_0087,"Chen, G",2056,Epigraphy,0.226,Isotope Geochemistry,0.216,Stratigraphy,0.173,Southern Levant,0.103,Sinai,0.1,Egypt,0.064,Medium,0.053,High,0.047,Low,0.038,0.127,"Chen, G.; Zhou, X.; Khasanov, M.; Ma, J.; Liu, J.; Shen, H.; Zhao, K.; Ma, J.; Shukirilloyevich, N.; Wang, J.; Askarov, A.; Li, X. Chen, Guanhan (57214932370); Zhou, Xingying (16680496100); Khasanov, "
study_0088,"Hermon, S",1859,Comparative Mythology,0.392,Archaeology,0.379,Bioarchaeology,0.332,Sinai,0.177,Egypt,0.167,Southern Levant,0.143,High,0.027,Medium,-0.016,Low,-0.028,0.198,"Hermon, S.; Orabi, R.; Vassallo, V.; Polig, M.; MacGillivray, J.A.; Driessen, J. Hermon, Sorin (55418591100); Orabi, Rahaf (57219467227); Vassallo, Valentina (57216850180); Polig, Martina (57202500911"
study_0090,Corrigendum to: Un exemplaire inédit de menotte conservé au Musée de Berlin (ÄM 15130) (The Journal of Egyptian Archaeol,2022,Archaeology,0.448,Cognitive Archaeology,0.354,Stratigraphy,0.332,Egypt,0.518,Sinai,0.35,Southern Levant,0.255,Medium,-0.03,High,-0.056,Low,-0.089,0.312,"Corrigendum to: Un exemplaire inédit de menotte conservé au Musée de Berlin (ÄM 15130) (The Journal of Egyptian Archaeology, (2022), 108, 1-2, (205-211), 10.1177/03075133221117169) 2024 Journal of Egy"
study_0089,"Gil Orduña, E",2083,Radiocarbon Chronology,0.578,Isotope Geochemistry,0.391,Paleoclimatology,0.286,Southern Levant,0.319,Sinai,0.114,Egypt,0.091,Low,0.049,Medium,0.048,High,0.009,0.315,"Gil Orduña, E. Gil Orduña, Enrique (59208310600) 59208310600 A Bayesian Statistical Reassessment of Levantine Late Iron Age I Radiocarbon Data; Una reevaluación estadística bayesiana de las fechas 14C"
study_0091,"Berger, L",2024,Archaeology,0.31,Epigraphy,0.309,Stratigraphy,0.293,Southern Levant,0.08,Egypt,0.036,Sinai,0.009,Medium,0.08,Low,0.014,High,-0.034,0.157,"Berger, L.; Forstenpointner, G.; Frühauf, P.; Kanz, F. Berger, Lydia (59169270900); Forstenpointner, Gerhard (6602167166); Frühauf, Peter (54393093900); Kanz, Fabian (6507848270) 59169270900; 66021671"
study_0092,"Fuller, B",2024,Paleoclimatology,0.259,Bioarchaeology,0.256,Radiocarbon Chronology,0.236,Southern Levant,0.412,Sinai,0.146,Egypt,0.106,Medium,-0.003,High,-0.014,Low,-0.041,0.223,"Fuller, B.T.; Riehl, S.; Linseele, V.; Marinova, E.; De Cupere, B.; Bretschneider, J.; Richards, M.P.; Van Neer, W. Fuller, Benjamin T. (7102974742); Riehl, Simone (6603653900); Linseele, Veerle (2293"
study_0093,"Powell, W",2024,Archaeology,0.433,Radiocarbon Chronology,0.414,Landscape Archaeology,0.378,Egypt,0.059,Southern Levant,0.056,Sinai,-0.034,Low,0.016,Medium,-0.03,High,-0.036,0.169,"Powell, W.; Barjamovic, G.; Pulak, C. Powell, Wayne G. (26431567900); Barjamovic, Gojko (56690377600); Pulak, Cemal (35764691700) 26431567900; 56690377600; 35764691700 Copper for the early oxhide ingo"
study_0094,"Lidour, K",2049,Archaeology,0.49,Cognitive Archaeology,0.44,Landscape Archaeology,0.379,Southern Levant,0.329,Sinai,0.307,Egypt,0.29,Medium,0.012,High,-0.014,Low,-0.065,0.277,"Lidour, K.; Cuenca-Solana, D.; Marquínez, J.S.; Cimentada, A.C.; Charpentier, V.; Méry, S. Lidour, Kevin (57204904457); Cuenca-Solana, David (55668258700); Marquínez, Jesús Setién (58956321500); Cimen"
study_0095,"Coppini, C",2024,Ceramic Analysis,0.5,Radiocarbon Chronology,0.398,Isotope Geochemistry,0.331,Egypt,0.213,Southern Levant,0.2,Sinai,0.19,Medium,0.054,Low,0.02,High,-0.002,0.256,"Coppini, C. Coppini, Costanza (59128661400) 59128661400 The Late Bronze and early iron age ceramic sequence at Tell Fekheriye (Syria) 2024 2 1 1136 0 10.1515/9783111075303 https://www.scopus.com/inwar"
study_0096,"Parkhomenko, V",2064,Bioarchaeology,0.345,Zooarchaeology,0.309,Radiocarbon Chronology,0.285,Sinai,0.131,Egypt,0.107,Southern Levant,0.049,Medium,0.066,High,0.055,Low,0.045,0.181,"Parkhomenko, V.; Bobina, O.; Shapovalova, I. Parkhomenko, Vladyslav A. (58484130300); Bobina, Oleg (59206455500); Shapovalova, Iryna S. (57224253445) 58484130300; 59206455500; 57224253445 SOUTH OF UKR"
study_0099,"Feldbacher, R",2080,Archaeology,0.467,Stratigraphy,0.389,Settlement Archaeology,0.383,Southern Levant,0.255,Egypt,0.203,Sinai,0.152,Medium,0.002,High,-0.015,Low,-0.031,0.241,"Feldbacher, R.; Alvarez, L.E.; Miyauchi, Y.; Lorentz, K.O.; Fischer, P.M. Feldbacher, Rainer (55325704600); Alvarez, Laura Elisabeth (58484613800); Miyauchi, Yuko (57223349179); Lorentz, Kirsi O. (562"
study_0097,"Flouris, A",2090,Epigraphy,0.297,Stratigraphy,0.281,Landscape Archaeology,0.25,Southern Levant,0.22,Egypt,0.19,Sinai,0.182,High,0.092,Low,0.08,Medium,0.057,0.203,"Flouris, A.D.; Petmezas, S.B.; Asimoglou, P.I.; Vale, J.P.; Sotto Mayor, T.S.; Giakas, G.; Jamurtas, A.Z.; Koutedakis, Y.; Wardle, K.; Wardle, D. Flouris, Andreas D. (8446310300); Petmezas, Stavros B."
study_0098,"Breu, A",1945,Radiocarbon Chronology,0.347,Paleoclimatology,0.306,Paleography,0.296,Southern Levant,0.086,Egypt,0.038,Sinai,0.0,High,0.019,Low,0.003,Medium,-0.022,0.151,"Breu, A.; Risch, R.; Molina, E.; Friederich, S.; Meller, H.; Knoll, F. Breu, Adrià (57194555050); Risch, Roberto (6602556151); Molina, Elena (57194689172); Friederich, Susanne (6507951842); Meller, Ha"
study_0100,"Manning, S",2024,Radiocarbon Chronology,0.596,Isotope Geochemistry,0.462,Paleoclimatology,0.424,Sinai,0.193,Southern Levant,0.192,Egypt,0.144,Low,0.015,High,0.005,Medium,-0.04,0.268,"Manning, S.W. Manning, Sturt W. (7103371157) 7103371157 Problems of Dating Spread on Radiocarbon Calibration Curve Plateaus: The 1620-1540 BC Example and the Dating of the Therasia Olive Shrub Samples"
study_0101,"Atkins, R",2060,Settlement Archaeology,0.531,Archaeology,0.49,Landscape Archaeology,0.435,Southern Levant,0.178,Egypt,0.104,Sinai,0.096,Low,-0.01,High,-0.013,Medium,-0.033,0.233,"Atkins, R.; Meadows, I. Atkins, Rob (26646248800); Meadows, Ian (16027206000) 26646248800; 16027206000 Neolithic pits, late bronze age/early iron age pit alignments and iron age to Roman settlements a"
study_0102,"Ortler, M",1936,Paleoclimatology,0.43,Paleography,0.387,Stratigraphy,0.384,Southern Levant,0.186,Egypt,0.079,Sinai,0.078,High,0.081,Low,0.046,Medium,0.038,0.232,"Ortler, M.; Brauer, A.; Fabbri, S.C.; Haas, J.N.; Hajdas, I.; Kowarik, K.; Kueck, J.; Reschreiter, H.; Strasser, M. Ortler, Marcel (57217529867); Brauer, Achim (7006171205); Fabbri, Stefano Claudio (5"
study_0103,"Kulkova, M",1912,Isotope Geochemistry,0.545,Radiocarbon Chronology,0.416,Stratigraphy,0.395,Sinai,0.144,Egypt,0.142,Southern Levant,0.141,Medium,0.008,Low,-0.014,High,-0.047,0.232,"Kulkova, M.A.; Kashuba, M.T.; Kozhukhovskaya, Y.V.; Tikhomirov, V.A.; Kul’kov, A.M. Kulkova, Marianna A. (57221495216); Kashuba, Maya T. (57191206599); Kozhukhovskaya, Yulia V. (58727819100); Tikhomir"
study_0104,"Bruyere, C",1992,Meta-Analysis,0.178,Epigraphy,0.145,Paleoclimatology,0.131,Sinai,0.138,Southern Levant,0.085,Egypt,0.061,Medium,0.114,High,0.11,Low,0.089,0.144,"Bruyere, C.; Daly, J.S.; van Acken, D.; Jovanović, D.; Orfanou, V.; Frankovic, F.; Spasič, M.; Koledin, J.; Molloy, B. Bruyere, Caroline (57215905977); Daly, J. Stephen (7401992561); van Acken, David "
study_0105,"Väli, V",2024,Stratigraphy,0.304,Epigraphy,0.287,Isotope Geochemistry,0.251,Sinai,0.202,Southern Levant,0.19,Egypt,0.171,High,0.067,Low,0.064,Medium,0.017,0.191,"Väli, V.; Vassiljev, J.; Alliksaar, T.; Blaus, A.; Kama, P.; Kihno, K.; Põldmaa, M.; Saarse, L.; Tomson, P.; Poska, A. Väli, Vivika (56152024200); Vassiljev, Jüri (56055965500); Alliksaar, Tiiu (66032"
study_0106,"Cordivari, B",1968,Archaeology,0.487,Settlement Archaeology,0.448,Cognitive Archaeology,0.41,Southern Levant,0.082,Egypt,0.073,Sinai,0.017,Medium,0.038,Low,-0.032,High,-0.071,0.202,"Cordivari, B.W.; Boileau, M.-C. Cordivari, Braden W. (57919689500); Boileau, Marie Claude (35387539200) 57919689500; 35387539200 Characterizing the manufacturing practices of Late Bronze Age White sli"
study_0107,"Heywood, S",2036,Paleoclimatology,0.304,Paleography,0.28,Radiocarbon Chronology,0.274,Southern Levant,0.135,Egypt,0.094,Sinai,-0.04,High,0.038,Medium,0.038,Low,0.002,0.159,"Heywood, S.; Spate, M.; Betts, A.; Weiming Jia, P.; Fairbairn, A. Heywood, Sullivan (58740203600); Spate, Michael (57192892810); Betts, Alison V.G. (7103246977); Weiming Jia, Peter Weiming (3551969180"
study_0109,"Rotunno, R",1814,Epigraphy,0.294,Archaeology,0.285,Paleoclimatology,0.28,Sinai,0.248,Egypt,0.237,Southern Levant,0.22,High,0.077,Low,0.021,Medium,0.004,0.206,"Rotunno, R.; Aouadi, N.; Gharbi, A.; Cancellieri, E.; Cafieri, D.; Di Matteo, M.D.; Kerkeni, H.; Micarelli, I.; di Lernia, S. Rotunno, Rocco (57210112403); Aouadi, Nabiha (55807443100); Gharbi, Amir ("
study_0108,"Paladugu, R",2024,Epigraphy,0.299,Isotope Geochemistry,0.284,Stratigraphy,0.283,Southern Levant,0.238,Egypt,0.221,Sinai,0.219,High,0.058,Low,0.035,Medium,-0.006,0.199,"Paladugu, R.; Celant, A.; Jha, G.; Di Rita, F.; de Sousa, E.; Arruda, A.M.; Maurer, A.-F.; Magri, D.; Barrocas Dias, C. Paladugu, Roshan (58042805300); Celant, Alessandra (6506297592); Jha, Gopesh (58"
study_0110,"Butyagin, A",2081,Archaeology,0.457,Stratigraphy,0.367,Settlement Archaeology,0.362,Egypt,0.141,Sinai,0.125,Southern Levant,0.113,High,0.025,Medium,-0.008,Low,-0.015,0.208,"Butyagin, A.; Kolosov, V.; Giblova, A.; Milikhina, N. Butyagin, Alexander M. (37105605700); Kolosov, Vladimir Pavlovich (57208115040); Giblova, Anastasiya (59553186800); Milikhina, Nadezhda (595072217"
study_0111,"Kulkova, M",1912,Radiocarbon Chronology,0.374,Isotope Geochemistry,0.35,Paleoclimatology,0.338,Southern Levant,0.133,Sinai,0.119,Egypt,0.115,Medium,0.009,High,0.008,Low,-0.008,0.172,"Kulkova, M.A.; Kashuba, M.T.; Kul’kov, A.M.; Kozhukhovskaya, Y.V.; Tikhomirov, V.A.; Streltsov, M.A.; Markova, M.A. Kulkova, Marianna A. (57221495216); Kashuba, Maya T. (57191206599); Kul’kov, Alexand"
study_0113,"Kutlu, M",2024,Settlement Archaeology,0.346,Archaeology,0.315,Isotope Geochemistry,0.299,Egypt,0.216,Southern Levant,0.211,Sinai,0.148,High,0.002,Medium,-0.004,Low,-0.009,0.188,"Kutlu, M.; Kutlu, L. Kutlu, Mehmet (57345280200); Kutlu, Leila (57345590600) 57345280200; 57345590600 The Settlement of Akbauyr: Iron Age Metallurgic Center in Southwestern Altai; Güneybatı Altaylarda"
study_0112,"Kostomarova, Y",1916,Isotope Geochemistry,0.342,Radiocarbon Chronology,0.333,Archaeology,0.322,Egypt,0.089,Sinai,0.012,Southern Levant,0.003,Medium,0.006,Low,-0.04,High,-0.07,0.146,"Kostomarova, Y.V.; Bukacheva, A.O.; Molchanov, I.V. Kostomarova, Yu V. (57191634482); Bukacheva, Anastasia O. (58918626700); Molchanov, Ivan V. (55148171200) 57191634482; 58918626700; 55148171200 USE-"
study_0115,"Petrakis, V",2024,Archaeology,0.319,Cognitive Archaeology,0.28,Paleography,0.278,Sinai,0.232,Egypt,0.187,Southern Levant,0.116,Medium,0.014,Low,-0.004,High,-0.045,0.188,"Petrakis, V. Petrakis, Vassilis P. (26033423000) 26033423000 GREEK ARCHAEOLOGISTS ON THE “GREEK SOLUTION”: THE RECEPTION OF THE DECIPHERMENT OF LINEAR B IN THE WORKS OF SPYRIDON MARINATOS AND NIKOLAOS"
study_0114,"Vladimirov, S",2020,Archaeology,0.369,Stratigraphy,0.336,Settlement Archaeology,0.311,Egypt,0.21,Sinai,0.174,Southern Levant,0.166,High,0.03,Low,0.018,Medium,-0.042,0.203,"Vladimirov, S.I. Vladimirov, S. I. (57225098540) 57225098540 RESULTS OF ARCHAEOLOGICAL WORKS ON THE RIGHT-BANK TSIMLYANSK FORTRESS IN 2020-2022: FINDS AND MATERIALS; РЕЗУЛЬТАТЫ АРХЕОЛОГИЧЕСКИХ РАБОТ Н"
study_0116,"Petrov, F",2005,Stratigraphy,0.434,Archaeology,0.43,Radiocarbon Chronology,0.41,Sinai,0.197,Egypt,0.191,Southern Levant,0.153,Medium,0.066,High,0.041,Low,0.029,0.232,"Petrov, F.N.; Batanina, N.S.; Petrov, N.F. Petrov, F. N. (57420055100); Batanina, Natal'ya S. (56649928000); Petrov, Nikolay F. (59490059100) 57420055100; 56649928000; 59490059100 ARCHAEOLOGICAL MICRO"
study_0117,"Kupriyanova, E",1937,Meta-Analysis,0.189,Paleoclimatology,0.185,Epigraphy,0.182,Southern Levant,0.107,Sinai,0.067,Egypt,0.05,Medium,0.0,High,-0.046,Low,-0.048,0.099,"Kupriyanova, E.V.; Solomonova, M.Yu.; Trubitsyna, E.D.; Kashirskaya, N.N.; Kashevskaya, A.O.; Afonin, A.S.; Filimonova, M.O.; Ryabogina, N.E. Kupriyanova, Elena V. (56656287000); Solomonova, M. Yu (57"
study_0118,"Duquesne, A",1865,Epigraphy,0.22,Stratigraphy,0.157,Isotope Geochemistry,0.138,Southern Levant,0.1,Sinai,0.085,Egypt,0.031,Medium,0.072,High,0.068,Low,0.043,0.131,"Duquesne, A.; Carozza, J.-M.; Bruniaux, G.; Mathé, V.; Onfray, M.; Lévêque, F.; Vacher, S.; Carozza, L.; Stéphan, P.; Ard, V. Duquesne, Amélie (57218651881); Carozza, Jean Michel (7801470569); Bruniau"
study_0119,"Sörman, A",1940,Archaeology,0.437,Stratigraphy,0.413,Bioarchaeology,0.401,Southern Levant,0.187,Egypt,0.165,Sinai,0.144,High,0.045,Medium,0.029,Low,0.026,0.223,"Sörman, A.; Ojala, K. Sörman, Anna (57194088515); Ojala, Karin (57219149018) 57194088515; 57219149018 Den nordiska bronsålderns slutskede – kronologi, definition och forskningsproblem 2024 Fornvannen "
study_0120,"Usmanova, E",2010,Radiocarbon Chronology,0.394,Archaeology,0.376,Stratigraphy,0.334,Southern Levant,0.147,Egypt,0.124,Sinai,0.078,Medium,0.003,High,-0.028,Low,-0.04,0.181,"Usmanova, E.R.; Merts, I.V.; Merts, V.K.; Yerzhanova, A.E.; Fomin, V.N. Usmanova, Emma Radikovna (36175214500); Merts, Ilya V. (56866320100); Merts, Viktor K. (57200799329); Yerzhanova, Albina Ye (581"
study_0121,"Castelluccia, M",2030,Archaeology,0.416,Geoarchaeology,0.4,Landscape Archaeology,0.388,Egypt,0.246,Southern Levant,0.199,Sinai,0.18,High,-0.014,Low,-0.03,Medium,-0.045,0.216,"Castelluccia, M.; Ashurov, S. Castelluccia, Manuel (55966958500); Ashurov, Safar G. (37082720300) 55966958500; 37082720300 Hillforts and Cyclopean Structures of Western Azerbaijan: a Preliminary Analy"
study_0122,"Karmanov, V",2019,Radiocarbon Chronology,0.43,Stratigraphy,0.41,Archaeology,0.387,Southern Levant,0.093,Egypt,0.071,Sinai,0.049,Medium,-0.027,Low,-0.036,High,-0.06,0.166,"Karmanov, V.N.; Lychagina, E.L.; Zaretskaya, N.E. Karmanov, Victor N. (38862019500); Lychagina, Evgeniia L. (43461776700); Zaretskaya, Nataliya E. (6507902757) 38862019500; 43461776700; 6507902757 ENE"
study_0123,"Bochkarev, V",1941,Archaeology,0.362,Radiocarbon Chronology,0.335,Stratigraphy,0.307,Egypt,0.221,Sinai,0.156,Southern Levant,0.152,High,0.086,Low,0.042,Medium,0.038,0.223,"Bochkarev, V.S.; Klimushina, A.I.; Tutaeva, I.Zh. Bochkarev, Vadim S. (57194199618); Klimushina, Aleksandra I. (59408973600); Tutaeva, Indira Zhanatovna (57211786652) 57194199618; 59408973600; 5721178"
study_0124,"Tsybiktarov, A",2024,Isotope Geochemistry,0.378,Paleoclimatology,0.372,Stratigraphy,0.352,Southern Levant,0.251,Egypt,0.148,Sinai,0.091,Medium,0.087,Low,0.026,High,0.016,0.239,"Tsybiktarov, A.D. Tsybiktarov, Aleksandr D. (57222559670) 57222559670 LATE BRONZE APPEARANCE OF THE CULTURE OF THE POPULATION OF SOUTHERN TRANSBAIKALIA, CENTRAL AND EASTERN MONGOLIA STEPPES IN THE SCY"
study_0125,"Kirichenko, D",2024,Archaeology,0.377,Bioarchaeology,0.373,Paleoclimatology,0.333,Egypt,0.194,Sinai,0.112,Southern Levant,0.103,Medium,0.079,High,0.054,Low,-0.001,0.217,"Kirichenko, D. Kirichenko, Dmitry A. (57986660000) 57986660000 A TREPANNED SKULL FROM KURGAN IN THE GANJACHAI RIVER VALLEY (AZERBAIJAN REPUBLIC) 2024 Materialy po Arkheologii i Istorii Antichnogo i Sr"
study_0126,"Utubayev, Z",2005,Bioarchaeology,0.371,Geoarchaeology,0.371,Archaeology,0.35,Egypt,0.182,Southern Levant,0.129,Sinai,0.086,Medium,0.052,High,0.03,Low,-0.026,0.202,"Utubayev, Z.; Duisenbay, D.; Shagirbayev, M.; Yerzhanova, A.E.; Dubyagina, Y. Utubayev, Zhanbolat R. (57220056938); Duisenbay, Daniyar (59394879000); Shagirbayev, Mambet S. (58090349000); Yerzhanova, "
study_0127,"Weissbein, I",2023,Stratigraphy,0.449,Archaeology,0.423,Landscape Archaeology,0.373,Southern Levant,0.392,Sinai,0.36,Egypt,0.241,High,0.013,Medium,-0.021,Low,-0.035,0.285,"Weissbein, I. Weissbein, Itamar (57202359842) 57202359842 Revisiting the Late Bronze Age stratigraphy of Tel Lachish 2024 Levant 56 3 306 322 0 10.1080/00758914.2024.2377892 https://www.scopus.com/inw"
study_0128,"Mokos, J",2024,Archaeology,0.416,Radiocarbon Chronology,0.368,Stratigraphy,0.362,Southern Levant,0.182,Sinai,0.154,Egypt,0.143,Medium,0.029,Low,0.007,High,-0.002,0.209,"Mokos, J.M.; Ovčarić, F.; Šejić, L. Mokos, Janja Mavrović (57251668300); Ovčarić, Franka (59349897200); Šejić, Laura (59350008300) 57251668300; 59349897200; 59350008300 new archaeological discoveries "
study_0129,"Puech, É",2024,Radiocarbon Chronology,0.22,Ceramic Analysis,0.217,Stratigraphy,0.216,Sinai,0.033,Egypt,0.025,Southern Levant,-0.033,High,0.014,Low,-0.005,Medium,-0.014,0.089,"Puech, É. Puech, Émile (26033713600) 26033713600 The Lachish ivory comb inscription; L’INSCRIPTION DU PEIGNE EN IVOIRE DE LAKISH 2024 Revue Biblique 131 2 161 170 0 10.2143/RBI.131.2.3292918 https://w"
study_0130,"Anton, S",2024,Archaeology,0.464,Paleoclimatology,0.434,Paleography,0.428,Egypt,0.184,Southern Levant,0.169,Sinai,0.159,Medium,0.029,Low,0.003,High,-0.017,0.225,"Anton, S.V. Anton, Shipilov V. (58394357500) 58394357500 NEOLITHIC AND PALEOMETAL EPOCH MATERIALS FROM THE BAZYAKOVO I CAMPSITE AT THE MOUTH OF THE KAMA RIVER; МАТЕРИАЛЫ НЕОЛИТА И ПАЛЕОМЕТАЛЛА БАЗЯКОВ"
study_0131,"Shorin, S",2024,Epigraphy,0.364,Geoarchaeology,0.346,Stratigraphy,0.342,Egypt,0.232,Sinai,0.165,Southern Levant,0.127,High,0.073,Low,0.054,Medium,0.019,0.223,"Shorin, S.F.; Shorina, S.A. Shorin, Alexander F. (55289500700); Shorina, Anastasia A. (54411313800) 55289500700; 54411313800 MOBILIARY ART OBJECTS FROM THE KOKSHAROVSKI KHOLM SANCTUARY; ПРЕДМЕТЫ МЕЛКО"
study_0132,"Razek, M",2024,Archaeology,0.346,Epigraphy,0.323,Paleography,0.317,Egypt,0.383,Sinai,0.283,Southern Levant,0.256,Medium,0.099,High,0.041,Low,0.018,0.276,"Razek, M.A. Razek, Marwa Abdel (57224937149) 57224937149 Second Intermediate Period Female Figurines in Clay from the Cairo Museum 2024 Middle Kingdom Studies 17 223 231 0 https://www.scopus.com/inwar"
study_0133,"Molina, G",2024,Radiocarbon Chronology,0.396,Isotope Geochemistry,0.349,Archaeology,0.348,Southern Levant,0.164,Sinai,0.137,Egypt,0.088,Low,0.068,High,0.061,Medium,0.055,0.209,"Molina, G.F.; Benaiges, M.E. Molina, Gerard Fernàndez (59243338500); Benaiges, Manuel Edo I. (59215548800) 59243338500; 59215548800 New archaeometallurgical data of the late Bronze Age and early Iron "
study_0134,"Stashenkov Dmitry, D",2020,Stratigraphy,0.409,Archaeology,0.374,Radiocarbon Chronology,0.333,Egypt,0.183,Sinai,0.127,Southern Levant,0.109,Medium,0.039,High,0.033,Low,0.01,0.211,"Stashenkov Dmitry, D.A.; Turetsky, M.A. Stashenkov Dmitry, A. A. (57202079681); Turetsky, Mikhail A. (57516475600) 57202079681; 57516475600 BURIAL OF THE KHAZAR TIME ON THE TERRITORY OF THE ARCHAEOLOG"
study_0135,"Staudt, M",1936,Archaeology,0.402,Isotope Geochemistry,0.375,Radiocarbon Chronology,0.37,Southern Levant,0.194,Egypt,0.146,Sinai,0.113,Low,0.007,High,-0.016,Medium,-0.058,0.201,"Staudt, M.; Goldenberg, G.; Lamprecht, R.; Zerobin, B. Staudt, Markus (57214154113); Goldenberg, Gert (26658968900); Lamprecht, Roman (59172779300); Zerobin, Bianca (58483193600) 57214154113; 26658968"
study_0136,"Kuzminykh, S",2024,Bioarchaeology,0.301,Paleoclimatology,0.288,Stratigraphy,0.264,Southern Levant,0.113,Sinai,0.077,Egypt,0.034,Medium,0.054,Low,0.042,High,-0.016,0.156,"Kuzminykh, S.; Saenko, V. Kuzminykh, Serguei Vladimirovich (34768272400); Saenko, Valerij N. (58174023800) 34768272400; 58174023800 “Crouched Inhumations Don’t Give Me Peace”: Bronze Age of the Northe"
study_0137,"Baitileu, D",1904,Stratigraphy,0.38,Radiocarbon Chronology,0.341,Archaeology,0.322,Egypt,0.153,Southern Levant,0.15,Sinai,0.138,Medium,0.083,Low,0.018,High,0.016,0.205,"Baitileu, D.A.; Yerzhanova, A.E.; Calgaro, I. Baitileu, Darkhan A. (57729808400); Yerzhanova, Albina Ye (58190444400); Calgaro, Ilaria (57473108400) 57729808400; 58190444400; 57473108400 The Bronze Ag"
study_0138,"FSAScot, B",1902,Settlement Archaeology,0.414,Archaeology,0.391,Landscape Archaeology,0.347,Southern Levant,0.162,Egypt,0.115,Sinai,0.115,High,0.018,Low,0.003,Medium,-0.051,0.198,"FSAScot, B.S.; López-Dóriga, I.; Treasure, E.; Smith, R.S.; Shaffrey, R.; Swales, C.; Valdez-Tullett FSAScot, A. FSAScot, Ben Saunders (59147408800); López-Dóriga, Inés L. (56486025300); Treasure, Edw"
study_0139,"Fossé, C",2056,Radiocarbon Chronology,0.264,Paleoclimatology,0.255,Epigraphy,0.228,Sinai,0.262,Egypt,0.155,Southern Levant,0.148,High,0.041,Medium,0.027,Low,-0.017,0.189,"Fossé, C.; Yogev, J.; Mirão, J.; Schiavon, N.; Goren, Y. Fossé, Cécile (57205603677); Yogev, Jonathan (55943643200); Mirão, José (8986127400); Schiavon, Nick (6603482420); Goren, Yuval (7003358763) 57"
study_0141,"Palincaş, N",2024,Archaeology,0.483,Settlement Archaeology,0.387,Paleography,0.351,Southern Levant,0.172,Egypt,0.163,Sinai,0.102,Medium,0.065,Low,-0.007,High,-0.028,0.24,"Palincaş, N. Palincaş, Nona (56166379300) 56166379300 Works and Femininities in the Late Bronze and Early Iron Age in the Lower Danube (c. 1350–800 BC) 2024 Interdisciplinary Contributions to Archaeol"
study_0140,"Urbański, P",2024,Sociology of Religion,0.317,Epigraphy,0.315,Zooarchaeology,0.315,Egypt,0.372,Sinai,0.349,Southern Levant,0.252,High,-0.027,Low,-0.052,Medium,-0.075,0.221,"Urbański, P. Urbański, Piotr (59043654700) 59043654700 The Pre-Mosaic Cult of Yahweh? Analysis of Selected Biblical Passages and Inscriptions in Soleb and Other Egyptian Temples; Przedmojżeszowy kult "
study_0142,"Puech, É",2024,Epigraphy,0.488,Stratigraphy,0.378,Paleography,0.319,Sinai,0.297,Southern Levant,0.294,Egypt,0.215,High,0.086,Medium,0.06,Low,0.027,0.291,"Puech, É. Puech, Émile (26033713600) 26033713600 Alphabetic inscriptions of Wadi el-Hol; INSCRIPTIONS ALPHABÉTIQUES DU OUÂDÎ EL-HÔL 2024 Revue Biblique 131 1 5 23 0 10.2143/RBI.131.1.3292592 https://w"
study_0143,"Ankusheva, P",1932,Comparative Mythology,0.25,Epigraphy,0.22,Paleoclimatology,0.171,Southern Levant,0.131,Sinai,0.121,Egypt,0.104,Medium,0.017,High,-0.007,Low,-0.016,0.133,"Ankusheva, P.S.; Rassadnikov, A.Y.; Ankushev, M.N.; Bachura, O.P.; Chechushkov, I.V.; Kiseleva, D.V.; Zazovskaya, E.P.; Epimakhov, A.V. Ankusheva, Polina S. (57361932600); Rassadnikov, Alexey Yu (5721"
study_0144,"Roslyakova, N",1912,Archaeology,0.398,Paleoclimatology,0.375,Isotope Geochemistry,0.366,Sinai,0.154,Egypt,0.151,Southern Levant,0.09,High,0.025,Low,0.022,Medium,-0.005,0.193,"Roslyakova, N.V.; Grigorieva, I.M. Roslyakova, Natalia V. (57191266232); Grigorieva, Irina M. (58203437700) 57191266232; 58203437700 OSTEOLOGICAL COMPLEXES OF THE LATE BRONZE AGE URANBASH BURIAL GROUN"
study_0145,"Molchanov, I",1862,Archaeology,0.372,Stratigraphy,0.342,Cognitive Archaeology,0.324,Egypt,0.204,Sinai,0.176,Southern Levant,0.145,Low,-0.015,High,-0.019,Medium,-0.025,0.187,"Molchanov, I.V.; Valiakhmetov, I.A.; Bukacheva, A.O.; Ankushev, M.N.; Malyutina, T.S.; Zdanovich, D.G.; Makurov, Y.S. Molchanov, Ivan V. (55148171200); Valiakhmetov, Iliya A. (57223380484); Bukacheva,"
study_0146,"Wimmer, S",2024,Paleoclimatology,0.33,Paleography,0.293,Epigraphy,0.293,Egypt,0.435,Sinai,0.368,Southern Levant,0.239,High,0.108,Low,0.06,Medium,0.049,0.291,"Wimmer, S.J. Wimmer, Stefan Jakob (59021272700) 59021272700 The “Scribal Turn” from Egyptian Hieratic to the Alphabet 2024 7 127 139 0 10.52486/01.00007.7 https://www.scopus.com/inward/record.uri?eid="
study_0149,"Bányai, M",2035,Radiocarbon Chronology,0.325,Archaeology,0.317,Historical Geography,0.309,Southern Levant,0.197,Egypt,0.137,Sinai,0.096,High,0.053,Low,0.035,Medium,0.032,0.192,"Bányai, M. Bányai, Michael (55886203500) 55886203500 FOUNDATIONS OF CHANGE: HOW THE 10TH CENTURY BCE SPARKED THE SECOND INTERNATIONAL AGE; Fundamentos del cambio: cómo el siglo X a.E.C. dio origen a l"
study_0147,"Bisták, P",1947,Settlement Archaeology,0.435,Stratigraphy,0.418,Archaeology,0.402,Southern Levant,0.262,Egypt,0.198,Sinai,0.171,High,0.076,Low,0.036,Medium,0.023,0.258,"Bisták, P.; Kmeťova, P.; Lieskovský, T.; Felcan, M.; Romsauer, P. Bisták, Peter (57194719103); Kmeťova, Petra (57194726178); Lieskovský, Tibor (57074184100); Felcan, Michal (57216809930); Romsauer, Pe"
study_0148,"Schnell, R",1820,Archaeology,0.358,Paleography,0.326,Cognitive Archaeology,0.318,Southern Levant,0.261,Egypt,0.252,Sinai,0.159,Medium,0.044,Low,-0.019,High,-0.024,0.221,"Schnell, R.H. Schnell, Ryan H. (59967318200) 59967318200 Eneparkes or CAPERE+SCALPRUM? The use of scripts in negotiating identity in Iron Age central Anatolia 2024 Ancient Near Eastern Studies 61 475 "
study_0150,"Pucci, M",2024,Archaeology,0.312,Geoarchaeology,0.308,Stratigraphy,0.302,Egypt,0.298,Southern Levant,0.176,Sinai,0.156,High,0.082,Low,0.012,Medium,-0.021,0.23,"Pucci, M. Pucci, Marina (57223098835) 57223098835 LEAVE NO STONE UNFINISHED: THE TUDḪ ALIYA RELIEF AT ALALAḪ IN THE SCULPTURAL PRODUCTION OF HITTITE ANATOLIA; Hiçbir taşı yarım bırakmayın: Hitit Anado"
study_0151,"Mori, L",2024,Archaeology,0.447,Settlement Archaeology,0.402,Landscape Archaeology,0.371,Egypt,0.237,Southern Levant,0.152,Sinai,0.141,Medium,0.038,High,0.033,Low,0.026,0.241,"Mori, L. Mori, Lucia (36869737700) 36869737700 SOME NOTES ON HOUSEHOLDS AND FAMILIES IN THE LAND OF ASHTATA DURING THE LATE BRONZE AGE: PRIVATE ARCHIVES AND ARCHAEOLOGY IN DIALOGUE 2024 Origini 48 231"
study_0154,"Chinnock, C",2023,Settlement Archaeology,0.495,Archaeology,0.423,Landscape Archaeology,0.343,Southern Levant,0.241,Egypt,0.2,Sinai,0.147,Low,0.066,Medium,0.059,High,0.039,0.267,"Chinnock, C. Chinnock, Chris (57224545709) 57224545709 An Iron age settlement and Roman Complex Farmstead at Brackmills, Northampton 2023 1 416 0 10.32028/9781803276861 https://www.scopus.com/inward/r"
study_0153,"Judson, A",2023,Epigraphy,0.231,Philology,0.202,Comparative Literature,0.185,Sinai,0.243,Egypt,0.146,Southern Levant,0.054,High,0.021,Medium,-0.014,Low,-0.025,0.165,"Judson, A.P. Judson, Anna P. (56099758600) 56099758600 THE TABLET-MAKERS OF PYLOS: AN EXPERIMENTAL INVESTIGATION INTO THE PRODUCTION OF LINEAR B TABLETS; Οι κατασκευαστές πινακίδων της Πύλου: Μια πειρ"
study_0152,"Grau-Mira, I",1980,Settlement Archaeology,0.462,Archaeology,0.43,Radiocarbon Chronology,0.338,Southern Levant,0.261,Egypt,0.138,Sinai,0.102,Medium,0.077,Low,0.025,High,0.019,0.267,"Grau-Mira, I.G.; García, R.S.Q. Grau-Mira, Ignasi (7801458880); García, Raquel San Quirico (58866919800) 7801458880; 58866919800 An approach to the social organisation of Late Bronze Age and Early Iro"
study_0155,"Levy, E",2023,Epigraphy,0.394,Archaeology,0.303,Philology,0.282,Sinai,0.356,Southern Levant,0.3,Egypt,0.262,Low,0.065,High,0.063,Medium,0.042,0.272,"Levy, E. Levy, Eythan (8925424200) 8925424200 A Note on an Early Alphabetic Jar Inscription from Lachish 2023 Israel Exploration Journal 73 2 184 188 0 https://www.scopus.com/inward/record.uri?eid=2-s"
study_0156,"MAEIR, A",2023,Archaeology,0.369,Cognitive Archaeology,0.355,Epigraphy,0.329,Sinai,0.37,Southern Levant,0.336,Egypt,0.286,High,0.004,Low,-0.04,Medium,-0.044,0.248,"MAEIR, A.M.; Rollston, C. MAEIR, Aren M. (8291422700); Rollston, Christopher A. (26322804800) 8291422700; 26322804800 The So-Called Mount Ebal Curse Tablet A Critical Response 2023 Israel Exploration "
study_0158,"Niedziółka, K",1945,Bioarchaeology,0.451,Geoarchaeology,0.397,Paleoclimatology,0.386,Southern Levant,0.147,Sinai,0.105,Egypt,0.096,Medium,0.034,Low,0.011,High,-0.002,0.211,"Niedziółka, K.; Święta-Musznicka, J. Niedziółka, Kamil (57194512324); Święta-Musznicka, Joanna (22939530200) 57194512324; 22939530200 An integrated archaeo-palaeoenvironmental approach to the study of"
study_0157,"Davis, B",2028,Archaeology,0.335,Settlement Archaeology,0.311,Epigraphy,0.305,Sinai,0.222,Southern Levant,0.2,Egypt,0.133,Low,0.018,High,0.01,Medium,-0.003,0.192,"Davis, B.; Maran, J.; Prillwitz, S.; Soňa, W. Davis, Brent (56100334100); Maran, Joseph (26037350100); Prillwitz, Susanne (57202834792); Soňa, Wirghová (58860364400) 56100334100; 26037350100; 57202834"
study_0159,"Breglia, F",1944,Paleoclimatology,0.314,Radiocarbon Chronology,0.286,Stratigraphy,0.262,Southern Levant,0.26,Sinai,0.17,Egypt,0.158,Medium,0.002,High,0.0,Low,-0.013,0.192,"Breglia, F.; Bouby, L.; Wales, N.; Ivorra, S.; Fiorentino, G. Breglia, Francesco (57219448589); Bouby, Laurent (6602374494); Wales, Nathan A. (55194346300); Ivorra, Sarah (14828273200); Fiorentino, Gi"
study_0160,"Chazin, H",2023,Anthropology,0.376,Zooarchaeology,0.339,Archaeology,0.314,Southern Levant,0.148,Egypt,0.14,Sinai,0.046,Medium,-0.035,Low,-0.086,High,-0.097,0.163,"Chazin, H. Chazin, Hannah (56117911200) 56117911200 Animal work before capitalism: Sheep's reproductive labor in the ancient South Caucasus 2023 American Anthropologist 125 4 809 823 0 10.1111/aman.13"
study_0161,"Ma, J",2003,Archaeology,0.255,Radiocarbon Chronology,0.244,Settlement Archaeology,0.228,Southern Levant,0.058,Egypt,0.004,Sinai,-0.019,Medium,0.049,High,-0.01,Low,-0.047,0.121,"Ma, J.; Wu, X.; Yan, X. Ma, Jiangbo (58367326800); Wu, Xiaotong (57200384992); Yan, Xiansheng (58365930600) 58367326800; 57200384992; 58365930600 Metal Trade and National Integration: bronze technolog"
study_0162,"Stripling, S",1940,Comparative Mythology,0.361,Epigraphy,0.354,Stratigraphy,0.289,Southern Levant,0.233,Sinai,0.16,Egypt,0.118,High,0.034,Low,0.008,Medium,-0.005,0.209,"Stripling, S.; Galil, G.; Kumpová, I.; Valach, J.; van der Veen, P.G.; Vavřík, D. Stripling, Scott (57224428992); Galil, Gershon (26027514200); Kumpová, Ivana (56242448600); Valach, Jaroslav (16415510"
study_0163,"Gresky, J",2099,Paleoclimatology,0.312,Bioarchaeology,0.285,Archaeology,0.269,Egypt,0.29,Sinai,0.204,Southern Levant,0.142,Medium,-0.027,High,-0.067,Low,-0.104,0.192,"Gresky, J.; Bietak, M.; Petiti, E.; Scheffler, C.; Schultz, M. Gresky, Julia (37161445200); Bietak, Manfred (36620997100); Petiti, Emmanuele (57218933301); Scheffler, Christiane (22836040300); Schultz"
study_0166,"Bellezza, J",1901,Geoarchaeology,0.332,Landscape Archaeology,0.317,Epigraphy,0.302,Egypt,0.202,Southern Levant,0.179,Sinai,0.05,Medium,0.043,High,0.01,Low,-0.003,0.193,"Bellezza, J.V. Bellezza, John Vincent (57190114910) 57190114910 A comprehensive survey of rock art in Upper Tibet 2023 2 1 770 0 10.32028/9781803276168 https://www.scopus.com/inward/record.uri?eid=2-s"
study_0165,"Özgül, O",2023,Radiocarbon Chronology,0.403,Stratigraphy,0.363,Geoarchaeology,0.347,Egypt,0.198,Southern Levant,0.186,Sinai,0.06,High,0.02,Low,0.014,Medium,-0.031,0.207,"Özgül, O.; Günaşd, Y. Özgül, Oktay (57387708800); Günaşd, Yavuz (58122380100) 57387708800; 58122380100 Some kirigsurs of the early iron age in the orkhon and selenga basins*; Orhun ve selenge havzasi’"
study_0164,"Guarino-Vignon, P",2041,Epigraphy,0.249,Ethnohistory,0.183,Comparative Literature,0.178,Southern Levant,0.129,Sinai,0.096,Egypt,0.037,Medium,0.137,High,0.095,Low,0.09,0.172,"Guarino-Vignon, P.; Lefeuvre, M.; Chimènes, A.; Monnereau, A.; Guliyev, F.; Pecqueur, L.; Jovenet, E.; Lyonnet, B.; Bon, C. Guarino-Vignon, Perle (57204156211); Lefeuvre, Maël (58158967700); Chimènes,"
study_0167,"Williams, G",2025,Comparative Mythology,0.323,Cognitive Archaeology,0.287,Anthropology,0.276,Sinai,0.217,Egypt,0.194,Southern Levant,0.178,Medium,-0.027,High,-0.06,Low,-0.083,0.171,"Williams, G.; Harcombe, M. Williams, Gillian P. (55084408900); Harcombe, Mariette (58734202500) 55084408900; 58734202500 Reconsidering the Nehushtan as a Magical Healing Device within the Geographical"
study_0168,"Molloy, B",2092,Epigraphy,0.225,Meta-Analysis,0.168,Paleobotany,0.159,Sinai,0.161,Southern Levant,0.118,Egypt,0.035,High,0.116,Medium,0.105,Low,0.096,0.167,"Molloy, B.; Jovanović, D.; Bruyere, C.; Estanqueiro, M.; Birclin, M.; Milasinovic, L.; Šalamon, A.; Penezić, K.; Ramsey, C.B.; Grosman, D. Molloy, Barry P.C. (36089322600); Jovanović, Dragan (58824830"
study_0169,"Wehlin, J",2023,Landscape Archaeology,0.351,Bioarchaeology,0.305,Settlement Archaeology,0.305,Southern Levant,0.173,Sinai,0.09,Egypt,0.046,Low,-0.011,Medium,-0.037,High,-0.04,0.171,"Wehlin, J.; Ljunge, M.O.; Larsson, P.I.; Eddudóttir, S.D.; Ekblom, A.; Eriksson, J.A. Wehlin, Joakim (55217736900); Ljunge, Magnus O. (55853568800); Larsson, Petter I. (58529867600); Eddudóttir, Sigrú"
study_0170,"Topness, R",1935,Meta-Analysis,0.253,Toponymy,0.249,Epigraphy,0.173,Sinai,0.173,Southern Levant,0.095,Egypt,0.041,High,0.189,Medium,0.138,Low,0.124,0.205,"Topness, R.G.; Vachula, R.S.; Balascio, N.L.; D'Andrea, W.J.; Pugsley, G.; Dia, M.; Tingley, M.; Curtin, L.; Wickler, S.; Anderson, R.S. Topness, Rebecca G. (58521596800); Vachula, Richard S. (5719352"
study_0171,"Halvorsen, L",2023,Isotope Geochemistry,0.382,Settlement Archaeology,0.355,Paleoclimatology,0.34,Southern Levant,0.094,Egypt,0.011,Sinai,-0.0,Low,0.019,High,-0.011,Medium,-0.022,0.165,"Halvorsen, L.S.; Mørkved, P.T.; Hjelle, K.L. Halvorsen, Lene Synnøve (36165547700); Mørkved, Pål Tore (8634570400); Hjelle, Kari Loe (24168231700) 36165547700; 8634570400; 24168231700 Were prehistoric"
study_0173,"Morris, S",1886,Settlement Archaeology,0.425,Archaeology,0.332,Landscape Archaeology,0.322,Southern Levant,0.179,Sinai,0.114,Egypt,0.107,High,0.057,Low,0.035,Medium,0.017,0.22,"Morris, S.; Markus, S.; Brown, J. Morris, Stephen (58329994500); Markus, Simon (58688889600); Brown, Jim (59631886400) 58329994500; 58688889600; 59631886400 Bronze Age, Iron Age, Roman and Saxon settl"
study_0172,"Webster, L",1924,Radiocarbon Chronology,0.422,Paleoclimatology,0.334,Cognitive Archaeology,0.329,Egypt,0.128,Southern Levant,0.119,Sinai,0.098,High,0.114,Low,0.004,Medium,-0.027,0.221,"Webster, L.C.; Wolff, S.R.; Ortiz, S.M.; Barbosa, M.; Coyle, C.; Arbino, G.P.; Dee, M.W.; Hua, Q.; Jacobsen, G.E. Webster, Lyndelle C. (35211924600); Wolff, Samuel Richard (7202340619); Ortiz, Steven "
study_0174,"Spalinger, A",2021,Archaeology,0.466,Cognitive Archaeology,0.386,Historical Geography,0.359,Egypt,0.573,Sinai,0.37,Southern Levant,0.299,High,0.049,Medium,0.037,Low,0.003,0.363,"Spalinger, A. Spalinger, Anthony J. (26038845100) 26038845100 The Enigma of the Hyksos, vol. 2: Transforming Egypt into the New Kingdom: The Impact of the Hyksos and Egyptian–Near Eastern Relations. B"
study_0175,"Estanqueiro, M",2023,Archaeology,0.504,Landscape Archaeology,0.444,Settlement Archaeology,0.423,Egypt,0.19,Southern Levant,0.17,Sinai,0.16,High,-0.002,Low,-0.035,Medium,-0.04,0.231,"Estanqueiro, M.; Šalamon, A.; Lewis, H.; Molloy, B.; Jovanović, D. Estanqueiro, Marta (57216423416); Šalamon, Aleksandar (58621710800); Lewis, Helen A. (35574048800); Molloy, Barry P.C. (36089322600);"
study_0176,"Lis, B",1908,Isotope Geochemistry,0.428,Archaeology,0.418,Radiocarbon Chronology,0.387,Egypt,0.156,Southern Levant,0.143,Sinai,0.132,Medium,0.026,Low,-0.01,High,-0.011,0.203,"Lis, B.; Mommsen, H.; Sterba, J.H.; van Damme, T. Lis, Bartłomiej (57190859033); Mommsen, Hans (6701356332); Sterba, Johannes H. (14049197800); van Damme, Trevor (57203468477) 57190859033; 6701356332;"
study_0177,"Podenas, V",1887,Settlement Archaeology,0.39,Isotope Geochemistry,0.358,Archaeology,0.355,Southern Levant,0.26,Sinai,0.134,Egypt,0.123,Medium,0.0,High,-0.026,Low,-0.026,0.217,"Podenas, V.; Garbaras, A.; Micelicaitė, V.; Minkevičius, K.; Šapolaitė, J.; Ežerinskis, Ž.; Čivilyte, A. Podenas, Vytenis (57210586269); Garbaras, Andrius (36008594300); Micelicaitė, Viktorija (572231"
study_0178,"Ugarković, M",2021,Stratigraphy,0.235,Geoarchaeology,0.198,Bioarchaeology,0.177,Sinai,0.28,Southern Levant,0.198,Egypt,0.155,High,0.095,Low,0.085,Medium,0.082,0.203,"Ugarković, M.; Čelhar, M.; Popović, S.; Devlahović, A.; Korić, M.; Barbir, A. Ugarković, Marina (55752339200); Čelhar, Martina (56550009500); Popović, Sara (57202111901); Devlahović, Andrea (586575913"
study_0179,"Hofmann, B",1913,Isotope Geochemistry,0.293,Radiocarbon Chronology,0.284,Epigraphy,0.205,Southern Levant,0.136,Sinai,0.127,Egypt,-0.041,High,0.115,Low,0.084,Medium,0.022,0.181,"Hofmann, B.A.; Schreyer, S.B.; Biswas, S.; Gerchow, L.; Wiebe, D.; Schumann, M.; Lindemann, S.; Ramírez García, D.R.; Lanari, P.; Gfeller, F.; Vigo, C.; Das, D.; Hotz, F.; von Schoeler, K.; Ninomiya, "
study_0181,"Murray, S",1946,Archaeology,0.506,Settlement Archaeology,0.457,Cognitive Archaeology,0.436,Southern Levant,0.262,Egypt,0.217,Sinai,0.196,Medium,0.027,High,-0.002,Low,-0.022,0.265,"Murray, S.C. Murray, Sarah C. (57194649344) 57194649344 Eastern Mediterranean Bronze Age Trade in Archaeological Perspective: A Review of Interpretative and Empirical Developments 2023 Journal of Arch"
study_0180,"Lerch, M",1828,Isotope Geochemistry,0.178,Meta-Analysis,0.168,Paleobotany,0.165,Southern Levant,0.131,Sinai,0.121,Egypt,0.037,High,0.113,Low,0.08,Medium,0.053,0.141,"Lerch, M.; Stutzriemer, M.; Bliedtner, M.; Bromm, T.; Sehrt, M.; Feistmantl, N.; Diètre, B.; Kofler, W.; Boysen, M.; Salazar, G.; Szidat, S.; Geitner, C.; Nicolas Haas, J.; Schäfer, D.; Glaser, B.; Ze"
study_0182,"Bellezza, J",1901,Geoarchaeology,0.357,Epigraphy,0.329,Landscape Archaeology,0.328,Egypt,0.209,Southern Levant,0.196,Sinai,0.066,Medium,0.054,High,0.013,Low,-0.0,0.207,"Bellezza, J.V. Bellezza, John Vincent (57190114910) 57190114910 A comprehensive survey of rock art in upper tibet: Volume I Eastern Byang thang 2023 1 688 0 10.32028/9781803275031 https://www.scopus.c"
study_0183,"Waltenberger, L",1928,Isotope Geochemistry,0.271,Radiocarbon Chronology,0.217,Paleoclimatology,0.195,Sinai,0.118,Southern Levant,0.099,Egypt,0.055,High,0.045,Low,0.04,Medium,-0.008,0.145,"Waltenberger, L.; Bosch, M.D.; Fritzl, M.; Gahleitner, A.; Kurzmann, C.; Piniel, M.; Salisbury, R.B.; Strnad, L.; Skerjanz, H.; Verdianu, D.; Snoeck, C.; Kanz, F.; Rebay-Salisbury, K. Waltenberger, Lu"
study_0185,"Camici, I",2023,Archaeology,0.418,Ceramic Analysis,0.384,Settlement Archaeology,0.353,Southern Levant,0.21,Egypt,0.182,Sinai,0.119,Medium,0.048,Low,0.008,High,-0.0,0.226,"Camici, I.B. Camici, Iro B. (58535402600) 58535402600 Mycenaean pottery and pottery technology as a tool to understand social and cultural changes in the ancient world 2023 197 218 0 10.2307/jj.532928"
study_0184,"Martín Bravo, A",1900,Archaeology,0.423,Landscape Archaeology,0.369,Settlement Archaeology,0.341,Southern Levant,0.177,Egypt,0.148,Sinai,0.102,Medium,0.019,High,0.012,Low,-0.026,0.206,"Martín Bravo, A.M.; Sanabria Marcos, P.J. Martín Bravo, Ana María (58353248700); Sanabria Marcos, Primitivo Javier (58353911900) 58353248700; 58353911900 THE ACEHÚCHE GOLD TORC: GOLD AND SACRED LAND O"
study_0186,"Valenzuela-Suau, L",1937,Paleoclimatology,0.382,Bioarchaeology,0.35,Zooarchaeology,0.347,Southern Levant,0.24,Egypt,0.16,Sinai,0.151,Medium,0.182,Low,0.027,High,0.01,0.268,"Valenzuela-Suau, L.; Ramis, D.; Valenzuela Lamas, S. Valenzuela-Suau, Lua (56015758300); Ramis, Damià (15744596800); Valenzuela Lamas, Silvia (36951937200) 56015758300; 15744596800; 36951937200 New co"
study_0188,"Veress, B",2023,Stratigraphy,0.327,Isotope Geochemistry,0.322,Radiocarbon Chronology,0.302,Southern Levant,0.203,Sinai,0.16,Egypt,0.052,High,0.082,Low,0.052,Medium,0.024,0.204,"Veress, B.; Szigethy, J. Veress, Benjamin (57023498500); Szigethy, Jozsi (57024174900) 57023498500; 57024174900 Horizons in earth science research 2023 24 1 215 0 https://www.scopus.com/inward/record."
study_0189,"Beck, H",2023,Landscape Archaeology,0.438,Geoarchaeology,0.434,Archaeology,0.418,Southern Levant,0.242,Sinai,0.221,Egypt,0.186,High,0.154,Low,0.111,Medium,0.105,0.278,"Beck, H. Beck, Hans (55882751700) 55882751700 Making Landscapes, Building Communities. A Journey along the Kopais Corridor in Boiotia 2023 Klio 105 1 51 84 0 10.1515/klio-2021-0056 https://www.scopus."
study_0187,"Rodanés-Vicente, J",2073,Archaeology,0.404,Settlement Archaeology,0.395,Radiocarbon Chronology,0.388,Southern Levant,0.266,Sinai,0.111,Egypt,0.048,Medium,0.058,Low,0.045,High,0.035,0.243,"Rodanés-Vicente, J.M.; Aranda-Contamina, P.; Lorenzo-Lizalde, J.I. Rodanés-Vicente, José Maria (55207381400); Aranda-Contamina, Paloma (57209505243); Lorenzo-Lizalde, José Ignacio (57385497300) 552073"
study_0190,"Żurek, K",2035,Settlement Archaeology,0.339,Geoarchaeology,0.327,Archaeology,0.323,Southern Levant,0.2,Egypt,0.198,Sinai,0.133,Medium,0.025,Low,0.016,High,-0.002,0.188,"Żurek, K.; Kalicki, T.; Wawrusiewicz, A. Żurek, Krzysztof (57420351300); Kalicki, Tomasz (6603946981); Wawrusiewicz, Adam (57216874880) 57420351300; 6603946981; 57216874880 Settlement patern of Lusati"
study_0191,"Verbrugge, A",1900,Epigraphy,0.314,Cartography,0.266,Stratigraphy,0.255,Southern Levant,0.138,Sinai,0.137,Egypt,0.083,High,0.075,Medium,0.069,Low,0.068,0.176,"Verbrugge, A.; Groot, M.; Deforce, K.; Mulder, G.D.; Meer, W.V.D.; Reniere, S.; Cherretté, B.; Boudin, M.; Ervynck, A. Verbrugge, Arne (56422228700); Groot, Maaike (35784311900); Deforce, Koen (897779"
study_0192,"Webster, L",1924,Radiocarbon Chronology,0.61,Stratigraphy,0.404,Paleoclimatology,0.401,Southern Levant,0.222,Sinai,0.203,Egypt,0.145,High,-0.008,Low,-0.03,Medium,-0.044,0.275,"Webster, L.C.; Smith, A.; Dee, M.W.; Hajdas, I.; Schwartz, G.M. Webster, Lyndelle C. (35211924600); Smith, Alexia (55498589200); Dee, Michael W. (6602217330); Hajdas, Irka (57203030970); Schwartz, Gle"
study_0193,"Giguet-Covex, C",1898,Epigraphy,0.218,Stratigraphy,0.131,Radiocarbon Chronology,0.117,Southern Levant,0.112,Sinai,0.074,Egypt,-0.026,Medium,0.124,Low,0.068,High,0.053,0.151,"Giguet-Covex, C.; Bajard, M.; Chen, W.; Walsh, K.J.; Rey, P.-J.; Messager, E.; Etienne, D.; Sabatier, P.; Ficetola, F.G.; Gielly, L.; Blanchet, C.; Guffond, C.; Chiquet, P.; Arnaud, F.; Poulenard, J. "
study_0194,"Luo, Z",1934,Isotope Geochemistry,0.433,Radiocarbon Chronology,0.355,Paleoclimatology,0.278,Southern Levant,0.075,Egypt,0.056,Sinai,0.039,High,-0.004,Medium,-0.023,Low,-0.027,0.168,"Luo, Z.; Jin, Z.; Zhao, Z.; Hu, G.; Luo, S.; Yang, M.; Huang, F.; Fan, A. Luo, Zhe (57571934600); Jin, Zhengyao (36696421200); Zhao, Zhiqiang (57191271229); Hu, Guohai (58173324400); Luo, Shengqiang ("
study_0196,"Robson, H",2061,Radiocarbon Chronology,0.409,Bioarchaeology,0.393,Archaeology,0.384,Egypt,0.109,Sinai,0.108,Southern Levant,0.089,Medium,0.019,High,-0.017,Low,-0.03,0.179,"Robson, H.K.; Gron, K.J.; Gröcke, D.R.; Piličiauskiene, G.; Piličiauskas, G. Robson, Harry Kenneth (54988257800); Gron, Kurt Joseph (56800731300); Gröcke, Darren R. (57206152329); Piličiauskiene, Gied"
study_0195,"Nowak, K",1917,Archaeology,0.477,Settlement Archaeology,0.411,Radiocarbon Chronology,0.355,Egypt,0.13,Southern Levant,0.072,Sinai,0.04,Medium,0.022,High,-0.019,Low,-0.045,0.209,"Nowak, K.; Tarbay, J.G.; Stos-Gale, Z.A.; Derkowski, P.; Sielicka, K. Nowak, Kamil (56191782500); Tarbay, János Gábor (57160299600); Stos-Gale, Zofia Anna (6602480094); Derkowski, Paweł (57372257600);"
study_0197,"Runjajić, M",2023,Archaeology,0.448,Stratigraphy,0.416,Geoarchaeology,0.402,Sinai,0.224,Southern Levant,0.194,Egypt,0.174,High,0.077,Low,0.026,Medium,0.009,0.25,"Runjajić, M.; Garfinkel, Y.; Hasel, M.G.; Yasur-Landau, A.; Friesem, D.E. Runjajić, Marko (57927024400); Garfinkel, Yosef (12766370200); Hasel, Michael G. (26648447600); Yasur-Landau, Assaf (260337885"
study_0198,"Lago, G",2023,Stratigraphy,0.374,Paleoclimatology,0.348,Archaeology,0.347,Egypt,0.145,Southern Levant,0.14,Sinai,0.108,Medium,0.059,High,0.03,Low,0.005,0.193,"Lago, G.; Cianfoni, M.; Scacchetti, F.; Pellegrini, L.; la Torre, A. Lago, Giancarlo (57222812721); Cianfoni, Matteo (58144563500); Scacchetti, Federico (57574468200); Pellegrini, Luca (58144958400); "
study_0200,"Hsu, S",2023,Archaeology,0.304,Paleoclimatology,0.256,Historical Geography,0.253,Egypt,0.45,Sinai,0.283,Southern Levant,0.204,High,-0.034,Medium,-0.071,Low,-0.105,0.24,"Hsu, S.-W. Hsu, Shihwei (55886630000) 55886630000 History of Three Intermediate Periods of Ancient Egypt Revisited 2023 Historical Inquiry 2023-June 71 143 195 0 10.6253/ntuhistory.202306_(71).0004 ht"
study_0199,"Orfanou, V",2032,Archaeology,0.431,Cognitive Archaeology,0.398,Radiocarbon Chronology,0.366,Southern Levant,0.176,Egypt,0.161,Sinai,0.124,Medium,0.007,High,-0.055,Low,-0.058,0.205,"Orfanou, V.; Amicone, S.; Sava, V.; O’Neill, B.; Brown, L.E.F.; Bruyere, C.; Molloy, B. Orfanou, Vana (56871252500); Amicone, Silvia (57203287865); Sava, Victor (56467929100); O’Neill, Brendan (572181"
study_0201,"Pape, E",2023,Archaeology,0.392,Paleography,0.368,Paleoclimatology,0.365,Southern Levant,0.128,Egypt,0.125,Sinai,0.079,Medium,0.023,Low,0.018,High,-0.035,0.181,"Pape, E.; Ialongo, N. Pape, Eleonore (58306303400); Ialongo, Nicola (55932387400) 58306303400; 55932387400 Error or Minority? the Identification of Non-binary Gender in Prehistoric Burials in Central "
study_0202,"Kealhofer, L",2006,Radiocarbon Chronology,0.336,Archaeology,0.309,Settlement Archaeology,0.284,Southern Levant,0.2,Egypt,0.153,Sinai,0.093,Medium,0.024,High,-0.008,Low,-0.016,0.187,"Kealhofer, L.; Grave, P.; Marsh, B. Kealhofer, Lisa (6602327303); Grave, Peter (55200650200); Marsh, Ben (7102169723) 6602327303; 55200650200; 7102169723 In search of Tabal, central Anatolia: Iron Age"
study_0203,"Boyes, P",2023,Cognitive Archaeology,0.465,Archaeology,0.453,Settlement Archaeology,0.389,Southern Levant,0.108,Egypt,0.088,Sinai,0.085,Medium,0.094,High,0.026,Low,0.017,0.222,"Boyes, P.J. Boyes, Philip J. (55316112700) 55316112700 The Wider World of Writing. Networks of People, Practice and Culture Underpinning Writing in Late Bronze Age Ugarit 2023 Cambridge Archaeological"
study_0204,"Jesus, A",1860,Landscape Archaeology,0.367,Stratigraphy,0.363,Radiocarbon Chronology,0.357,Southern Levant,0.264,Egypt,0.141,Sinai,0.12,High,0.016,Medium,-0.019,Low,-0.026,0.216,"Jesus, A.; Bonhomme, V.; Evin, A.; Soteras, R.; Jacomet, S.; Bouby, L.; Antolín, F. Jesus, Ana (58253966700); Bonhomme, Vincent (55581390500); Evin, Allowen (23977570900); Soteras, Raül (57218602136);"
study_0205,"Balderer, W",2023,Isotope Geochemistry,0.382,Volcanology,0.316,Stratigraphy,0.298,Sinai,0.086,Southern Levant,0.079,Egypt,0.037,High,0.021,Low,-0.021,Medium,-0.054,0.163,"Balderer, W.P.; Piatti, E. Balderer, Werner Paul (6602734183); Piatti, Enrico (58222172500) 6602734183; 58222172500 The St. Moritz Mauritius mineral spring (Upper Engadine Valley, SE Switzerland): rev"
study_0206,"Pişkin, E",2054,Isotope Geochemistry,0.505,Archaeology,0.416,Settlement Archaeology,0.409,Egypt,0.226,Southern Levant,0.178,Sinai,0.091,Medium,-0.038,High,-0.041,Low,-0.063,0.231,"Pişkin, E.; Köksal, S.; Durdu, G. Pişkin, Evangelia (56006155700); Köksal, Serhat (23569607000); Durdu, Gamze (58205437200) 56006155700; 23569607000; 58205437200 Animal husbandry, isotopes, and land u"
study_0208,"White, H",2023,Meta-Analysis,0.219,Anthropology,0.145,Comparative Literature,0.138,Sinai,0.132,Southern Levant,0.052,Egypt,0.033,Medium,0.037,High,-0.014,Low,-0.023,0.129,"White, H.; Christodoulou, G.N.; Cox, J.; Appleyard, W.J. White, Harvey (59250156600); Christodoulou, Georgios N. (35427154300); Cox, John (59803550700); Appleyard, W. James (59250156300) 59250156600; "
study_0207,"Kovalev, I",1950,Archaeology,0.522,Cognitive Archaeology,0.435,Settlement Archaeology,0.385,Egypt,0.436,Sinai,0.304,Southern Levant,0.206,Medium,-0.009,High,-0.046,Low,-0.063,0.316,"Kovalev, I.; Rodler, A.S.; Brøns, C.; Rehren, T. Kovalev, I. (58171270500); Rodler, Alexandra S. (56652536200); Brøns, Cecilie (57195034425); Rehren, Thilo H. (57202699283) 58171270500; 56652536200; 5"
study_0209,"Macke, S",2023,Archaeology,0.451,Settlement Archaeology,0.377,Landscape Archaeology,0.373,Sinai,0.162,Southern Levant,0.151,Egypt,0.144,Medium,0.014,High,0.0,Low,-0.03,0.209,"Macke, S.; Yasur-Landau, A.; Galili, E.; Yasur, G.; Zilberman, T.; Shahack-Gross, R. Macke, Sara (58126622100); Yasur-Landau, Assaf (26033788500); Galili, Ehud (6602623797); Yasur, Gal (56588024700); "
study_0210,"Abar, A",2023,Archaeology,0.379,Isotope Geochemistry,0.375,Stratigraphy,0.348,Egypt,0.257,Southern Levant,0.232,Sinai,0.177,Medium,0.006,High,0.004,Low,-0.01,0.214,"Abar, A. Abar, Aydin (55224053200) 55224053200 Same same, or very different? Comparing grindstones from Late/Final Bronze Age settlements and a mining/ore beneficiation site in the Southern Alps 2023 "
study_0211,"Dolfini, A",1888,Archaeology,0.401,Cognitive Archaeology,0.392,Paleography,0.359,Southern Levant,0.12,Egypt,0.094,Sinai,0.041,Medium,-0.012,Low,-0.028,High,-0.029,0.169,"Dolfini, A.; Scholes, S.C.; Collins, J.; Hardy, S.; Joyce, T.J. Dolfini, Andrea (36662188800); Scholes, Susan Claire (7004465255); Collins, Joshua (58115713000); Hardy, Sean (58115900500); Joyce, Thom"
study_0212,"Roumpou, M",1896,Archaeology,0.418,Radiocarbon Chronology,0.379,Bioarchaeology,0.378,Egypt,0.183,Southern Levant,0.172,Sinai,0.132,Low,0.006,High,-0.011,Medium,-0.027,0.202,"Roumpou, M.; Vika, E.; Hachtmann, V.; Voutsaki, S. Roumpou, Maria (57222732948); Vika, Efrossini (26645189600); Hachtmann, Vasco (58108073700); Voutsaki, Sofia (24504594200) 57222732948; 26645189600; "
study_0213,"Shahack-Gross, R",2086,Meta-Analysis,0.199,Epigraphy,0.123,Paleobotany,0.1,Sinai,0.126,Southern Levant,0.12,Egypt,0.055,High,0.092,Low,0.081,Medium,0.05,0.139,"Shahack-Gross, R.; Ogloblin-Ramirez, I.; Zajac, P.R.; Arkin-Shalev, E.; Zilberman, T.; Yasur, G.; Matskevich, S.; Martin, S.R.; Gilboa, A.; Sharon, I.; Yasur-Landau, A. Shahack-Gross, Ruth (6602936767"
study_0214,"Strong, R",1800,Archaeology,0.366,Cognitive Archaeology,0.316,Artifact Typology,0.288,Egypt,0.072,Sinai,0.061,Southern Levant,0.007,Medium,0.073,High,0.029,Low,-0.0,0.17,"Strong, R.L.J.; Fibiger, L. Strong, Rebecca L.J. (58072531800); Fibiger, Linda (55249826200) 58072531800; 55249826200 An experimental investigation of cutmark analysis of sharp force trauma in the Bro"
study_0215,"Savory, G",1940,Archaeology,0.407,Settlement Archaeology,0.403,Landscape Archaeology,0.369,Southern Levant,0.122,Sinai,0.1,Egypt,0.042,High,0.041,Low,-0.002,Medium,-0.055,0.19,"Savory, G.; Cressey, M.; Hunter, F.; Hastie, M.; Johnson, M.; Kershaw, R.; Carruthers, G. Savory, Gary (57215079341); Cressey, Mike (14028119400); Hunter, Fraser J. (36820766700); Hastie, Mhairi (5722"
study_0216,"Meier, J",1890,Zooarchaeology,0.328,Comparative Mythology,0.316,Archaeology,0.31,Egypt,0.144,Southern Levant,0.131,Sinai,0.036,Low,0.018,High,-0.014,Medium,-0.034,0.163,"Meier, J.S.; Price, G.C.; Shelton, K. Meier, Jacqueline S. (56704425800); Price, Gypsy C. (56749428300); Shelton, Kim S. (57189093965) 56704425800; 56749428300; 57189093965 “Well” off in animals: A ta"
study_0217,"Varalli, A",1938,Epigraphy,0.27,Stratigraphy,0.226,Radiocarbon Chronology,0.212,Southern Levant,0.196,Sinai,0.172,Egypt,0.109,High,0.137,Medium,0.073,Low,0.066,0.201,"Varalli, A.; Peake, R.; Auxiette, G.; Balter, V.; Delattre, V.; Gouge, P.; Mordant, C.; Roscio, M.; Toulemonde, F.; André, G.; Herrscher, E. Varalli, Alessandra (56534311400); Peake, Rebecca (58105176"
study_0218,"Lis, B",1908,Archaeology,0.398,Paleography,0.324,Cognitive Archaeology,0.319,Egypt,0.141,Southern Levant,0.093,Sinai,0.092,Medium,0.065,Low,0.037,High,-0.012,0.201,"Lis, B.; Mommsen, H.; Sterba, J.H. Lis, Bartłomiej (57190859033); Mommsen, Hans (6701356332); Sterba, Johannes H. (14049197800) 57190859033; 6701356332; 14049197800 Production and distribution of Whit"
study_0219,"Karastoyanova, N",1800,Paleoclimatology,0.409,Bioarchaeology,0.351,Isotope Geochemistry,0.351,Southern Levant,0.154,Egypt,0.154,Sinai,0.107,Low,0.018,Medium,0.01,High,-0.022,0.194,"Karastoyanova, N.; Nikolova, S.; Nekhrizov, G. Karastoyanova, Nadezhda (56979341800); Nikolova, Stella (58550342600); Nekhrizov, Georgi B. (55962327600) 56979341800; 58550342600; 55962327600 Faunal re"
study_0220,"Madgwick, R",2094,Isotope Geochemistry,0.521,Radiocarbon Chronology,0.477,Archaeology,0.468,Southern Levant,0.145,Egypt,0.102,Sinai,0.08,High,0.002,Low,-0.02,Medium,-0.023,0.223,"Madgwick, R.; Esposito, C.; Lamb, A.L. Madgwick, Richard (45161754500); Esposito, Carmen Mariarosaria (57209463887); Lamb, Angela L. (7102445484) 45161754500; 57209463887; 7102445484 Farming and feast"
study_0221,"Kassianidou, V",2023,Archaeology,0.469,Settlement Archaeology,0.397,Cognitive Archaeology,0.382,Southern Levant,0.183,Egypt,0.161,Sinai,0.149,Medium,0.04,Low,0.006,High,0.004,0.23,"Kassianidou, V. Kassianidou, Vasiliki (6506084934) 6506084934 Early Types of Cypriot Bronze Age Metal Ingots 2023 Interdisciplinary Contributions to Archaeology 2023 1323 1354 0 10.1007/978-3-031-2733"
study_0222,"Bernard Knapp, A",2023,Archaeology,0.497,Cognitive Archaeology,0.438,Settlement Archaeology,0.419,Egypt,0.203,Southern Levant,0.2,Sinai,0.16,High,0.031,Medium,0.029,Low,0.01,0.243,"Bernard Knapp, A.B. Bernard Knapp, A. (7102421506) 7102421506 A Social Archaeometallurgy of Bronze Age Cyprus 2023 Interdisciplinary Contributions to Archaeology 2023 1303 1322 0 10.1007/978-3-031-273"
study_0223,"Ortiz, S",1900,Archaeology,0.573,Cognitive Archaeology,0.528,Settlement Archaeology,0.512,Southern Levant,0.229,Egypt,0.187,Sinai,0.173,High,0.062,Medium,-0.026,Low,-0.039,0.288,"Ortiz, S.M. Ortiz, Steven M. (55427131900) 55427131900 Gezer Destructions: A Case Study of a Border City 2023 Interdisciplinary Contributions to Archaeology 2023 723 751 0 10.1007/978-3-031-27330-8_31"
study_0225,"Nielsen, N",1998,Archaeology,0.505,Landscape Archaeology,0.422,Settlement Archaeology,0.414,Egypt,0.424,Southern Levant,0.28,Sinai,0.275,Medium,0.081,Low,0.02,High,-0.012,0.337,"Nielsen, N. Nielsen, Nicky (57199837876) 57199837876 Subsistence Strategies and Craft Production at the Ancient Egyptian Ramesside Fort of Zawiyet Umm el-Rakham 2023 1 218 0 https://www.scopus.com/inw"
study_0224,"Fischer, P",2080,Settlement Archaeology,0.427,Archaeology,0.411,Landscape Archaeology,0.371,Sinai,0.153,Southern Levant,0.143,Egypt,0.129,Low,-0.021,Medium,-0.028,High,-0.032,0.186,"Fischer, P.M.; Bürge, T. Fischer, Peter M. (57212080908); Bürge, Teresa (56038710600) 57212080908; 56038710600 The New Swedish Cyprus Expedition (The Söderberg Expedition): Excavations at Hala Sultan "
study_0226,"Mervel, M",2023,Archaeology,0.498,Landscape Archaeology,0.465,Settlement Archaeology,0.45,Southern Levant,0.254,Egypt,0.23,Sinai,0.199,High,0.051,Low,0.03,Medium,0.012,0.268,"Mervel, M. Mervel, Máté (58577855900) 58577855900 New archaeobotanical finds from the Baradla Cave 2023 Dissertationes Archaeologicae ex Instituto Archaeologico Universitatis de Rolando Eotvos Nominat"
study_0227,"Verešová, V",2023,Archaeology,0.379,Settlement Archaeology,0.329,Stratigraphy,0.32,Southern Levant,0.246,Egypt,0.166,Sinai,0.117,Medium,0.057,Low,0.022,High,0.012,0.227,"Verešová, V.; Hulková, L.; Ryś-Jarmuzėk, A. Verešová, Veronika (58943398700); Hulková, Lucia (56584598300); Ryś-Jarmuzėk, Agnieszka (58931010900) 58943398700; 56584598300; 58931010900 GRINDING THROUGH"
study_0228,"Dumas, A",2023,Historical Geography,0.34,Paleoclimatology,0.335,Paleography,0.326,Southern Levant,0.181,Egypt,0.131,Sinai,0.087,Medium,0.054,Low,-0.008,High,-0.019,0.192,"Dumas, A. Dumas, Antoine (58928988200) 58928988200 Protohistoric Cultural Interactions in Atlantic Europe: a general perspective from Brittany to Galicia; Interactions culturelles protohistoriques en "
study_0229,"Turk, P",2023,Archaeology,0.405,Bioarchaeology,0.344,Paleobotany,0.332,Egypt,0.223,Sinai,0.123,Southern Levant,0.113,Low,0.076,High,0.055,Medium,0.02,0.235,"Turk, P. Turk, Peter (57210767523) 57210767523 Into the caves, into the waters. From selective burials to communal cemeteries; V jame in vode. Od selektivnih pokopov do grobišč celih skupnosti 2023 Ar"
study_0230,"Yahalom-Mack, N",1946,Radiocarbon Chronology,0.366,Archaeology,0.323,Isotope Geochemistry,0.314,Southern Levant,0.322,Sinai,0.229,Egypt,0.229,Medium,0.048,High,0.026,Low,-0.031,0.245,"Yahalom-Mack, N.; Finn, D.M.; Erel, Y. Yahalom-Mack, Naama (54781946400); Finn, Daniel M. (57382724700); Erel, Yigal (7004222436) 54781946400; 57382724700; 7004222436 Assessing the Circulation of Arab"
study_0231,"Varfolomeev, V",2023,Paleoclimatology,0.335,Stratigraphy,0.3,Bioarchaeology,0.288,Egypt,0.146,Sinai,0.111,Southern Levant,0.084,High,0.096,Low,0.064,Medium,0.038,0.192,"Varfolomeev, V. Varfolomeev, Viсtor V. (36992540600) 36992540600 An extraordinary burial from Begazy-Dandybay burial ground Tesiktas 2023 Kazakhstan Archeology 2023 2 112 126 0 10.52967/akz2023.4.22.1"
study_0232,"Kuzminykh, S",2020,Isotope Geochemistry,0.321,Radiocarbon Chronology,0.265,Stratigraphy,0.258,Egypt,0.08,Southern Levant,0.067,Sinai,0.026,Medium,0.016,High,-0.028,Low,-0.028,0.139,"Kuzminykh, S.; Degtyareva, A.D.; Orlovskaya, L.B.; Vinogradov, N.B. Kuzminykh, Serguei Vladimirovich (34768272400); Degtyareva, A. D. (57202073610); Orlovskaya, L. B. (57198436165); Vinogradov, Nikola"
study_0233,"Tkachev, V",2023,Paleoclimatology,0.253,Comparative Mythology,0.243,Bioarchaeology,0.24,Southern Levant,0.082,Egypt,0.055,Sinai,-0.063,Medium,0.045,Low,0.005,High,-0.019,0.127,"Tkachev, V.V.; Kosintsev, P.A.; Bachura, O.P.; Baitileu, D.A. Tkachev, V. V. (55249902200); Kosintsev, Pavel A. (22134777900); Bachura, Olga P. (15060156900); Baitileu, Darkhan A. (57729808400) 552499"
study_0234,"Wolframm-Murray, Y",2023,Settlement Archaeology,0.263,Landscape Archaeology,0.245,Archaeology,0.24,Southern Levant,0.071,Sinai,0.047,Egypt,0.022,High,0.079,Low,0.073,Medium,0.035,0.138,"Wolframm-Murray, Y.; Burke, J.; Atkins, R. Wolframm-Murray, Yvonne (58688668900); Burke, Jim (58754878100); Atkins, Rob (26646248800) 58688668900; 58754878100; 26646248800 Bronze Age barrow and pit al"
study_0235,"Kulkova, M",2023,Isotope Geochemistry,0.406,Historical Geography,0.4,Radiocarbon Chronology,0.385,Southern Levant,0.167,Egypt,0.14,Sinai,0.058,Medium,0.051,Low,-0.002,High,-0.016,0.208,"Kulkova, M.A. Kulkova, Marianna A. (57221495216) 57221495216 ENVIRONMENTAL AND CULTURAL TRANSFORMATIONS AT THE TURN OF THE LATE BRONZE AND EARLY IRON AGE IN THE STEPPE BELT OF EURASIA; ПРИРОДНЫЕ И КУЛ"
study_0236,"Grigoriev, S",2023,Archaeology,0.45,Settlement Archaeology,0.378,Landscape Archaeology,0.374,Egypt,0.179,Southern Levant,0.169,Sinai,0.121,High,0.014,Medium,-0.014,Low,-0.024,0.214,"Grigoriev, S. Grigoriev, Stanislav A. (36971467300) 36971467300 ORIGINS AND MIGRATIONS OF THE THRACIANS 2023 Journal of Ancient History and Archaeology 10 3 5 29 0 10.14795/j.v10i3.882 https://www.sco"
study_0237,"Agalarzade, A",1900,Geoarchaeology,0.402,Historical Geography,0.378,Stratigraphy,0.367,Southern Levant,0.196,Egypt,0.124,Sinai,0.043,High,-0.018,Medium,-0.056,Low,-0.065,0.193,"Agalarzade, A.M.; Nasirova, L.Sh.; Guseynova, M.M. Agalarzade, Anar M. (57226280678); Nasirova, Lala Sh (58682265100); Guseynova, Matanat M. (58682721900) 57226280678; 58682265100; 58682721900 ARCHEOL"
study_0238,"Balabanova, M",2002,Bioarchaeology,0.448,Paleoclimatology,0.432,Paleography,0.389,Egypt,0.088,Southern Levant,0.068,Sinai,0.026,Medium,0.012,Low,0.003,High,-0.044,0.183,"Balabanova, M.A. Balabanova, Mariya A. (57200231021) 57200231021 THE PROBLEM OF FORMING A SAMPLE FOR BIOARCHAEOLOGICAL RESEARCH (BASED ON THE RESULTS OF THE STUDY OF PALEOANTHROPOLOGICAL MATERIALS OF "
study_0240,"Weeden, M",2023,Radiocarbon Chronology,0.298,Archaeology,0.261,Paleoclimatology,0.255,Southern Levant,0.39,Egypt,0.244,Sinai,0.17,High,0.037,Medium,0.031,Low,-0.006,0.241,"Weeden, M. Weeden, Mark (42862776900) 42862776900 The Iron Age States of Central Anatolia and Northern Syria 2023 4 912 1026 0 10.1093/oso/9780190687632.003.0046 https://www.scopus.com/inward/record.u"
study_0239,"Fedoruk, A",2023,Archaeology,0.419,Paleography,0.382,Landscape Archaeology,0.372,Egypt,0.183,Southern Levant,0.111,Sinai,0.088,High,0.042,Medium,0.034,Low,0.011,0.214,"Fedoruk, A. Fedoruk, A. S. (57224858362) 57224858362 Ceramics of the “Dongal type” in the materials of the monuments of the steppe and forest-steppe Altai 2023 Kazakhstan Archeology 21 3 32 47 0 10.52"
study_0241,"Anton, S",2023,Geoarchaeology,0.363,Stratigraphy,0.357,Isotope Geochemistry,0.337,Southern Levant,0.222,Sinai,0.168,Egypt,0.164,High,0.093,Low,0.035,Medium,0.023,0.226,"Anton, S.V. Anton, Shipilov V. (58394357500) 58394357500 CULTURAL AND CHRONOLOGICAL COMPLEXES OF THE BERYOZOVAYA GRIVA I SETTLEMENT IN THE LOWER KAMA REGION; КУЛЬТУРНО-ХРОНОЛОГИЧЕСКИЕ КОМПЛЕКСЫ БЕРЁЗО"
study_0242,"Hale, C",1893,Archaeology,0.526,Landscape Archaeology,0.456,Settlement Archaeology,0.431,Southern Levant,0.192,Sinai,0.188,Egypt,0.157,Medium,0.059,High,0.032,Low,0.024,0.259,"Hale, C.M. Hale, Christopher M. (57189363104) 57189363104 Love thy (Middle Bronze Age) neighbor: A network model for central and northern Greece 2023 Journal of Island and Coastal Archaeology 18 4 635"
study_0243,"Berger, D",2023,Radiocarbon Chronology,0.414,Isotope Geochemistry,0.387,Paleoclimatology,0.36,Southern Levant,0.14,Sinai,0.09,Egypt,0.086,Medium,0.048,Low,-0.0,High,-0.028,0.201,"Berger, D.; Kaniuth, K.; Brügmann, G.; Pernicka, E. Berger, Daniel (56539352300); Kaniuth, Kai (26035987200); Brügmann, Gerhard E. (7003762925); Pernicka, Ernst (7003411364) 56539352300; 26035987200; "
study_0244,"Berger, D",2023,Epigraphy,0.261,Paleoclimatology,0.257,Isotope Geochemistry,0.249,Sinai,0.154,Egypt,0.125,Southern Levant,0.111,High,0.042,Medium,0.025,Low,0.019,0.152,"Berger, D.; Kaniuth, K.; Boroffka, N.; Brügmann, G.; Kraus, S.; Lutz, J.; Teufer, M.; Wittke, A.; Pernicka, E. Berger, Daniel (56539352300); Kaniuth, Kai (26035987200); Boroffka, Nikolaus G.O. (566246"
study_0245,"Golubeva, E",2044,Archaeology,0.402,Paleoclimatology,0.401,Isotope Geochemistry,0.386,Southern Levant,0.134,Sinai,0.122,Egypt,0.113,Low,0.03,Medium,0.025,High,0.025,0.189,"Golubeva, E.N.; Lyganov, A.V. Golubeva, Ekaterina N. (57204451409); Lyganov, A. V. (57194326310) 57204451409; 57194326310 STONE SCRAPERS OF THE KURMANAKOVO IV SITE OF THE LATE BRONZE AGE IN THE LOWER "
study_0246,"Lyganov, A",1943,Radiocarbon Chronology,0.28,Geoarchaeology,0.267,Stratigraphy,0.256,Egypt,0.158,Sinai,0.142,Southern Levant,0.112,High,0.069,Low,0.0,Medium,-0.011,0.169,"Lyganov, A.V.; Morozov, V.V.; Smirnov, A.L.; Askeyev, I.V. Lyganov, A. V. (57194326310); Morozov, Victor V. (57201216909); Smirnov, Alexey L. (57221960363); Askeyev, Igor V. (8267705800) 57194326310; "
study_0247,"Kashchey, O",2000,Geoarchaeology,0.378,Paleoclimatology,0.374,Stratigraphy,0.371,Egypt,0.176,Sinai,0.151,Southern Levant,0.113,High,0.059,Medium,0.021,Low,0.02,0.205,"Kashchey, O.A.; Nedashkovsky, L.F. Kashchey, Olesya А. (58164320000); Nedashkovsky, Leonard Fyodorovich (55543275600) 58164320000; 55543275600 Сhronology of the Karakiyasay II rock art; ХРОНОЛОГИЯ НАС"
study_0248,"Kudinova, M",2043,Archaeology,0.463,Cognitive Archaeology,0.436,Settlement Archaeology,0.409,Southern Levant,0.105,Egypt,0.104,Sinai,0.046,Medium,-0.029,High,-0.048,Low,-0.098,0.18,"Kudinova, M.A.; Ivanova, D.A.; Tabarev, A.V. Kudinova, Maria Andreevna (57204361448); Ivanova, Darya A. (57198432445); Tabarev, Andrew V. (23971572500) 57204361448; 57198432445; 23971572500 The Concep"
study_0249,"Tomas, T",2025,Archaeology,0.522,Landscape Archaeology,0.451,Cognitive Archaeology,0.447,Egypt,0.189,Southern Levant,0.188,Sinai,0.13,High,-0.005,Low,-0.011,Medium,-0.021,0.236,"Tomas, T. Tomas, Tino (58520258200) 58520258200 The results of the excavations at the prehistoric stone mound in Drinovci with a special focus on gold finds; Rezultati istraživanja prapovijesne kamene"
study_0250,"Zariņa, G",1888,Archaeology,0.418,Settlement Archaeology,0.378,Landscape Archaeology,0.372,Southern Levant,0.178,Egypt,0.086,Sinai,0.061,Medium,0.062,Low,0.011,High,-0.012,0.219,"Zariņa, G.; Visocka, V.; Legzdiņa, D.; Ceriņa, A.; Plankājs, E.; Meža, J. Zariņa, Gunita (14326486900); Visocka, Vanda (57216829080); Legzdiņa, Dardega (57188861283); Ceriņa, Aija (16201779300); Plank"
study_0251,"Otroshchenko, V",2023,Archaeology,0.316,Paleography,0.311,Paleoclimatology,0.294,Egypt,0.153,Southern Levant,0.119,Sinai,0.111,Medium,0.065,High,0.054,Low,0.024,0.178,"Otroshchenko, V.V. Otroshchenko, Vitalii V. (58143465900) 58143465900 “Z” SIGNS IN THE PICTORIAL TRADITION OF THE LATE BRONZE AGE POPULATION; ЗНАК «Z» В ОБРАЗОТВОРЧІЙ ТРАДИЦІЇ НАСЕЛЕННЯ ДОБИ ПІЗНЬОЇ Б"
study_0252,"Loshakova, T",1910,Archaeology,0.414,Stratigraphy,0.348,Settlement Archaeology,0.341,Egypt,0.197,Southern Levant,0.162,Sinai,0.108,Medium,0.026,High,0.009,Low,-0.042,0.212,"Loshakova, T.; Usachuk, A. Loshakova, Tatyana N. (57191073357); Usachuk, Anatoliy N. (57211778480) 57191073357; 57211778480 Collection of bone artifacts of Toksanbai settlement (North-Eastern Caspian "
study_0253,"Goroshnikov, A",2032,Isotope Geochemistry,0.32,Radiocarbon Chronology,0.251,Stratigraphy,0.251,Southern Levant,0.119,Egypt,0.089,Sinai,0.077,Medium,-0.002,Low,-0.023,High,-0.081,0.146,"Goroshnikov, A.; Goroshnikova, Z.; Smekalova, T.; Antipenko, A. Goroshnikov, Andrey A. (58405904900); Goroshnikova, Zoya V. (58408041600); Smekalova, Tatyana N. (6508163460); Antipenko, Anna Vital Evn"
study_0254,"Marina, I",2023,Isotope Geochemistry,0.408,Radiocarbon Chronology,0.371,Stratigraphy,0.316,Southern Levant,0.159,Egypt,0.124,Sinai,0.095,Low,0.062,Medium,0.057,High,0.032,0.21,"Marina, I.V. Marina, Ivanishcheva V. (58393589100) 58393589100 EAST COMPONENT IN THE BRONZE AGE AND EARLY IRON AGE MATERIALS OF THE MIDDLE AND LOWER SUKHONA; ВОСТОЧНЫЙ КОМПОНЕНТ В МАТЕРИАЛАХ ЭПОХИ БРО"
study_0255,"Usachuk Anatoliy, U",2023,Isotope Geochemistry,0.3,Stratigraphy,0.29,Paleoclimatology,0.257,Sinai,0.124,Egypt,0.124,Southern Levant,0.074,High,0.04,Low,0.017,Medium,-0.007,0.155,"Usachuk Anatoliy, U.N.; Andrei, G.A.; Roman, M.A. Usachuk Anatoliy, N. (58159807600); Andrei, Goroshnikov A. (58398254300); Roman, Mimokhod A. (58396692200) 58159807600; 58398254300; 58396692200 PRIMA"
study_0256,"Eshel, T",1877,Archaeology,0.345,Radiocarbon Chronology,0.301,Isotope Geochemistry,0.29,Southern Levant,0.423,Sinai,0.294,Egypt,0.282,Medium,0.075,High,0.059,Low,0.035,0.281,"Eshel, T.; Tirosh, O.; Bornstein, Y.; Bar, S. Eshel, Tzilla (23090983400); Tirosh, Ofir (55389396600); Bornstein, Yoav (57543382300); Bar, Shay (36187781400) 23090983400; 55389396600; 57543382300; 361"
study_0257,"Nemirovsky, A",2023,Radiocarbon Chronology,0.243,Historical Geography,0.237,Paleography,0.227,Egypt,0.151,Sinai,0.124,Southern Levant,0.057,High,0.014,Low,0.01,Medium,-0.024,0.136,"Nemirovsky, A. Nemirovsky, Alexander A. (57215696754) 57215696754 “The Leading Ones” and “Kings”: What Did Manetho Know About the Political Disintegration of the Second Intermediate Period, and How Di"
study_0258,"Mimokhod, R",2054,Radiocarbon Chronology,0.531,Stratigraphy,0.397,Isotope Geochemistry,0.301,Egypt,0.111,Southern Levant,0.057,Sinai,0.013,High,0.036,Low,0.025,Medium,-0.022,0.226,"Mimokhod, R.A. Mimokhod, Roman A. (57205439336) 57205439336 14С DATA OF POST-CATACOMB SITES IN THE VOLGA REGION AND THE VOLGA-URALS IN THE CONTEXT OF REGIONAL RADIOCARBON CHRONOLOGY; 14С ДАННЫЕ ПОСТКА"
study_0259,"Liphanov, N",2011,Stratigraphy,0.404,Archaeology,0.394,Paleography,0.36,Egypt,0.13,Sinai,0.116,Southern Levant,0.059,Low,0.039,High,0.031,Medium,-0.018,0.191,"Liphanov, N.A. Liphanov, Nikolay A. (57201193952) 57201193952 THE EXCAVATIONS OF THE BURIAL GROUND BRUSYANY II IN 2020; РАСКОПКИ МОГИЛЬНИКА БРУСЯНЫ II В 2020 Г 2023 Povolzhskaya Arkheologiya 1 43 54 6"
study_0260,"Najafov, S",1974,Bioarchaeology,0.306,Settlement Archaeology,0.304,Archaeology,0.297,Egypt,0.171,Sinai,0.106,Southern Levant,0.104,Medium,0.117,Low,0.037,High,0.027,0.198,"Najafov, S.N. Najafov, Sh N. (57219744051) 57219744051 CLAY SEALS-PINTADERAS FROM SARVANTEPE SETTLEMENT; ГЛИНЯНЫЕ ПЕЧАТИ-ПИНТАДЕРЫ ИЗ ПОСЕЛЕНИЯ САРВАНТЕПЕ 2023 Povolzhskaya Arkheologiya 1 43 76 91 0 1"
study_0261,"Berrocal-Rangel, L",1993,Landscape Archaeology,0.463,Paleoclimatology,0.442,Stratigraphy,0.425,Southern Levant,0.311,Sinai,0.23,Egypt,0.15,Medium,0.033,Low,0.025,High,0.017,0.269,"Berrocal-Rangel, L.; Martín, A.M.; Amador, R.C.; Rastrojo, M.R. Berrocal-Rangel, Luis (35385960000); Martín, Alfredo Mederos (56484952800); Amador, Rafael Caso (58199336300); Rastrojo, Manuel Rodrígue"
study_0262,"Díaz-Guardamino, M",2023,Archaeology,0.427,Landscape Archaeology,0.396,Paleography,0.395,Southern Levant,0.192,Egypt,0.122,Sinai,0.077,Medium,0.087,High,0.0,Low,-0.005,0.235,"Díaz-Guardamino, M. Díaz-Guardamino, Marta (56166038900) 56166038900 Rock art technology, Reflectance Transformation Imaging (RTI) and experimental archaeology: recent research on Iberian Late Bronze "
study_0263,"Wang, W",1801,Settlement Archaeology,0.453,Landscape Archaeology,0.316,Archaeology,0.301,Southern Levant,0.152,Egypt,0.1,Sinai,-0.066,High,-0.002,Medium,-0.003,Low,-0.028,0.201,"Wang, W.; Xu, W. Wang, Wenjing (57221791801); Xu, Wenpeng (57203111042) 57221791801; 57203111042 Communities and Social Dynamics: A Comparative Analysis of Settlement Systems in the Yuxi Valley and No"
study_0264,"Schreiber, F",2098,Radiocarbon Chronology,0.517,Archaeology,0.45,Stratigraphy,0.401,Southern Levant,0.111,Egypt,0.087,Sinai,0.081,High,0.002,Medium,-0.008,Low,-0.016,0.21,"Schreiber, F.A.; Korochkova, O.N.; Novikov, I.K.; Usmanova, E.R. Schreiber, Finn A. (57787071600); Korochkova, Olga Nikolaevna (34768408200); Novikov, Igor K. (57209821545); Usmanova, Emma Radikovna ("
study_0265,"Minkevičius, K",1887,Isotope Geochemistry,0.306,Radiocarbon Chronology,0.219,Paleobotany,0.208,Egypt,0.168,Southern Levant,0.153,Sinai,0.12,Medium,0.013,High,0.006,Low,-0.002,0.162,"Minkevičius, K.; Piličiauskiene, G.; Podenas, V.; Micelicaitė, V.; Kontrimas, D.; Šapolaitė, J.; Ežerinskis, Ž.; Garbaras, A.; Čivilyte, A.; Luik, H.; Tamulynas, L. Minkevičius, Karolis (57210581724);"
study_0266,"Sotiriadou, T",1922,Bioarchaeology,0.396,Archaeology,0.394,Paleoclimatology,0.381,Southern Levant,0.251,Egypt,0.148,Sinai,0.14,Medium,0.046,High,0.029,Low,0.021,0.231,"Sotiriadou, T.; Tornero, C.; Malgosa, A.; Sureda, P.; Jordana, X. Sotiriadou, T. (58039466300); Tornero, Carlos (55762393200); Malgosa, AssumpciÃ³ Malgosa (6602449452); Sureda, Pau (57192272886); Jord"
study_0267,"Eshel, T",1946,Archaeology,0.324,Radiocarbon Chronology,0.282,Cognitive Archaeology,0.257,Southern Levant,0.364,Egypt,0.189,Sinai,0.117,Low,0.012,Medium,0.0,High,-0.013,0.233,"Eshel, T.; Gilboa, A.; Tirosh, O.; Erel, Y.; Yahalom-Mack, N. Eshel, Tzilla (23090983400); Gilboa, Ayelet (6603034742); Tirosh, Ofir (55389396600); Erel, Yigal (7004222436); Yahalom-Mack, Naama (54781"
study_0268,"Müller, M",2023,Bioarchaeology,0.351,Zooarchaeology,0.308,Archaeology,0.299,Egypt,0.435,Sinai,0.327,Southern Levant,0.235,High,0.068,Medium,0.051,Low,-0.01,0.285,"Müller, M. Müller, Miriam (59763440900) 59763440900 Sidder Grove in the Delta: A Perspective on Heqanakht's Domestic Setting 2023 Harvard Egyptological Studies 16 108 121 0 10.1163/9789004459533_009 h"
study_0269,"Mielke, D",2022,Archaeology,0.467,Stratigraphy,0.447,Epigraphy,0.441,Southern Levant,0.205,Egypt,0.13,Sinai,0.11,Low,0.024,Medium,0.017,High,0.008,0.232,"Mielke, D.P. Mielke, Dirk Paul (35386692800) 35386692800 Geometric painted pottery of the 2nd millennium BC in the Central Black Sea Region: A contribution to the archaeology of the Kaska 2022 21 58 0"
study_0270,"Loshakova, T",1910,Archaeology,0.526,Settlement Archaeology,0.476,Landscape Archaeology,0.388,Egypt,0.222,Southern Levant,0.176,Sinai,0.168,High,0.041,Medium,0.029,Low,0.013,0.263,"Loshakova, T. Loshakova, Tatyana N. (57191073357) 57191073357 Burials at Bronze Age settlements in North-Eastern pre-Caspian 2022 Kazakhstan Archeology 2022 4 73 83 0 10.52967/akz2022.4.18.73.83 https"
study_0271,"Grigoriev, S",2022,Archaeology,0.355,Radiocarbon Chronology,0.341,Isotope Geochemistry,0.339,Egypt,0.128,Southern Levant,0.109,Sinai,0.051,Medium,0.094,High,0.043,Low,0.036,0.192,"Grigoriev, S. Grigoriev, Stanislav A. (36971467300) 36971467300 About “metallurgical furnaces of shaft type” in the Late Bronze Age of Kazakhstan 2022 Kazakhstan Archeology 2022 4 58 72 0 10.52967/akz"
study_0272,"Vaezi, A",2029,Radiocarbon Chronology,0.352,Paleoclimatology,0.308,Stratigraphy,0.292,Southern Levant,0.238,Egypt,0.154,Sinai,0.129,High,-0.001,Low,-0.019,Medium,-0.041,0.196,"Vaezi, A.; Routh, J.; Djamali, M.; Gurjazkaitė, K.; Tavakoli, V.; Naderi Beni, A.N.; Roberts, P. Vaezi, Alireza (55938334700); Routh, Joyanto (7003939387); Djamali, Morteza (14044985200); Gurjazkaitė,"
study_0273,"Powell, W",1908,Isotope Geochemistry,0.165,Epigraphy,0.152,Paleography,0.125,Sinai,0.092,Southern Levant,0.025,Egypt,0.023,Low,0.158,High,0.118,Medium,0.091,0.139,"Powell, W.; Frachetti, M.; Pulak, C.; Arthur Bankoff, H.; Barjamovic, G.; Johnson, M.; Mathur, R.; Pigott, V.C.; Price, M.; Yener, K.A. Powell, Wayne G. (26431567900); Frachetti, Michael David (260405"
study_0274,"Šálková, T",2000,Archaeology,0.354,Stratigraphy,0.28,Cognitive Archaeology,0.278,Sinai,0.232,Southern Levant,0.223,Egypt,0.19,High,0.045,Medium,0.024,Low,-0.019,0.21,"Šálková, T.; Vobejda, L.; Chvojka, O.; Beneš, J.; Vondrovský, V.; Kuna, M.; Křivánek, R.; Menšík, P.; Novák, J. Šálková, Tereza (55956732000); Vobejda, Libor (57981983200); Chvojka, Ondřej (2663190010"
study_0275,"Kreimerman, I",1928,Stratigraphy,0.454,Archaeology,0.449,Geoarchaeology,0.444,Sinai,0.207,Egypt,0.199,Southern Levant,0.163,High,0.028,Medium,-0.028,Low,-0.029,0.23,"Kreimerman, I.; Garfinkel, Y.; Hasel, M.G.; Shahack-Gross, R. Kreimerman, Igor (57031928800); Garfinkel, Yosef (12766370200); Hasel, Michael G. (26648447600); Shahack-Gross, Ruth (6602936767) 57031928"
study_0276,"González-Rabanal, B",2008,Radiocarbon Chronology,0.295,Paleoclimatology,0.218,Stratigraphy,0.216,Southern Levant,0.258,Sinai,0.175,Egypt,0.132,Medium,0.096,High,0.068,Low,0.046,0.216,"González-Rabanal, B.; Marín-Arroyo, A.B.; Cristiani, E.; Zupancich, A.; González-Morales, M.R. González-Rabanal, Borja (57200880369); Marín-Arroyo, Ana Belén (23470171800); Cristiani, Emanuela (552003"
study_0277,"Yagel, O",1902,Archaeology,0.38,Cognitive Archaeology,0.326,Radiocarbon Chronology,0.286,Southern Levant,0.395,Sinai,0.261,Egypt,0.226,High,0.002,Low,-0.025,Medium,-0.048,0.259,"Yagel, O.; Ben-Yosef, E. Yagel, Omri A. (57190229459); Ben-Yosef, Erez (25642703200) 57190229459; 25642703200 Lead in the Levant during the Late Bronze and early Iron Ages 2022 Journal of Archaeologic"
study_0278,"Aulsebrook, S",1939,Archaeology,0.567,Settlement Archaeology,0.485,Cognitive Archaeology,0.472,Egypt,0.152,Southern Levant,0.15,Sinai,0.073,Medium,0.017,High,-0.001,Low,-0.016,0.245,"Aulsebrook, S. Aulsebrook, Stephanie (57000447200) 57000447200 The impact of archaeological recording on the study of metal artefacts. mycenae 1939: A case study 2022 Annual of the British School at A"
study_0279,"Genchi, F",2022,Stratigraphy,0.386,Radiocarbon Chronology,0.38,Epigraphy,0.357,Southern Levant,0.287,Egypt,0.26,Sinai,0.206,Medium,0.001,Low,-0.009,High,-0.039,0.224,"Genchi, F.; Tursi, G. Genchi, Francesco (16425281700); Tursi, Giampiero (57835806200) 16425281700; 57835806200 The softstone vessels assemblage from the Long Collective Grave 1 (LCG-1) at Dibbā al-Bay"
study_0280,"Tian, D",1964,Isotope Geochemistry,0.262,Stratigraphy,0.222,Artifact Typology,0.213,Sinai,0.104,Southern Levant,0.084,Egypt,0.038,Low,0.094,Medium,0.09,High,0.056,0.153,"Tian, D.; Sun, Y.; Ritchey, M.M.; Xi, T.; Ren, M.; Ma, J.; Wang, J.; Zhao, Z.; Ling, X.; Liu, X. Tian, Duo (57196452430); Sun, Yufeng (57220959831); Ritchey, Melissa M. (57220956468); Xi, Tongyuan (57"
study_0281,"Simčenka, E",2019,Radiocarbon Chronology,0.502,Isotope Geochemistry,0.4,Paleoclimatology,0.343,Southern Levant,0.122,Egypt,0.099,Sinai,0.073,High,0.0,Low,-0.004,Medium,-0.025,0.208,"Simčenka, E.; Kozakaitė, J.; Piličiauskiene, G.; Gaižauskas, L.; Piličiauskas, G. Simčenka, Edvardas (57216484211); Kozakaitė, Justina (56367833800); Piličiauskiene, Giedre (52864398600); Gaižauskas, "
study_0282,"Polo Romero, L",1939,Geoarchaeology,0.305,Cartography,0.298,Volcanology,0.29,Southern Levant,0.116,Sinai,0.102,Egypt,0.079,High,0.1,Low,0.068,Medium,0.054,0.174,"Polo Romero, L.A.; Manzanares, D.M. Polo Romero, L. Alberto (57919394400); Manzanares, Diana Morales (57214144573) 57919394400; 57214144573 Cogotas I in Madrid’s Countryside: An Analysis on the Relati"
study_0283,"Valenzuela-Suau, L",1800,Bioarchaeology,0.322,Zooarchaeology,0.321,Archaeology,0.274,Southern Levant,0.181,Egypt,0.11,Sinai,0.081,High,0.029,Medium,0.027,Low,0.007,0.177,"Valenzuela-Suau, L.; Valenzuela-Lama, S.; Salvà, B.; Fornés, J.; Javaloyas Molina, D.; Oliver, L.; Rivals, F.; Bosch, D. Valenzuela-Suau, Lua (56015758300); Valenzuela-Lama, Sílvia (58875311800); Salv"
study_0284,"Niebieszczański, J",2020,Geoarchaeology,0.437,Landscape Archaeology,0.383,Archaeology,0.38,Southern Levant,0.144,Sinai,0.108,Egypt,0.082,Low,0.004,Medium,-0.003,High,-0.006,0.195,"Niebieszczański, J.; Bahyrycz, C.; Żurkiewicz, D.; Szambelan, W. Niebieszczański, Jakub (57202014001); Bahyrycz, Cezary (57218902363); Żurkiewicz, Danuta (57203268367); Szambelan, Witold (57843910100)"
study_0285,"Virginia Alves Martins, M",2012,Ceramic Analysis,0.19,Volcanology,0.166,Epigraphy,0.158,Southern Levant,0.152,Sinai,0.12,Egypt,0.078,Low,0.098,High,0.097,Medium,0.061,0.146,"Virginia Alves Martins, M.; Cazelli, L.; Yhasnara, M.; da CristineSilva, L.; Barros Saibro, M.; Bobco, F.E.R.; Rubio, B.; Ferreira, B.; Castelo, W.F.L.; Santos, J.F.; Ribeiro, S.; Frontalini, F.; Mart"
study_0286,"Someeh, H",2022,Archaeology,0.416,Radiocarbon Chronology,0.34,Stratigraphy,0.326,Egypt,0.272,Southern Levant,0.205,Sinai,0.17,High,0.001,Low,-0.032,Medium,-0.034,0.23,"Someeh, H.N.; Nobari, A.H.; Konyar, E. Someeh, Hossein Naseri (57363653200); Nobari, Alireza Hejebri (36099653200); Konyar, Erkan (8078436500) 57363653200; 36099653200; 8078436500 Archaeology of Qara "
study_0287,"Demurtas, L",2022,Stratigraphy,0.476,Paleoclimatology,0.408,Hydrology,0.398,Southern Levant,0.17,Egypt,0.112,Sinai,0.108,High,0.027,Low,-0.023,Medium,-0.071,0.224,"Demurtas, L.; Bruno, L.; Lugli, S.; Fontana, D. Demurtas, Luca (58316112500); Bruno, Luigi (7103374701); Lugli, Stefano (55926439900); Fontana, Daniela (7102369253) 58316112500; 7103374701; 5592643990"
study_0288,"Manning, S",2022,Volcanology,0.54,Geoarchaeology,0.368,Paleoclimatology,0.343,Egypt,0.172,Southern Levant,0.172,Sinai,0.16,High,0.009,Medium,-0.014,Low,-0.039,0.24,"Manning, S.W. Manning, Sturt W. (7103371157) 7103371157 Second Intermediate Period date for the Thera (Santorini) eruption and historical implications 2022 PLOS ONE 17 9 September e0274835 0 10.1371/j"
study_0289,"Iacono, F",2090,Epigraphy,0.256,Isotope Geochemistry,0.245,Paleoclimatology,0.234,Sinai,0.184,Southern Levant,0.146,Egypt,0.129,High,0.068,Low,0.024,Medium,-0.005,0.169,"Iacono, F.; Borgna, E.; Cattani, M.; Cavazzuti, C.; Dawson, H.; Galanakis, Y.; Gori, M.; Iaia, C.; Ialongo, N.; Lachenal, T.; Lorrio Alvarado, A.; Micó, R.; Molloy, B.; Nafplioti, A.; Pêche-Quilichini"
study_0290,"Oğuz-Kırca, E",2022,Ethnohistory,0.252,Philology,0.231,Comparative Mythology,0.208,Egypt,0.196,Sinai,0.119,Southern Levant,0.117,High,0.076,Medium,0.063,Low,0.041,0.175,"Oğuz-Kırca, E.D. Oğuz-Kırca, Eser Deniz (56403412200) 56403412200 Two Identities As Local and Adapted(?): Hemithea and Eileityhia; Yerel ve Devsirme? Iki Kimlik: Hemithea ve Eileithyia 2022 Belleten 8"
study_0291,"Richards, M",1953,Meta-Analysis,0.19,Epigraphy,0.16,Paleoclimatology,0.147,Sinai,0.119,Southern Levant,0.103,Egypt,0.049,Low,0.113,High,0.092,Medium,0.074,0.141,"Richards, M.P.; Smith, C.; Nehlich, O.; Grimes, V.; Weston, D.; Mittnik, A.; Krause, J.; Dobney, K.; Tzedakis, Y.; Martlew, H. Richards, Michael P. (55953686600); Smith, Colin I. (7501659689); Nehlich"
study_0292,"Berger, D",2022,Archaeology,0.408,Artifact Typology,0.362,Radiocarbon Chronology,0.357,Egypt,0.121,Southern Levant,0.115,Sinai,0.066,Medium,0.048,High,0.023,Low,-0.002,0.192,"Berger, D.; Brügmann, G.; Friedrich, R.; Lutz, J.; Meyer, H.-P.; Pernicka, E. Berger, Daniel (56539352300); Brügmann, Gerhard E. (7003762925); Friedrich, Ronny (56999926500); Lutz, Joachim (3669649680"
study_0293,"Schreiber, F",2022,Archaeology,0.526,Cognitive Archaeology,0.443,Settlement Archaeology,0.434,Southern Levant,0.141,Egypt,0.136,Sinai,0.104,Medium,0.034,High,0.034,Low,0.019,0.234,"Schreiber, F.A. Schreiber, Finn A. (57787071600) 57787071600 Social and chronological aspects of the Late Bronze age burial site of Kokcha 3 (Uzbekistan) 2022 Journal of Archaeological Science: Report"
study_0294,"Shishlina, N",2015,Radiocarbon Chronology,0.388,Stratigraphy,0.382,Archaeology,0.365,Southern Levant,0.19,Egypt,0.182,Sinai,0.089,Medium,0.029,High,0.019,Low,0.012,0.202,"Shishlina, N.I.; Loboda, A.Y.; Bogdanov, S.V.; Vaschenkova, E.S.; Tereschenko, E.Y. Shishlina, Natalia I. (6505938328); Loboda, Anastasia Yu (57201551151); Bogdanov, S. V. (57194182706); Vaschenkova, "
study_0295,"Riddick, N",1888,Radiocarbon Chronology,0.429,Stratigraphy,0.33,Archaeology,0.311,Southern Levant,0.116,Sinai,0.107,Egypt,0.088,Medium,0.035,Low,-0.007,High,-0.048,0.193,"Riddick, N.L.; Boyce, J.I.; Şahoǧlu, V.; Erkanal, H.; Tuğcu, İ.; Alkan, Y.; Reinhardt, E.G.; Goodman-Tchernov, B.N. Riddick, Nicholas L. (57188874933); Boyce, Joseph I. (7201747367); Şahoǧlu, Vasif (1"
study_0296,"Earle, T",2080,Archaeology,0.54,Settlement Archaeology,0.466,Cognitive Archaeology,0.434,Southern Levant,0.186,Egypt,0.159,Sinai,0.158,Medium,0.038,Low,0.022,High,0.013,0.255,"Earle, T.; Olsen, A.-L.H.; Eriksen, B.V.; Henriksen, P.S.; Kristensen, I.K. Earle, Timothy K. (6602101616); Olsen, Anne Louise Haack (57223336353); Eriksen, Berit Valentin (55745720800); Henriksen, Pe"
study_0297,"Llull Estarellas, B",1876,Radiocarbon Chronology,0.397,Isotope Geochemistry,0.381,Archaeology,0.369,Southern Levant,0.202,Egypt,0.174,Sinai,0.173,Medium,0.079,Low,0.008,High,0.007,0.226,"Llull Estarellas, B.; Perelló Mateo, L.; Calvo-Trias, M. Llull Estarellas, Bartomeu (57226187604); Perelló Mateo, Laura (57226195237); Calvo-Trias, Manuel (54891340100) 57226187604; 57226195237; 54891"
study_0298,"Basso Rial, R",2023,Radiocarbon Chronology,0.498,Stratigraphy,0.442,Isotope Geochemistry,0.385,Southern Levant,0.227,Sinai,0.155,Egypt,0.139,Medium,0.02,High,-0.029,Low,-0.031,0.248,"Basso Rial, R.E.; Jover Maestre, F.J.; López Padilla, J.A. Basso Rial, Ricardo E. (57202381226); Jover Maestre, Francisco Javier (57140639500); López Padilla, Juan Antonio (26631983900) 57202381226; 5"
study_0299,"Llull Estarellas, B",1876,Radiocarbon Chronology,0.284,Paleoclimatology,0.282,Stratigraphy,0.27,Southern Levant,0.126,Egypt,0.075,Sinai,0.032,Medium,0.065,High,0.063,Low,0.022,0.158,"Llull Estarellas, B.; Perelló Mateo, L.; Calvo-Trias, M. Llull Estarellas, Bartomeu (57226187604); Perelló Mateo, Laura (57226195237); Calvo-Trias, Manuel (54891340100) 57226187604; 57226195237; 54891"
study_0302,"Susnow, M",2001,Archaeology,0.466,Cognitive Archaeology,0.447,Settlement Archaeology,0.384,Southern Levant,0.396,Sinai,0.242,Egypt,0.22,High,-0.021,Low,-0.062,Medium,-0.066,0.281,"Susnow, M. Susnow, Matthew (57200142662) 57200142662 Toward a Methodology for Identifying Ritual in the Archaeological Record: A Case Study from the Southern Levant 2022 Journal of Religion 102 3 376 "
study_0300,"Vignola, C",1960,Paleoclimatology,0.16,Meta-Analysis,0.16,Epigraphy,0.156,Sinai,0.21,Southern Levant,0.184,Egypt,0.107,High,0.072,Low,0.064,Medium,0.058,0.147,"Vignola, C.; Hättestrand, M.; Bonnier, A.; Finné, M.; Izdebski, A.; Katrantsiotis, C.; Kouli, K.; Liakopoulos, G.C.; Norström, E.; Papadaki, M.; Strandberg, N.A.; Weiberg, E.; Masi, A. Vignola, Cristi"
study_0301,"Moore, M",1908,Radiocarbon Chronology,0.404,Stratigraphy,0.359,Archaeology,0.335,Sinai,0.241,Egypt,0.236,Southern Levant,0.214,High,0.102,Low,0.058,Medium,0.039,0.249,"Moore, M.W.; Weeks, L.; Cable, C.; al-Ali, Y.; Boraik, M.; Zein, H. Moore, Mark W. (7404470187); Weeks, Lloyd R. (7004568681); Cable, Charlotte Marie (57190834469); al-Ali, Yaaqoub Youssef (5720388661"
study_0303,"Goriachev, A",2020,Archaeology,0.548,Settlement Archaeology,0.536,Cognitive Archaeology,0.454,Egypt,0.183,Southern Levant,0.179,Sinai,0.083,Medium,0.031,High,-0.005,Low,-0.031,0.254,"Goriachev, A.; Frachetti, M. Goriachev, A. A. (57202091470); Frachetti, Michael David (26040591500) 57202091470; 26040591500 Traditions of Settlement in Bronze Age Zhetysu (Kazakhstan) 2022 Kazakhstan"
study_0304,"Kalieva, Z",2022,Ceramic Analysis,0.542,Archaeology,0.405,Isotope Geochemistry,0.399,Egypt,0.19,Southern Levant,0.173,Sinai,0.101,Medium,0.056,High,0.036,Low,0.014,0.263,"Kalieva, Z. Kalieva, Zhanargul S. (58090217400) 58090217400 General characteristics of ceramics from Bronze Age settlements Zhezkazgan-Ulytau region 2022 Kazakhstan Archeology 2022 2 121 135 0 10.5296"
study_0305,"Eshel, T",1946,Isotope Geochemistry,0.328,Radiocarbon Chronology,0.321,Archaeology,0.272,Southern Levant,0.329,Egypt,0.152,Sinai,0.15,Low,-0.007,Medium,-0.011,High,-0.017,0.217,"Eshel, T.; Erel, Y.; Yahalom-Mack, N.; Tirosh, O.; Gilboa, A. Eshel, Tzilla (23090983400); Erel, Yigal (7004222436); Yahalom-Mack, Naama (54781946400); Tirosh, Ofir (55389396600); Gilboa, Ayelet (6603"
study_0306,"Scott, A",2047,Meta-Analysis,0.192,Ceramic Analysis,0.116,Epigraphy,0.112,Sinai,0.05,Southern Levant,-0.01,Egypt,-0.051,Medium,0.058,Low,0.032,High,0.027,0.1,"Scott, A.; Reinhold, S.; Hermes, T.; Kalmykov, A.A.; Belinskiy, A.B.; Buzhilova, A.P.; Berezina, N.Y.; Kantorovich, A.R.; Maslov, V.E.; Guliyev, F.; Lyonnet, B.; Gasimov, P.; JALILOV, B.; Eminli, J.; "
study_0307,"Wang, T",2022,Radiocarbon Chronology,0.284,Paleoclimatology,0.264,Isotope Geochemistry,0.259,Southern Levant,0.021,Egypt,0.006,Sinai,-0.005,Medium,-0.021,Low,-0.042,High,-0.07,0.095,"Wang, T.; Wei, D.; Jiang, Z.; Xia, X.; Wu, Y.; Han, Z.; Qu, Y.; Hu, Y.; Fuller, B.T. Wang, Tingting (57417854200); Wei, Dong (56440735100); Jiang, Zhilong (57750095600); Xia, Xiumin (57657247200); Wu,"
study_0308,"Borisov, A",2022,Archaeology,0.526,Landscape Archaeology,0.49,Settlement Archaeology,0.459,Southern Levant,0.203,Egypt,0.17,Sinai,0.087,Low,-0.047,Medium,-0.048,High,-0.048,0.228,"Borisov, A.; Korobov, D.S.; Sergeev, A.; Kashirskaya, N.N. Borisov, Aleksandr V. (34567600900); Korobov, Von Dmitrij Sergeevič (38161760600); Sergeev, Alexey Yu (57213592432); Kashirskaya, N. N. (1506"
study_0309,"Janovský, M",2045,Stratigraphy,0.293,Isotope Geochemistry,0.261,Epigraphy,0.241,Egypt,0.094,Sinai,0.093,Southern Levant,0.012,High,0.005,Low,0.003,Medium,-0.038,0.131,"Janovský, M.P.; Horák, J.; Ackermann, O.; Tavger, A.; Cassuto, D.; Šmejda, L.; Hejcman, M.; Anker, Y.; Shai, I. Janovský, Martin Petr (57204540855); Horák, Jan (56053260300); Ackermann, Oren (66028048"
study_0310,"Nowak, K",1917,Archaeology,0.419,Stratigraphy,0.382,Paleography,0.332,Southern Levant,0.113,Egypt,0.112,Sinai,0.065,Medium,0.016,Low,-0.046,High,-0.053,0.183,"Nowak, K.; Stos-Gale, Z.A.; Stolarczyk, T.; Miazga, B. Nowak, Kamil (56191782500); Stos-Gale, Zofia Anna (6602480094); Stolarczyk, Tomasz (56414598500); Miazga, Beata (8987721600) 56191782500; 6602480"
study_0311,"Lankton, J",2022,Archaeology,0.458,Settlement Archaeology,0.429,Cognitive Archaeology,0.377,Southern Levant,0.1,Egypt,0.089,Sinai,0.069,Medium,0.024,High,-0.012,Low,-0.018,0.194,"Lankton, J.W.; Pulak, C.; Gratuze, B. Lankton, James W. (26428210200); Pulak, Cemal (35764691700); Gratuze, Bernard (6506982186) 26428210200; 35764691700; 6506982186 Glass ingots from the Uluburun shi"
study_0312,"Gavranović, M",1927,Stratigraphy,0.26,Epigraphy,0.258,Isotope Geochemistry,0.244,Sinai,0.202,Southern Levant,0.193,Egypt,0.162,High,0.073,Low,0.042,Medium,0.035,0.178,"Gavranović, M.; Mehofer, M.; Kapuran, A.; Koledin, J.; Mitrović, J.; Papazovska, A.; Pravidur, A.; Orđević, A.; Jacanović, D. Gavranović, Mario (42161321600); Mehofer, Mathias (35092874300); Kapuran, "
study_0313,"Albizuri, S",2054,Zooarchaeology,0.351,Bioarchaeology,0.304,Paleoclimatology,0.246,Southern Levant,0.133,Egypt,0.051,Sinai,-0.015,Medium,0.081,Low,0.057,High,0.044,0.189,"Albizuri, S.; Grandal-d’Anglade, A.; López-Cachero, F.J. Albizuri, Silvia (55488738000); Grandal-d’Anglade, Aurora (57205470684); López-Cachero, F. Javier (26646711900) 55488738000; 57205470684; 26646"
study_0314,"Kot, M",1901,Stratigraphy,0.233,Epigraphy,0.222,Bioarchaeology,0.204,Southern Levant,0.181,Sinai,0.118,Egypt,0.065,High,0.019,Low,0.005,Medium,-0.027,0.144,"Kot, M.; Gryczewska, N.; Szymanek, M.; Moskal-del Hoyo, M.; Szeliga, M.; Berto, C.; Wojenka, M.; Krajcarz, M.; Krajcarz, M.T.; Wertz, K.; Fedorowicz, S.; Jaskulska, E.; Pilcicka-Ciura, H. Kot, Małgorz"
study_0315,"Nonat, L",1926,Historical Geography,0.357,Stratigraphy,0.274,Geoarchaeology,0.269,Southern Levant,0.276,Egypt,0.181,Sinai,0.166,Medium,-0.004,Low,-0.02,High,-0.047,0.21,"Nonat, L.; Prieto Martínez, M.P.P.; Liz, P.V. Nonat, Laure (57355040500); Prieto Martínez, Maria Pilar (16158037500); Liz, Pablo Vázquez (57192677668) 57355040500; 16158037500; 57192677668 The funerar"
study_0316,"Blanchet, S",1988,Archaeology,0.433,Settlement Archaeology,0.41,Cognitive Archaeology,0.376,Southern Levant,0.174,Egypt,0.115,Sinai,0.075,Medium,0.069,High,0.021,Low,0.016,0.225,"Blanchet, S.; la Collaboration de Pihuit, A.P. Blanchet, Stéphane (52963329300); la Collaboration de Pihuit, Avec Patrick (59676198800) 52963329300; 59676198800 The funerary practices of the middle an"
study_0317,"Berger, D",2098,Radiocarbon Chronology,0.439,Isotope Geochemistry,0.376,Archaeology,0.366,Southern Levant,0.114,Sinai,0.084,Egypt,0.072,Medium,0.012,High,-0.042,Low,-0.045,0.188,"Berger, D.; Wang, Q.; Brügmann, G.; Lockhoff, N.; Roberts, B.W.; Pernicka, E. Berger, Daniel (56539352300); Wang, Quanyu (57215507968); Brügmann, Gerhard E. (7003762925); Lockhoff, Nicole (57209826528"
study_0318,"Yahalom-Mack, N",1946,Archaeology,0.416,Radiocarbon Chronology,0.382,Isotope Geochemistry,0.333,Southern Levant,0.132,Sinai,0.086,Egypt,0.079,High,0.037,Medium,0.007,Low,-0.009,0.195,"Yahalom-Mack, N.; Finn, D.M.; Erel, Y.; Tirosh, O.; Galili, E.; Yasur-Landau, A. Yahalom-Mack, Naama (54781946400); Finn, Daniel M. (57382724700); Erel, Yigal (7004222436); Tirosh, Ofir (55389396600);"
study_0321,"Connelly, J",1957,Comparative Mythology,0.305,Archaeology,0.304,Epigraphy,0.29,Sinai,0.182,Egypt,0.174,Southern Levant,0.135,Medium,0.048,High,0.008,Low,0.004,0.178,"Connelly, J.B. Connelly, Joan Breton (57195751200) 57195751200 Portrait of a Priestess: Women and Ritual in Ancient Greece 2022 1 446 0 https://www.scopus.com/inward/record.uri?eid=2-s2.0-85199630293&"
study_0319,"Patterson, N",2049,Meta-Analysis,0.175,Statistical Synthesis,0.12,Ceramic Analysis,0.107,Sinai,-0.017,Southern Levant,-0.079,Egypt,-0.122,High,0.046,Low,0.039,Medium,0.004,0.068,"Patterson, N.; Isakov, M.; Booth, T.; Büster, L.; Fischer, C.-E.; Olalde, I.; Ringbauer, H.; Akbari, A.; Cheronet, O.; Bleasdale, M.; Adamski, N.; Altena, E.; Bernardos, R.; Brace, S.; Broomandkhoshba"
study_0322,"Grabbe, L",2022,Radiocarbon Chronology,0.27,Archaeology,0.259,Settlement Archaeology,0.24,Southern Levant,0.349,Sinai,0.278,Egypt,0.211,High,0.095,Medium,0.002,Low,-0.001,0.238,"Grabbe, L.L. Grabbe, Lester L. (26037996800) 26037996800 THE DAWN OF ISRAEL: A HISTORY OF CANAAN IN THE SECOND MILLENNIUM BCE 2022 1 356 0 https://www.scopus.com/inward/record.uri?eid=2-s2.0-851938822"
study_0320,"Özkan, A",2022,Philology,0.31,Archaeology,0.293,Geoarchaeology,0.281,Egypt,0.257,Southern Levant,0.107,Sinai,0.062,High,-0.0,Medium,-0.024,Low,-0.053,0.189,"Özkan, A. Özkan, Ali (59651669500) 59651669500 New Findings from Tire and Mount Kartal; Tire ve Kartal Dağı’ndaki Yeni Tespitler 2022 Anadolu Arastirmalari 27 151 173 0 10.26650/anar.2022.1117141 http"
study_0323,"Eftimovski, I",1856,Geoarchaeology,0.371,Archaeology,0.316,Historical Geography,0.307,Egypt,0.28,Southern Levant,0.255,Sinai,0.228,Low,0.024,Medium,0.017,High,0.007,0.225,"Eftimovski, I. Eftimovski, Igor (58185691600) 58185691600 THE ECONOMIC BASIS OF THE OHRID-PRESPA-MALIQ LAKE REGION IN THE 1ST MILLENNIUM BCE 2022 Ziva Antika 72 1-2 261 286 0 10.47054/ZIVA22721-2261e "
study_0325,"Teodoro, M",2000,Archaeology,0.418,Paleography,0.375,Historical Geography,0.346,Egypt,0.455,Sinai,0.328,Southern Levant,0.223,High,-0.052,Low,-0.071,Medium,-0.077,0.274,"Teodoro, M.D. Teodoro, Micòl Di (58629311300) 58629311300 The Preservation of Monuments in the Written Sources of Dynastic Egypt between 2000 and 1550 BC 2022 Middle Kingdom Studies 12 81 99 0 https:/"
study_0324,"Chechushkov, I",1921,Isotope Geochemistry,0.269,Geoarchaeology,0.23,Stratigraphy,0.227,Egypt,0.188,Southern Levant,0.082,Sinai,0.062,Low,0.003,High,0.003,Medium,-0.0,0.153,"Chechushkov, I.V.; Semyan, I.A. Chechushkov, I. V. (55151581300); Semyan, Ivan A. (57192106140) 55151581300; 57192106140 EXPERIMENTAL STUDY OF THE STEPPE CHARIOT (Based on materials from the Sintashta"
study_0326,"Radić Rossi, I",2022,Archaeology,0.468,Cognitive Archaeology,0.408,Settlement Archaeology,0.408,Southern Levant,0.179,Egypt,0.157,Sinai,0.103,High,0.03,Low,0.022,Medium,-0.028,0.226,"Radić Rossi, I.R.; Arena, A. Radić Rossi, Irena (49664049900); Arena, Alberta (57491024800) 49664049900; 57491024800 PREHISTORIC POTTERY FROM THE DEEP SEA ALONG THE EASTERN ADRIATIC COAST 2022 Archaeo"
study_0328,"Eid, A",2022,Archaeology,0.383,Epigraphy,0.319,Paleography,0.293,Egypt,0.439,Sinai,0.303,Southern Levant,0.234,Medium,0.046,High,0.046,Low,-0.012,0.289,"Eid, A.H. Eid, Ali Hassan (58510346500) 58510346500 The Journey from Authenticity to Forgery: A Case-study on an Adzeblade (Egyptian Museum Cairo JE 67944) of the Thirteenth Dynasty 2022 Middle Kingdo"
study_0327,"Kazarnitsky, A",1870,Paleography,0.478,Archaeology,0.464,Paleoclimatology,0.459,Southern Levant,0.2,Egypt,0.175,Sinai,0.119,Medium,-0.006,Low,-0.024,High,-0.029,0.224,"Kazarnitsky, A.A. Kazarnitsky, Alexei A. (36473518700) 36473518700 Craniological data on migrations from the West to Eastern Europe in the Post-Catacomb period 2022 Camera Praehistorica 2022 2 134 144"
study_0329,"Tarbay, J",2022,Archaeology,0.411,Artifact Typology,0.355,Cognitive Archaeology,0.334,Egypt,0.187,Southern Levant,0.121,Sinai,0.062,Low,0.009,High,0.0,Medium,-0.01,0.202,"Tarbay, J.G. Tarbay, János Gábor (57160299600) 57160299600 A Late Bronze Age ‘Hoard’ and Metal Stray Finds from Tiszalök-Rázompuszta (Szabolcs-Szatmár-Bereg County, Hungary) Artefacts from the Protect"
study_0330,"Soriano, E",1922,Stratigraphy,0.416,Archaeology,0.37,Radiocarbon Chronology,0.37,Southern Levant,0.23,Sinai,0.174,Egypt,0.164,High,0.094,Medium,0.044,Low,0.037,0.246,"Soriano, E.; Fontanals, N.R.; Marín, D.; Cattin, F. Soriano, Eni (56485729200); Fontanals, Núria Rafel (60126590100); Marín, Dioscórides (57192270436); Cattin, Florence (36999844000) 56485729200; 6012"
study_0331,"Agulnikov, S",2022,Paleoclimatology,0.408,Isotope Geochemistry,0.403,Radiocarbon Chronology,0.369,Southern Levant,0.149,Egypt,0.143,Sinai,0.098,Medium,0.045,High,0.043,Low,0.013,0.201,"Agulnikov, S. Agulnikov, Serghei M. (57212841555) 57212841555 Late Bronze Age complexes of the Căplani I-La Yurt settlement in the North-East of the Budjak steppe; Complexe ale epocii bronzului târziu"
study_0332,"Kolesnikov, R",1903,Geoarchaeology,0.484,Stratigraphy,0.457,Isotope Geochemistry,0.366,Southern Levant,0.18,Sinai,0.13,Egypt,0.13,Low,-0.024,Medium,-0.033,High,-0.055,0.213,"Kolesnikov, R.; Tupakhina, O.; Tupakhin, D.; Plekhanova, L. Kolesnikov, Roman Aleksandrovich (57190337973); Tupakhina, Olga S. (58154189500); Tupakhin, Daniil S. (57216822726); Plekhanova, L. N. (9244"
study_0334,"Parker, H",2022,Epigraphy,0.434,Archaeology,0.404,Stratigraphy,0.359,Sinai,0.439,Southern Levant,0.413,Egypt,0.282,High,0.013,Medium,-0.018,Low,-0.034,0.295,"Parker, H. Parker, Hope (58144094200) 58144094200 THE PROTO-SINAITIC INSCRIPTIONS AT SERABIT EL-KHADIM IN THEIR ARCHAEOLOGICAL CONTEXT: DATE AND FUNCTION 2022 Agypten und Levante 32 269 311 0 10.1553/"
study_0333,"Merrillees, R",1867,Epigraphy,0.35,Paleobotany,0.249,Paleoclimatology,0.242,Egypt,0.35,Sinai,0.285,Southern Levant,0.171,High,0.089,Low,0.037,Medium,-0.013,0.263,"Merrillees, R. Merrillees, Robert S. (55318674800) 55318674800 A RED LUSTROUS WHEEL-MADE SPINDLE BOTTLE WITH AN EGYPTIAN HIEROGLYPHIC INSCRIPTION IN THE EGYPT CENTRE, SWANSEA UNIVERSITY, WALES 2022 Ag"
study_0335,"Mishchenko, A",2022,Archaeology,0.409,Isotope Geochemistry,0.387,Stratigraphy,0.37,Egypt,0.236,Sinai,0.155,Southern Levant,0.115,High,0.068,Low,0.009,Medium,0.006,0.238,"Mishchenko, A.I. Mishchenko, Anastasia I. (58117644600) 58117644600 THE PROBLEM OF ARCHAEOLOGICAL STUDY OF THE FINAL STAGE OF HITTITE KINGDOM HISTORY: HISTORIOGRAPHICAL ASPECT; ПРОБЛЕМА АРХЕОЛОГИЧЕСКО"
study_0336,"Horejs, B",2005,Epigraphy,0.231,Meta-Analysis,0.188,Paleobotany,0.187,Sinai,0.141,Southern Levant,0.135,Egypt,0.077,High,0.106,Medium,0.088,Low,0.068,0.159,"Horejs, B.; Bulatović, A.; Bulatović, J.; Burke, C.; Brandl, M.; Dietrich, L.; Filipović, D.; Milic, B.; Mladenovic, O.; Schinnerl, N.; Schroedter, T.M.; Webster, L.C. Horejs, Barbara (39261734000); B"
study_0337,"Eriksen, M",2022,Archaeology,0.409,Settlement Archaeology,0.35,Cognitive Archaeology,0.317,Egypt,0.104,Southern Levant,0.068,Sinai,0.067,Low,-0.012,Medium,-0.025,High,-0.05,0.167,"Eriksen, M.H. Eriksen, Marianne Hem (55931060800) 55931060800 Body-Worldings of Later Scandinavian Prehistory Making Oddkin with Two Body-Objects 2022 Current Swedish Archaeology 30 65 94 0 10.37718/C"
study_0338,"Grigoriev, S",2022,Radiocarbon Chronology,0.416,Isotope Geochemistry,0.387,Volcanology,0.383,Egypt,0.156,Sinai,0.115,Southern Levant,0.111,High,0.019,Low,-0.018,Medium,-0.023,0.197,"Grigoriev, S. Grigoriev, Stanislav A. (36971467300) 36971467300 CHRONOLOGY OF THE SEIMA-TURBINO BRONZES BASED ON NEAR EASTERN AND CHINESE SOURCES AND THE DATING OF THE SANTORINI ERUPTION; ХРОНОЛОГИЯ С"
study_0339,"Shipilov, A",2022,Radiocarbon Chronology,0.431,Settlement Archaeology,0.423,Archaeology,0.418,Egypt,0.128,Sinai,0.106,Southern Levant,0.084,High,0.021,Low,0.003,Medium,-0.008,0.193,"Shipilov, A.V. Shipilov, Anton V. (35763134800) 35763134800 CHARACTERISTICS OF THE NEOLITHIC, PALAEOMETALLIC AND EARLY IRON AGE COMPLEXES OF BEREZOVOGRIVSKO-ALEKSEEVSKOE III SETTLEMENT IN THE LOWER KA"
study_0340,"Buriánek, D",1902,Paleoclimatology,0.417,Radiocarbon Chronology,0.411,Stratigraphy,0.398,Sinai,0.165,Southern Levant,0.145,Egypt,0.102,Low,0.019,High,-0.026,Medium,-0.057,0.201,"Buriánek, D.; Hubatka, F.; Kirchner, K.; Krejčí, O.; Krejčí, V.; Navrátil, A. Buriánek, David (6603235275); Hubatka, František (6507240330); Kirchner, Karel (7102215151); Krejčí, Oldřich (26642596800)"
study_0341,"Vampilova, L",1992,Stratigraphy,0.335,Historical Geography,0.307,Geoarchaeology,0.304,Southern Levant,0.173,Egypt,0.071,Sinai,0.028,Low,-0.043,Medium,-0.074,High,-0.098,0.155,"Vampilova, L.B.; Manakov, A.G.; Seidaliev, E.I.; Smekalova, T. Vampilova, L. B. (6504319926); Manakov, Andrei G. (7003929696); Seidaliev, Emil I. (57222576331); Smekalova, Tatyana N. (6508163460) 6504"
study_0342,"Lyganov, A",1943,Epigraphy,0.325,Stratigraphy,0.322,Radiocarbon Chronology,0.307,Southern Levant,0.166,Egypt,0.15,Sinai,0.143,High,-0.017,Low,-0.026,Medium,-0.073,0.158,"Lyganov, A.V.; Sattarov, R.R.; Denisov, A.V.; Ivanova, N.V. Lyganov, A. V. (57194326310); Sattarov, Ruzil R. (57223026067); Denisov, Aleksey V. (56527853400); Ivanova, Nataliia V. (57986699900) 571943"
study_0343,"Morozov, V",2012,Radiocarbon Chronology,0.517,Stratigraphy,0.426,Paleoclimatology,0.396,Southern Levant,0.171,Egypt,0.127,Sinai,0.082,Low,-0.024,Medium,-0.033,High,-0.062,0.221,"Morozov, V.V.; Lyganov, A.V.; Vybornov, A.A.; Smirnov, A.L.; Batueva, N.S. Morozov, Victor V. (57201216909); Lyganov, A. V. (57194326310); Vybornov, Aleksandr A. (26423379800); Smirnov, Alexey L. (572"
study_0344,"Martínez-Navarrete, M",1967,Archaeology,0.288,Radiocarbon Chronology,0.251,Stratigraphy,0.247,Southern Levant,0.173,Sinai,0.141,Egypt,0.056,High,0.117,Low,0.052,Medium,0.023,0.193,"Martínez-Navarrete, M.I.; Montero-Ruiz, I.; Rovira-Llorens, S.; Vicent García, J.M. Martínez-Navarrete, M. Isabel (26631967600); Montero-Ruiz, Ignacio (25621603800); Rovira-Llorens, Salvador (55921166"
study_0345,"Volkova, E",1948,Stratigraphy,0.324,Archaeology,0.289,Epigraphy,0.282,Egypt,0.168,Sinai,0.116,Southern Levant,0.041,High,0.032,Low,0.003,Medium,-0.037,0.175,"Volkova, E.V.; Denisov, A.V.; Kormilitsyn, D.V.; Platonov, V.I. Volkova, Ekaterina V. (57986659900); Denisov, Aleksey V. (56527853400); Kormilitsyn, D. V. (57986529300); Platonov, Vladimir I. (5719489"
study_0346,"Serikov, Y",2022,Stratigraphy,0.333,Isotope Geochemistry,0.324,Paleoclimatology,0.318,Egypt,0.185,Sinai,0.152,Southern Levant,0.145,High,0.068,Medium,0.064,Low,0.052,0.195,"Serikov, Y.B. Serikov, Yu Borisovich (34768954400) 34768954400 BALAKINO I – SITE OF THE BRONZE AGE IN THE VICINITY OF NIZHNY TAGIL (MIDDLE TRANSURALS); БАЛАКИНО I – ПАМЯТНИК БРОНЗОВОГО ВЕКА В ОКРЕСТНО"
study_0347,"Valkov, D",1956,Stratigraphy,0.386,Archaeology,0.385,Paleoclimatology,0.38,Southern Levant,0.139,Egypt,0.116,Sinai,0.107,High,-0.032,Low,-0.048,Medium,-0.055,0.164,"Valkov, D.V.; Bolshakova, N.V.; Koshutin, R.A.; Pinigin, G.V. Valkov, Denis V. (57986617800); Bolshakova, Natalia V. (57986741600); Koshutin, Roman A. (57986482200); Pinigin, Gleb (57219568705) 579866"
study_0348,"Kondrashin, V",1900,Paleoclimatology,0.345,Stratigraphy,0.309,Radiocarbon Chronology,0.297,Egypt,0.109,Southern Levant,0.093,Sinai,0.086,Medium,-0.039,High,-0.051,Low,-0.064,0.138,"Kondrashin, V.V.; Ivanova, N.V.; Khokhlov, A.A.; Tsibin, V.A. Kondrashin, Vitaly V. (57254991900); Ivanova, Nataliia V. (57986699900); Khokhlov, Alexandr A. (56688165600); Tsibin, Viktor A. (572109321"
study_0349,"Lyganov, A",1943,Geoarchaeology,0.365,Paleoclimatology,0.33,Radiocarbon Chronology,0.316,Egypt,0.217,Southern Levant,0.207,Sinai,0.115,Low,0.009,Medium,-0.014,High,-0.014,0.197,"Lyganov, A.V.; Morozov, V.V.; Smirnov, A.L.; Khramchenkova Rezida, R. Lyganov, A. V. (57194326310); Morozov, Victor V. (57201216909); Smirnov, Alexey L. (57221960363); Khramchenkova Rezida, K. (572217"
study_0350,"Kuzin-Losev, V",2022,Paleoclimatology,0.315,Paleography,0.296,Stratigraphy,0.28,Southern Levant,0.183,Egypt,0.149,Sinai,0.122,Medium,0.078,Low,0.058,High,0.054,0.192,"Kuzin-Losev, V.I. Kuzin-Losev, Valeriy I. (57979790000) 57979790000 HIGHLIGHTING OF NORTHERN EURASIA SOCIAL ELITES FROM THE POSITION OF CONSCIOUSNESS FORMS; УДК 903 https://doi.org/10.24852/2587-6112."
study_0351,"Fischer, P",2080,Epigraphy,0.196,Meta-Analysis,0.186,Paleoclimatology,0.184,Southern Levant,0.184,Sinai,0.161,Egypt,0.088,High,0.09,Low,0.042,Medium,0.008,0.157,"Fischer, P.M.; Bürge, T.; Robedizo, B.P.; Eriksson, C.; Lorentz, K.O.; Branca, N.M.; Casa, B.; Miyauchi, Y.; Lemmers, S.A.M.; Kayalp, S.; Vassallo, V.; Florindi, S.; Gasanova, S.; Hermon, S.; Chicharr"
study_0352,"Cifani, G",2022,Landscape Archaeology,0.411,Geoarchaeology,0.366,Stratigraphy,0.346,Southern Levant,0.347,Egypt,0.24,Sinai,0.214,Medium,0.023,High,0.014,Low,0.007,0.26,"Cifani, G. Cifani, Gabriele (27367785700) 27367785700 Porta Capena, Capena and Capua; Gabii and Cavum: Place name and landscape archeology; Porta Capena, Capena e Capua; Gabii e Cavum 2022 Melanges de"
study_0353,"Drob, A",1965,Archaeology,0.479,Cognitive Archaeology,0.398,Paleoclimatology,0.369,Egypt,0.211,Sinai,0.148,Southern Levant,0.132,Medium,0.007,High,-0.023,Low,-0.056,0.232,"Drob, A.; Brașoveanu, C. Drob, Ana (57219657552); Brașoveanu, Casandra (57200119170) 57219657552; 57200119170 FRAGMENTARY DISCOVERIES WITHOUT CONTEXT — WHAT CAN WE LEARN MORE? AN ARCHAEOMETRIC APPROAC"
study_0354,"Dong, W",2018,Landscape Archaeology,0.339,Anthropology,0.334,Archaeology,0.296,Southern Levant,0.16,Egypt,0.153,Sinai,0.05,High,0.047,Low,0.035,Medium,0.022,0.182,"Dong, W.; An, C.; Zhang, T.; Niyazi, A. Dong, Weimiao (37360895700); An, C. B. (7102018023); Zhang, Tienan (57859594700); Niyazi, Alipujiang (59914070400) 37360895700; 7102018023; 57859594700; 5991407"
study_0355,"Goldwasser, O",2022,Epigraphy,0.38,Archaeology,0.363,Stratigraphy,0.343,Sinai,0.33,Southern Levant,0.315,Egypt,0.259,High,0.023,Medium,-0.003,Low,-0.008,0.244,"Goldwasser, O. Goldwasser, Orly (36671038100) 36671038100 The Early Alphabetic Inscriptions Found by the Shrine of Hathor at Serabit el-Khadem: Palaeography, Materiality, and Agency 2022 Israel Explor"
study_0356,"Contreras-Cortés, F",2006,Radiocarbon Chronology,0.356,Archaeology,0.335,Paleography,0.317,Southern Levant,0.188,Sinai,0.13,Egypt,0.117,Medium,0.027,Low,-0.034,High,-0.05,0.191,"Contreras-Cortés, F.C.; Aljos, A.D. Contreras-Cortés, Francisco (36815706900); Aljos, Alberto Dorado (57200637349) 36815706900; 57200637349 Data for the study of poliorcetica during the Copper and Bro"
study_0357,"Westra Alexander, J",2022,Archaeology,0.393,Geoarchaeology,0.347,Landscape Archaeology,0.325,Egypt,0.335,Southern Levant,0.33,Sinai,0.311,High,0.013,Medium,0.003,Low,-0.024,0.247,"Westra Alexander, J.D.; Ioannis, L.; Changhong, M. Westra Alexander, J. D. (57812171200); Ioannis, Liritzis (57812960000); Changhong, Miao (57812171300) 57812171200; 57812960000; 57812171300 DEVELOPME"
study_0358,"Vasks, A",2022,Archaeology,0.286,Settlement Archaeology,0.218,Ceramic Analysis,0.214,Southern Levant,0.104,Egypt,0.048,Sinai,0.031,Medium,0.066,Low,0.024,High,-0.019,0.152,"Vasks, A. Vasks, Andrejs (55860482600) 55860482600 Research interests: Latvian archeology, Bronze and Iron Age; Late Bronze and Pre-Roman Iron Age Bronze Rings - Jewellery or Ingots? 2022 Journal of t"
study_0359,"Lyganov, A",1943,Radiocarbon Chronology,0.375,Isotope Geochemistry,0.314,Stratigraphy,0.292,Egypt,0.08,Southern Levant,0.072,Sinai,0.036,High,-0.043,Medium,-0.051,Low,-0.057,0.138,"Lyganov, A.V.; Morozov, V.V.; Smirnov, A.L.; Khramchenkova, R.Kh. Lyganov, A. V. (57194326310); Morozov, Victor V. (57201216909); Smirnov, Alexey L. (57221960363); Khramchenkova, Rezida Kh (5670743310"
study_0360,"Vasiliev, V",2052,Stratigraphy,0.4,Archaeology,0.377,Radiocarbon Chronology,0.352,Southern Levant,0.187,Egypt,0.186,Sinai,0.163,High,0.063,Low,0.055,Medium,0.026,0.216,"Vasiliev, V.N.; Ismagil, R.; Rafikova, Ya.V. Vasiliev, V. N. (57720523900); Ismagil, R. (57719652400); Rafikova, Ya V. (57209879853) 57720523900; 57719652400; 57209879853 THE AGEYEVSKY BURIAL MOUND OF"
study_0361,"Kuptsova, L",2022,Stratigraphy,0.393,Radiocarbon Chronology,0.393,Archaeology,0.376,Southern Levant,0.112,Sinai,0.109,Egypt,0.103,High,0.026,Low,0.022,Medium,-0.043,0.177,"Kuptsova, L.V.; Evgenyev, A.A. Kuptsova, Lidya V. (56943415800); Evgenyev, A. A. (56943473100) 56943415800; 56943473100 THE BURIALS OF THE BRONZE AGE OF THE II BURIAL MOUND NEAR THE VILLAGE VTOROE IMA"
study_0362,"Shvetsova, A",1993,Ceramic Analysis,0.342,Stratigraphy,0.327,Epigraphy,0.313,Egypt,0.165,Southern Levant,0.089,Sinai,0.061,Low,0.055,Medium,0.035,High,0.024,0.187,"Shvetsova, A.A. Shvetsova, Anastasia А. (57719936800) 57719936800 THE ORNAMENTATION SYSTEM OF CERAMIC VESSELS OF THE POZDNYAKOVO CULTURE IN THE LATE BRONZE AGE ON THE TERRITORY OF THE VOLGA-OKA RIGHT "
study_0363,"Harmanşah, Ö",2061,Archaeology,0.478,Landscape Archaeology,0.442,Settlement Archaeology,0.435,Egypt,0.313,Southern Levant,0.285,Sinai,0.195,High,-0.011,Medium,-0.03,Low,-0.056,0.26,"Harmanşah, Ö.; Johnson, P.; Durusu-Tanrıöver, M.; Marsh, B. Harmanşah, Ömür (42061559300); Johnson, Peri (57710058900); Durusu-Tanrıöver, Müge (57191450376); Marsh, Ben (7102169723) 42061559300; 57710"
study_0364,"Epimakhov, A",2022,Isotope Geochemistry,0.503,Paleoclimatology,0.381,Radiocarbon Chronology,0.353,Southern Levant,0.145,Egypt,0.126,Sinai,0.1,Low,0.069,High,0.06,Medium,0.051,0.239,"Epimakhov, A.V.; Zazovskaya, E.P. Epimakhov, Andrey Vladimirovich (16642379500); Zazovskaya, Elya P. (6504450179) 16642379500; 6504450179 Diet and Mobility in the Pre-Urals Bronze Age, Russia (Prelimi"
study_0365,"Kiseleva, D",1894,Isotope Geochemistry,0.158,Stratigraphy,0.147,Statistical Synthesis,0.122,Southern Levant,0.103,Sinai,0.101,Egypt,0.07,Medium,0.055,High,0.046,Low,0.042,0.105,"Kiseleva, D.V.; Soloshenko, N.G.; Okuneva, T.G.; Shagalov, E.S.; Tkachev, V.V.; Bogdanov, S.V.; Ankushev, M.N.; Koryakova, L.N.; Vinogradov, N.B. Kiseleva, Daria V. (35424000900); Soloshenko, Nataliya"
study_0366,"Nykamp, M",1800,Stratigraphy,0.493,Archaeology,0.438,Radiocarbon Chronology,0.425,Sinai,0.235,Southern Levant,0.226,Egypt,0.185,High,0.032,Low,0.006,Medium,-0.012,0.253,"Nykamp, M.; Hauschulz, S.; Hardt, J.; Knitter, D.; May, J.; Hoelzmann, P. Nykamp, Moritz (55760539300); Hauschulz, Stephanie (57410085700); Hardt, Jacob (55951388500); Knitter, Daniel (55550943500); M"
study_0367,"Valenzuela-Suau, L",1937,Isotope Geochemistry,0.559,Radiocarbon Chronology,0.503,Paleoclimatology,0.417,Southern Levant,0.174,Sinai,0.092,Egypt,0.078,High,0.025,Low,0.022,Medium,0.005,0.252,"Valenzuela-Suau, L.; Valenzuela Lamas, S.; Ramis, D.; Bosch, D. Valenzuela-Suau, Lua (56015758300); Valenzuela Lamas, Silvia (36951937200); Ramis, Damià (15744596800); Bosch, Delphine (7102510554) 560"
study_0368,"Vainstub, D",2037,Paleobotany,0.205,Epigraphy,0.195,Zooarchaeology,0.191,Egypt,0.141,Sinai,0.115,Southern Levant,0.08,High,0.036,Medium,-0.016,Low,-0.019,0.127,"Vainstub, D.; Mumcuoglu, M.; Hasel, M.G.; Hesler, K.M.; Lavi, M.; Rabinovich, R.; Goren, Y.; Garfinkel, Y. Vainstub, Daniel (40462721300); Mumcuoglu, Madeleine (56011309900); Hasel, Michael G. (266484"
study_0369,"Di Vito, M",2014,Volcanology,0.471,Paleoclimatology,0.345,Isotope Geochemistry,0.333,Egypt,0.177,Sinai,0.126,Southern Levant,0.119,Low,0.008,High,0.001,Medium,-0.004,0.219,"Di Vito, M.A.; Aurino, P.; Boenzi, G.; Laforgia, E.; Rucco, I. Di Vito, Mauro Antonio (7003383035); Aurino, Paola (57373632100); Boenzi, Giuliana (25924157500); Laforgia, Elena (25924287300); Rucco, I"
study_0370,"Li, Y",1953,Paleoclimatology,0.279,Landscape Archaeology,0.267,Bioarchaeology,0.233,Southern Levant,0.175,Sinai,0.134,Egypt,0.103,High,0.02,Medium,0.009,Low,-0.041,0.158,"Li, Y.; Zhang, C.; Huang, Z.; Liu, H.; Ren, M.; Xi, T.; Ma, J.; Wang, J. Li, Yue (57214694372); Zhang, Chengrui (57214670618); Huang, Zexian (57226641257); Liu, Huan (57214681953); Ren, Meng (57220094"
study_0372,"Xekalaki, G",2021,Archaeology,0.436,Landscape Archaeology,0.394,Historical Geography,0.368,Egypt,0.471,Southern Levant,0.429,Sinai,0.351,Medium,-0.031,High,-0.033,Low,-0.054,0.292,"Xekalaki, G. Xekalaki, Georgia (57322637000) 57322637000 On borders and expansion: Egyptian imperialism in the levant during the ramesside period 2021 Heritage 4 4 3938 3948 0 10.3390/heritage4040216 "
study_0371,"Kaiser, K",2004,Epigraphy,0.266,Paleoclimatology,0.2,Radiocarbon Chronology,0.196,Southern Levant,0.087,Sinai,0.006,Egypt,-0.024,High,0.05,Low,0.042,Medium,0.003,0.134,"Kaiser, K.; Tolksdorf, J.F.; de Boer, A.M.; Herbig, C.; Hieke, F.; Kasprzak, M.; Kočár, P.; Petr, L.; Schubert, M.; Schröder, F.; Fülling, A.; Hemker, C. Kaiser, Knut (15071266100); Tolksdorf, Johann "
study_0373,"Stamataki, E",1900,Epigraphy,0.303,Paleoclimatology,0.282,Stratigraphy,0.247,Sinai,0.188,Southern Levant,0.176,Egypt,0.089,Medium,0.067,High,0.06,Low,0.045,0.186,"Stamataki, E.; Kontopoulos, I.; Salesse, K.; McMillan, R.; Veselka, B.; Sabaux, C.; Annaert, R.; Boudin, M.; Capuzzo, G.; Claeys, P.; Dalle, S.; Hlad, M.; Sengelov, A.; Vercauteren, M.; Warmenbol, E.;"
study_0374,"Hernando, R",1941,Meta-Analysis,0.204,Epigraphy,0.156,Paleobotany,0.156,Sinai,0.143,Southern Levant,0.075,Egypt,-0.014,High,0.151,Low,0.138,Medium,0.116,0.166,"Hernando, R.; Gamarra, B.; McCall, A.; Cheronet, O.; Fernandes, D.M.; Sirak, K.; Schmidt, R.; Lozano, M.; Szeniczey, T.; Hajdu, T.; Bárány, A.; Kalli, A.; Tutkovics, E.K.; Köhler, K.; Kiss, K.; Koós, "
study_0376,"Döpper, S",1928,Stratigraphy,0.412,Epigraphy,0.4,Radiocarbon Chronology,0.35,Southern Levant,0.356,Egypt,0.228,Sinai,0.185,High,0.019,Low,-0.006,Medium,-0.033,0.262,"Döpper, S. Döpper, Stephanie (57192814609) 57192814609 The Middle and Late Bronze Age in Central Oman: New Insights from Tawi Said, Al-Mudhairib and the Wilayat al-Mudhaybi 2021 Arabian Archaeology an"
study_0375,"Kumar, V",2014,Meta-Analysis,0.125,Radiocarbon Chronology,0.122,Isotope Geochemistry,0.121,Southern Levant,0.013,Sinai,-0.006,Egypt,-0.046,Medium,0.066,Low,0.062,High,0.04,0.068,"Kumar, V.; Bennett, E.; Zhao, D.; Liang, Y.; Tang, Y.; Ren, M.; Dai, Q.; Feng, X.; Cao, P.; Yang, R.; Liu, F.; Ping, W.; Zhang, M.; Ding, M.; Yang, M.A.; Amridin, B.; Muttalib, H.; Wang, J.; Fu, Q. Ku"
study_0377,"Svyatko, S",1876,Radiocarbon Chronology,0.494,Isotope Geochemistry,0.356,Paleoclimatology,0.275,Southern Levant,0.054,Egypt,0.023,Sinai,-0.009,Low,0.055,High,0.039,Medium,-0.036,0.201,"Svyatko, S.V.; Schulting, R.J.; Papin, D.; Paula Reimer, P.J. Svyatko, Svetlana Vladimirovna (37089664500); Schulting, Rick J. (6603283174); Papin, Dmitri V. (57216889314); Paula Reimer, Paula Jo (710"
study_0378,"Grandal-d’Anglade, A",2054,Isotope Geochemistry,0.418,Paleoclimatology,0.342,Paleography,0.328,Southern Levant,0.135,Egypt,0.089,Sinai,0.054,Medium,0.027,Low,-0.007,High,-0.025,0.193,"Grandal-d’Anglade, A.; Albizuri, S.; López-Cachero, F.J. Grandal-d’Anglade, Aurora (57205470684); Albizuri, Silvia (55488738000); López-Cachero, F. Javier (26646711900) 57205470684; 55488738000; 26646"
study_0379,"Gentelli, L",1909,Archaeology,0.413,Radiocarbon Chronology,0.402,Stratigraphy,0.347,Southern Levant,0.288,Sinai,0.166,Egypt,0.154,High,0.013,Medium,0.007,Low,-0.008,0.238,"Gentelli, L.; Blichert-Toft, J.; Davis, G.; Gitler, H.; Albarède, F. Gentelli, Liesel (57190945858); Blichert-Toft, Janne (35228367500); Davis, Gil (36994336000); Gitler, Haim (26033835900); Albarède,"
study_0380,"Powell, W",1908,Artifact Typology,0.276,Radiocarbon Chronology,0.273,Isotope Geochemistry,0.233,Sinai,0.16,Egypt,0.039,Southern Levant,0.029,High,0.115,Low,0.096,Medium,0.003,0.183,"Powell, W.; Johnson, M.; Pulak, C.; Yener, K.A.; Mathur, R.; Bankoff, H.A.; Godfrey, L.; Price, M.; Galili, E. Powell, Wayne G. (26431567900); Johnson, Michael (57190845045); Pulak, Cemal (35764691700"
study_0381,"Yu, S",2041,Radiocarbon Chronology,0.517,Isotope Geochemistry,0.378,Paleoclimatology,0.356,Southern Levant,0.156,Egypt,0.074,Sinai,0.065,Low,0.032,High,0.015,Medium,-0.047,0.235,"Yu, S.-Y.; Chen, X.; Fang, Z.; Liu, X.; Li, M.; Guo, J. Yu, Shiyong (7405730786); Chen, Xuexiang (54402526000); Fang, Zhen (57204103915); Liu, Xiuling (57204102400); Li, Ming (57226164836); Guo, Junfe"
study_0382,"Li, H",2060,Archaeology,0.365,Artifact Typology,0.364,Cognitive Archaeology,0.341,Southern Levant,0.15,Egypt,0.148,Sinai,0.098,High,0.037,Low,-0.013,Medium,-0.037,0.184,"Li, H.; Gong, Y.; Cui, J.; Cai, Y.; Cai, Q.; Jiang, Z.; Zhou, Z.; Fan, J. Li, Haichao (57212343807); Gong, Y. (57222060821); Cui, Jianfeng (35190257700); Cai, Y. (57222076579); Cai, Q. (57222077613); "
study_0383,"Dibble, F",2021,Archaeology,0.371,Historical Geography,0.348,Geoarchaeology,0.342,Southern Levant,0.19,Egypt,0.124,Sinai,0.121,Medium,0.047,Low,0.015,High,-0.032,0.203,"Dibble, F.; Finné, M. Dibble, Flint (57041122900); Finné, Martin (36342166200) 57041122900; 36342166200 Socioenvironmental change as a process: Changing foodways as adaptation to climate change in Sou"
study_0384,"Ning, C",1800,Isotope Geochemistry,0.236,Epigraphy,0.224,Radiocarbon Chronology,0.182,Southern Levant,0.09,Egypt,0.088,Sinai,0.073,Low,0.056,Medium,0.054,High,0.054,0.128,"Ning, C.; Zheng, H.-X.; Zhang, F.; Wu, S.; Li, C.; Zhao, Y.; Xu, Y.; Wei, D.; Wu, Y.; Gao, S.; Jin, L.; Cui, Y. Ning, Chao (56540870100); Zheng, Hongxiang (36698630700); Zhang, Fan (57747527500); Wu, "
study_0385,"Rezaei, M",2060,Archaeology,0.409,Cognitive Archaeology,0.349,Landscape Archaeology,0.319,Egypt,0.23,Southern Levant,0.216,Sinai,0.206,High,0.039,Low,-0.011,Medium,-0.074,0.226,"Rezaei, M.H.; Bargan, M.S.; Garazhian, O. Rezaei, Mohammad Hossein (57225739964); Bargan, Mohsen Sang (58151420600); Garazhian, Omran (23396851800) 57225739964; 58151420600; 23396851800 The Burial Tra"
study_0386,"Sabaux, C",2021,Isotope Geochemistry,0.215,Stratigraphy,0.198,Epigraphy,0.178,Southern Levant,0.08,Sinai,0.04,Egypt,-0.025,Low,0.027,High,0.018,Medium,-0.004,0.107,"Sabaux, C.; Veselka, B.; Capuzzo, G.; Snoeck, C.; Sengelov, A.; Hlad, M.; Warmenbol, E.; Stamataki, E.; Boudin, M.; Annaert, R.; Dalle, S.; Salesse, K.; Debaille, V.; Tys, D.; Vercauteren, M.; De Muld"
study_0387,"Sevink, J",1836,Paleoclimatology,0.322,Radiocarbon Chronology,0.316,Epigraphy,0.295,Sinai,0.253,Southern Levant,0.249,Egypt,0.189,High,0.054,Low,0.009,Medium,-0.003,0.209,"Sevink, J.; Muyzer, G.; Arienzo, I.; Mormone, A.; Piochi, M.; Alessandri, L.; van Hall, R.L.; Palstra, S.W.L.; Dee, M.W. Sevink, Jan (6701538730); Muyzer, G. (7004888229); Arienzo, Ilenia (6505653018)"
study_0388,"Zavodny, E",2061,Archaeology,0.469,Settlement Archaeology,0.408,Cognitive Archaeology,0.384,Southern Levant,0.202,Sinai,0.115,Egypt,0.113,Medium,0.028,Low,0.013,High,0.005,0.233,"Zavodny, E.; Solter, A.; Balen, J.; Kennett, D.J.; McClure, S.B.; Novak, M. Zavodny, Emily (55772061000); Solter, Ana (57190344057); Balen, Jacqueline (6506187340); Kennett, Douglas J. (35571732400); "
study_0389,"Tabita, G",2021,Epigraphy,0.302,Artifact Typology,0.293,Archaeology,0.29,Southern Levant,0.227,Sinai,0.198,Egypt,0.189,High,0.069,Medium,0.047,Low,0.025,0.199,"Tabita, G.M. Tabita, Giacomo Maria (58317166900) 58317166900 Reflecting on the Thebes Treasure and its Kassite Findings The Glyptic Art and its Geo-Political Context and Distribution 2021 Persica Anti"
study_0390,"Mödlinger, M",2021,Radiocarbon Chronology,0.353,Isotope Geochemistry,0.346,Paleoclimatology,0.281,Egypt,0.097,Southern Levant,0.055,Sinai,0.036,High,0.031,Low,0.02,Medium,-0.015,0.16,"Mödlinger, M.; Trebsche, P.; Sabatini, B. Mödlinger, Marianne (24473560000); Trebsche, Peter (26034915400); Sabatini, Benjamin J. (56800348500) 24473560000; 26034915400; 56800348500 Melting, smelting,"
study_0391,"Ingman, T",2037,Isotope Geochemistry,0.265,Radiocarbon Chronology,0.252,Paleoclimatology,0.201,Southern Levant,0.089,Sinai,0.083,Egypt,0.01,Low,0.016,Medium,-0.001,High,-0.011,0.124,"Ingman, T.; Eisenmann, S.; Skourtanioti, E.; Akar, M.; Ilgner, J.; Ruscone, G.A.G.; Le Roux, P.; Shafiq, R.; Neumann, G.U.; Keller, M.; Freund, C.; Marzo, S.; Lucas, M.; Krause, J.; Roberts, P.; Yener"
study_0392,"Manuelli, F",1951,Radiocarbon Chronology,0.537,Isotope Geochemistry,0.424,Paleoclimatology,0.367,Southern Levant,0.195,Egypt,0.15,Sinai,0.14,Low,0.019,High,0.013,Medium,-0.014,0.25,"Manuelli, F.; Vignola, C.; Marzaioli, F.; Passariello, I.; Terrasi, F. Manuelli, Federico (57195177707); Vignola, Cristiano (57196079400); Marzaioli, F. (8852340800); Passariello, Isabella (8727614100"
study_0393,"Höflmayer, F",2093,Archaeology,0.375,Stratigraphy,0.337,Paleoclimatology,0.335,Egypt,0.253,Sinai,0.231,Southern Levant,0.225,High,0.045,Medium,-0.009,Low,-0.01,0.224,"Höflmayer, F.; Misgav, H.; Webster, L.C.; Streit, K. Höflmayer, Felix (36620936100); Misgav, Haggai (57194233952); Webster, Lyndelle C. (35211924600); Streit, Katharina (55596132000) 36620936100; 5719"
study_0394,"Stantis, C",1817,Bioarchaeology,0.422,Zooarchaeology,0.379,Paleoclimatology,0.376,Egypt,0.293,Southern Levant,0.282,Sinai,0.194,Medium,0.037,High,0.006,Low,-0.037,0.251,"Stantis, C.; Kharobi, A.; Maaranen, N.; Macpherson, C.; Bietak, M.; Prell, S.; Schutkowski, H. Stantis, Christina (55387946600); Kharobi, Arwa (57218173393); Maaranen, Nina (57218173731); Macpherson, "
study_0395,"Webb, J",2017,Archaeology,0.444,Cognitive Archaeology,0.401,Settlement Archaeology,0.398,Egypt,0.209,Southern Levant,0.204,Sinai,0.15,Medium,0.053,Low,0.02,High,0.019,0.235,"Webb, J.M.; Bernard Knapp, A.B. Webb, Jennifer M. (8052017300); Bernard Knapp, A. (7102421506) 8052017300; 7102421506 Rethinking Middle Bronze Age Communities on Cyprus: “Egalitarian” and Isolated or "
study_0396,"Fulcher, K",2021,Paleoclimatology,0.323,Archaeology,0.308,Bioarchaeology,0.3,Egypt,0.227,Sinai,0.165,Southern Levant,0.077,Medium,0.013,High,-0.036,Low,-0.04,0.188,"Fulcher, K.; Serpico, M.; Taylor, J.H.; Stacey, R. Fulcher, Kate (57216889134); Serpico, Margaret (6603224737); Taylor, John H. (56302524600); Stacey, Rebecca J. (13105479200) 57216889134; 6603224737;"
study_0397,"Rolland, T",1929,Archaeology,0.381,Landscape Archaeology,0.354,Artifact Typology,0.35,Southern Levant,0.141,Egypt,0.126,Sinai,0.087,High,0.051,Low,0.02,Medium,-0.049,0.191,"Rolland, T.; Monna, F.; Magail, J.; Esin, Y.; Navarro, N.; Wilczek, J.; Gantulga, J.-O.; Chateau Smith, C. Rolland, Tanguy (57211430389); Monna, Fabrice (7003488151); Magail, Jérome (57192911504); Esi"
study_0399,"Vella, C",2021,Archaeology,0.435,Settlement Archaeology,0.417,Landscape Archaeology,0.401,Southern Levant,0.272,Egypt,0.223,Sinai,0.152,High,0.033,Medium,0.013,Low,0.007,0.247,"Vella, C.; Spiteri, M. Vella, Clive (55780946000); Spiteri, Mevrick (55214975100) 55780946000; 55214975100 A Diachronic Maltese Islandscape: Rural Ta' Qali and ix-Xarolla 2021 Open Archaeology 7 1 98 "
study_0398,"Reiter, S",2087,Epigraphy,0.241,Meta-Analysis,0.201,Toponymy,0.16,Sinai,0.136,Southern Levant,0.132,Egypt,0.086,Medium,0.129,High,0.105,Low,0.086,0.168,"Reiter, S.S.; Moller, N.A.; Nielsen, B.H.; Bech, J.H.; Olsen, A.-L.H.; Jørkov, M.L.S.; Kaul, F.; Mannering, U.; Frei, K.M. Reiter, Samantha S. (56702208700); Moller, Niels Algreen (57220788403); Niels"
study_0400,"Ladegaard-Pedersen, P",1910,Isotope Geochemistry,0.528,Radiocarbon Chronology,0.438,Stratigraphy,0.369,Southern Levant,0.084,Sinai,0.055,Egypt,0.036,Low,0.019,High,0.01,Medium,0.01,0.21,"Ladegaard-Pedersen, P.; Sabatini, S.; Frei, R.; Kristiansen, K.; Frei, K.M. Ladegaard-Pedersen, Pernille (8876610000); Sabatini, Serena (57038300500); Frei, Robert E. (7103231290); Kristiansen, Kristi"
study_0401,"Kuna, M",2023,Isotope Geochemistry,0.308,Radiocarbon Chronology,0.307,Stratigraphy,0.275,Southern Levant,0.111,Sinai,0.059,Egypt,0.043,Medium,0.051,Low,0.025,High,-0.001,0.157,"Kuna, M.; Křivánek, R.; Chvojka, O.; Šálková, T. Kuna, Martin (26632023200); Křivánek, Roman (15022566100); Chvojka, Ondřej (26631900100); Šálková, Tereza (55956732000) 26632023200; 15022566100; 26631"
study_0403,"Chechushkov, I",2021,Landscape Archaeology,0.416,Archaeology,0.402,Geoarchaeology,0.39,Southern Levant,0.136,Egypt,0.072,Sinai,-0.005,Medium,0.033,Low,0.024,High,0.013,0.195,"Chechushkov, I.V.; Valiakhmetov, I.A.; FitzHugh, W.W. Chechushkov, I. V. (55151581300); Valiakhmetov, Iliya A. (57223380484); FitzHugh, William W. (6602549490) 55151581300; 57223380484; 6602549490 Fro"
study_0402,"Hovsepyan, R",2021,Archaeology,0.444,Stratigraphy,0.409,Landscape Archaeology,0.399,Southern Levant,0.159,Egypt,0.152,Sinai,0.1,High,0.043,Low,-0.005,Medium,-0.036,0.215,"Hovsepyan, R. Hovsepyan, Roman A. (24278627700) 24278627700 Seeds from vishaps' environment: Archaeobotanical findings from the high mountainous site of Karmir Sar (Tirinkatar, Mt. Aragats, Armenia) 2"
study_0404,"Heiss, A",1953,Radiocarbon Chronology,0.294,Isotope Geochemistry,0.273,Archaeology,0.26,Egypt,0.078,Southern Levant,0.052,Sinai,0.022,Medium,0.025,Low,0.017,High,0.013,0.132,"Heiss, A.G.; Jakobitsch, T.; Wiesinger, S.; Trebsche, P. Heiss, Andreas G. (57195396826); Jakobitsch, Thorsten (57218551787); Wiesinger, Silvia (57222589715); Trebsche, Peter (26034915400) 57195396826"
study_0405,"Albizuri, S",2054,Paleoclimatology,0.213,Radiocarbon Chronology,0.207,Isotope Geochemistry,0.196,Southern Levant,0.112,Egypt,0.073,Sinai,-0.005,Medium,-0.002,Low,-0.019,High,-0.051,0.108,"Albizuri, S.; Grandal-d’Anglade, A.; Maroto, J.; Oliva, M.; Rodríguez, A.; Terrats, N.; Palomo Pérez, A.; López-Cachero, F.J. Albizuri, Silvia (55488738000); Grandal-d’Anglade, Aurora (57205470684); M"
study_0406,"Scholma-Mason, O",2066,Archaeology,0.44,Settlement Archaeology,0.428,Landscape Archaeology,0.392,Southern Levant,0.162,Sinai,0.089,Egypt,0.036,High,0.018,Low,-0.002,Medium,-0.025,0.207,"Scholma-Mason, O.; Conolly, R.; Ballin, T.B.; Duffy, P.; Finlay, N.; Hastie, M.; MacSween, A. Scholma-Mason, Owain (57222066759); Conolly, Richard (57222078804); Ballin, Torben Bjarke (6505774481); Du"
study_0407,"Tarbay, J",2051,Archaeology,0.439,Settlement Archaeology,0.376,Artifact Typology,0.365,Southern Levant,0.145,Egypt,0.1,Sinai,0.054,High,0.05,Low,0.034,Medium,0.03,0.211,"Tarbay, J.G.; Maróti, B.; Kis, Z.; Káli, G.; Szentmiklósi, L. Tarbay, János Gábor (57160299600); Maróti, Boglárka (55820514000); Kis, Zoltán (7005538432); Káli, Gyorgy (6603818230); Szentmiklósi, Lász"
study_0408,"Livarda, A",1874,Epigraphy,0.295,Stratigraphy,0.261,Volcanology,0.259,Egypt,0.232,Southern Levant,0.225,Sinai,0.202,High,0.078,Medium,0.059,Low,0.053,0.201,"Livarda, A.; Orengo, H.A.; Cañellas-Boltà, N.; Mora, S.; Picornell, L.; Tzevelekidi, V.; Veropoulidou, R.; Marlasca-Martín, R.; Krahtopoulou, A. Livarda, Alexandra (24460573000); Orengo, Hector A. (25"
study_0409,"Nieto Espinet, A",1956,Zooarchaeology,0.365,Archaeology,0.362,Bioarchaeology,0.35,Southern Levant,0.214,Egypt,0.182,Sinai,0.098,Medium,0.044,High,0.003,Low,-0.003,0.208,"Nieto Espinet, A.N.; Huet, T.; Trentacoste, A.; Guimarães, S.; Orengo, H.A.; Valenzuela Lamas, S. Nieto Espinet, Ariadna (57195642377); Huet, Thomas (56963756500); Trentacoste, Angela (57189456841); G"
study_0410,"Burke, C",1996,Archaeology,0.429,Settlement Archaeology,0.364,Epigraphy,0.346,Egypt,0.142,Southern Levant,0.099,Sinai,0.066,High,0.005,Low,0.001,Medium,-0.031,0.192,"Burke, C.; Zavadil, M.; Kordatzaki, G. Burke, Clare (57199647299); Zavadil, Michaela (57189685049); Kordatzaki, Georgia S. (57041391300) 57199647299; 57189685049; 57041391300 The Chaîne Opératoire of "
study_0411,"Kuna, M",2023,Radiocarbon Chronology,0.346,Stratigraphy,0.345,Isotope Geochemistry,0.328,Southern Levant,0.139,Sinai,0.077,Egypt,0.073,Medium,0.02,Low,-0.011,High,-0.022,0.168,"Kuna, M.; Křivánek, R.; Chvojka, O.; Šálková, T. Kuna, Martin (26632023200); Křivánek, Roman (15022566100); Chvojka, Ondřej (26631900100); Šálková, Tereza (55956732000) 26632023200; 15022566100; 26631"
study_0412,"Nykamp, M",1800,Stratigraphy,0.455,Radiocarbon Chronology,0.441,Paleoclimatology,0.353,Sinai,0.117,Southern Levant,0.095,Egypt,0.066,High,0.01,Low,-0.017,Medium,-0.029,0.194,"Nykamp, M.; Hardt, J.; Hoelzmann, P.; May, J.; Reimann, T. Nykamp, Moritz (55760539300); Hardt, Jacob (55951388500); Hoelzmann, Philipp (55982368700); May, Jens (57328131800); Reimann, T. (35772752500"
study_0413,"Basafa, H",2021,Archaeology,0.391,Landscape Archaeology,0.336,Stratigraphy,0.324,Southern Levant,0.305,Sinai,0.22,Egypt,0.202,High,-0.001,Low,-0.031,Medium,-0.06,0.231,"Basafa, H.; Davari, M.S. Basafa, Hassan (36099139400); Davari, Mohammad Sadegh (57216501575) 36099139400; 57216501575 A New Perspective on the Archaeology of the Khorasan Region during the Iron Age 20"
study_0415,"Lyganov, A",1943,Archaeology,0.332,Stratigraphy,0.293,Settlement Archaeology,0.287,Egypt,0.134,Southern Levant,0.101,Sinai,0.035,Low,0.07,High,0.043,Medium,0.02,0.179,"Lyganov, A.V.; Chizhevsky, A.A. Lyganov, A. V. (57194326310); Chizhevsky, Andrey A. (57201195877) 57194326310; 57201195877 BURIALS OF LUGOVSKAYA CULTURE FROM MURZIKHA II BURIAL GROUND IN THE ESTUARY T"
study_0414,"Maitland, M",1987,Archaeology,0.292,Radiocarbon Chronology,0.247,Stratigraphy,0.239,Sinai,0.137,Southern Levant,0.119,Egypt,0.069,Medium,0.01,High,0.004,Low,-0.001,0.146,"Maitland, M.; Potter, D.M.; Troalen, L. Maitland, Margaret (57225419874); Potter, Daniel M. (57223867954); Troalen, Lore G. (35796393000) 57225419874; 57223867954; 35796393000 The Burial of the ‘Qurna"
study_0416,"Lyganov, A",1943,Geoarchaeology,0.372,Paleoclimatology,0.318,Stratigraphy,0.311,Southern Levant,0.159,Egypt,0.139,Sinai,0.117,High,0.082,Low,0.052,Medium,0.019,0.205,"Lyganov, A.V. Lyganov, A. V. (57194326310) 57194326310 CULTURAL AND CHRONOLOGICAL COMPLEXES OF KURMANAKOVO IV SITE IN THE LOWER REACHES OF THE MESHA RIVER; КУЛЬТУРНО-ХРОНОЛОГИЧЕСКИЕ КОМПЛЕКСЫ КУРМАНАК"
study_0417,"Chechushkov, I",2021,Archaeology,0.413,Settlement Archaeology,0.398,Stratigraphy,0.391,Egypt,0.177,Southern Levant,0.159,Sinai,0.13,Medium,0.067,Low,0.037,High,0.015,0.219,"Chechushkov, I.V. Chechushkov, I. V. (55151581300) 55151581300 STATISTICAL METHODS IN STUDYING OF CULTURAL LAYERS OF THE LATE BRONZE AGE SETTLEMENTS (INCLUDING THE AUTHOR’S CORRECTIONS); К СТАТИСТИЧЕС"
study_0418,"Usmanova, E",1949,Archaeology,0.441,Geoarchaeology,0.427,Stratigraphy,0.42,Egypt,0.233,Sinai,0.212,Southern Levant,0.191,High,0.08,Low,0.016,Medium,-0.009,0.252,"Usmanova, E.R.; Dzhumabekov, J.A.; Rakhmankulov, E.Zh.; Zhuniskhanov, A.S.; Yessen, S. Usmanova, Emma Radikovna (36175214500); Dzhumabekov, Dzhambul A. (57194940223); Rakhmankulov, Erbolat Z. (5722384"
study_0419,"Kiosak, D",1831,Stratigraphy,0.462,Settlement Archaeology,0.407,Archaeology,0.39,Egypt,0.232,Sinai,0.199,Southern Levant,0.178,Medium,0.013,High,-0.007,Low,-0.063,0.235,"Kiosak, D.; Siekerska, O. Kiosak, Dmytro V. (56523383000); Siekerska, Olena P. (58118311000) 56523383000; 58118311000 New Data on Chronology of Stratified Settlement Sabatynivka-1 2021 Eminak 2021 1 6"
study_0421,"Amendola, L",1945,Archaeology,0.382,Isotope Geochemistry,0.362,Settlement Archaeology,0.352,Sinai,0.201,Southern Levant,0.193,Egypt,0.146,High,0.047,Low,-0.004,Medium,-0.049,0.21,"Amendola, L. Amendola, Luca (57194514014) 57194514014 The Golden Hat of Schifferstadt: An Astronomically Significant Deposit Location? 2021 Journal of Skyscape Archaeology 7 1 114 143 0 10.1558/JSA.18"
study_0420,"Rumyantseva, O",1913,Radiocarbon Chronology,0.37,Archaeology,0.346,Epigraphy,0.298,Egypt,0.122,Southern Levant,0.1,Sinai,0.086,Medium,0.017,Low,0.002,High,-0.002,0.17,"Rumyantseva, O.S. Rumyantseva, Olga S. (57191345312) 57191345312 HISTORY OF GLASS-MAKING FROM ANCIENT TIMES TO THE LATE 1st-EARLY 2nd MILLENNIUM: DISCOVERIES, METHODS AND RESEARCH RESULTS. PART 2 THE "
study_0422,"Mohammadifar, Y",2021,Archaeology,0.419,Stratigraphy,0.357,Landscape Archaeology,0.353,Egypt,0.274,Sinai,0.204,Southern Levant,0.199,High,0.015,Low,-0.034,Medium,-0.073,0.236,"Mohammadifar, Y.; Hemati Azandaryani, E. Mohammadifar, Y. (23489536600); Hemati Azandaryani, Esmail (57087269600) 23489536600; 57087269600 The first season of excavation at Baba Kamal Tappeh, Tuyserka"
study_0423,"Creamer, P",2085,Archaeology,0.522,Cognitive Archaeology,0.471,Settlement Archaeology,0.452,Egypt,0.191,Sinai,0.125,Southern Levant,0.124,Medium,0.072,High,0.057,Low,0.045,0.262,"Creamer, P.M. Creamer, Petra M. (57208549116) 57208549116 Domestic architecture and household structure at Late Bronze Age Tell Billa 2021 Ancient Near Eastern Studies 58 147 172 0 10.2143/ANES.58.0.3"
study_0425,"Tarbay, J",2051,Archaeology,0.31,Radiocarbon Chronology,0.272,Paleoclimatology,0.27,Southern Levant,0.154,Egypt,0.112,Sinai,0.019,Medium,0.022,Low,-0.002,High,-0.024,0.162,"Tarbay, J.G.; Maróti, B. Tarbay, János Gábor (57160299600); Maróti, Boglárka (55820514000) 57160299600; 55820514000 BRASS BROOCH: A FAKE 'LATE BRONZE AGE VIOLIN-BOW FIBULA FROM ESZTERGOM-DUNAPART'; SÁ"
study_0424,"d'Alfonso, L",2021,Archaeology,0.426,Settlement Archaeology,0.347,Cognitive Archaeology,0.315,Egypt,0.33,Southern Levant,0.316,Sinai,0.253,High,-0.003,Medium,-0.021,Low,-0.039,0.251,"d'Alfonso, L.; Cohen, Y. d'Alfonso, Lorenzo (26033876800); Cohen, Yoram (53563583400) 26033876800; 53563583400 Mazi-Karhuha, King of Karkemis and Hittite Syria at the end of the 13th century 2021 Akka"
study_0427,"Stiglitz, A",2069,Landscape Archaeology,0.395,Stratigraphy,0.379,Geoarchaeology,0.351,Southern Levant,0.297,Sinai,0.244,Egypt,0.209,Medium,0.064,Low,0.061,High,0.06,0.252,"Stiglitz, A. Stiglitz, Alfonso (57226020694) 57226020694 Mobility of Tharrensian Landscapes. The Iron Age in the Gulf of Oristano Area (Sardinia); MOBILITÀ DEI PAESAGGI THARRENSI. L'ETÀ DEL FERRO NELL"
study_0426,"Chebenová, P",2021,Archaeology,0.372,Isotope Geochemistry,0.339,Radiocarbon Chronology,0.31,Southern Levant,0.226,Egypt,0.226,Sinai,0.16,Medium,0.061,High,0.054,Low,0.051,0.22,"Chebenová, P.; Cheben, M. Chebenová, Petra (57216655911); Cheben, Michal (57211780942) 57216655911; 57211780942 Fortification from the early bronze age or a roundel of lengyel culture from demandice?;"
study_0428,"Ussishkin, D",2021,Archaeology,0.446,Landscape Archaeology,0.36,Cognitive Archaeology,0.331,Sinai,0.319,Southern Levant,0.318,Egypt,0.279,High,0.029,Medium,0.004,Low,-0.012,0.265,"Ussishkin, D. Ussishkin, David (26034670100) 26034670100 THE LATE BRONZE II–III ROYAL PALACES AT MEGIDDO: A REJOINDER 2021 Agypten und Levante 31 473 486 0 10.1553/AEUNDL31S473 https://www.scopus.com/"
study_0429,"Fischer, P",2080,Archaeology,0.423,Settlement Archaeology,0.419,Landscape Archaeology,0.394,Southern Levant,0.2,Sinai,0.189,Egypt,0.163,Low,-0.032,High,-0.036,Medium,-0.046,0.197,"Fischer, P.M.; Bürge, T. Fischer, Peter M. (57212080908); Bürge, Teresa (56038710600) 57212080908; 56038710600 THE NEW SWEDISH CYPRUS EXPEDITION 2020 (THE SÖDERBERG EXPEDITION): EXCAVATIONS IN THE CEM"
study_0430,"Hilditch, J",2021,Archaeology,0.43,Landscape Archaeology,0.406,Settlement Archaeology,0.395,Southern Levant,0.196,Egypt,0.179,Sinai,0.125,High,0.014,Low,-0.024,Medium,-0.03,0.213,"Hilditch, J.; Jeffra, C.; Opgenhaffen, L. Hilditch, Jill (53564029000); Jeffra, Caroline D. (23970477100); Opgenhaffen, Loes (56081737000) 53564029000; 23970477100; 56081737000 The Tracing the Potter’"
study_0432,"Sarpaki, A",2021,Archaeology,0.37,Landscape Archaeology,0.291,Settlement Archaeology,0.262,Southern Levant,0.191,Egypt,0.151,Sinai,0.121,High,0.028,Medium,0.009,Low,-0.016,0.197,"Sarpaki, A. Sarpaki, Anaya A. (56543507300) 56543507300 The archaeology of garlic (Allium sativum)> the find at Akrotiri, Thera, Greece 2021 Documenta Praehistorica 48 432 445 0 10.4312/DP.48.20 https"
study_0431,"Hermes, T",2039,Radiocarbon Chronology,0.401,Archaeology,0.386,Settlement Archaeology,0.38,Southern Levant,0.226,Egypt,0.202,Sinai,0.127,High,0.06,Medium,0.022,Low,0.013,0.229,"Hermes, T.; Doumani Dupuy, P.N.D.; Henry, E.R.; Meyer, M.; Mar'Yashev, A.N.; Frachetti, M. Hermes, Taylor R. (57203940917); Doumani Dupuy, Paula N. (36619380100); Henry, Edward R. (55596632900); Meyer"
study_0433,"FitzHugh, W",2021,Radiocarbon Chronology,0.392,Isotope Geochemistry,0.362,Stratigraphy,0.354,Southern Levant,0.101,Egypt,0.089,Sinai,-0.027,Medium,0.04,Low,0.014,High,0.012,0.177,"FitzHugh, W.W.; Bayarsaikhan, J. FitzHugh, William W. (6602549490); Bayarsaikhan, Jamsranjav (56464308000) 6602549490; 56464308000 Khyadag and Zunii Gol: Animal Art and the Bronze to Iron Age Transiti"
study_0434,"Yerzhanova, A",1904,Archaeology,0.355,Radiocarbon Chronology,0.329,Ceramic Analysis,0.298,Egypt,0.181,Southern Levant,0.066,Sinai,0.056,High,0.038,Low,0.01,Medium,-0.02,0.192,"Yerzhanova, A.E. Yerzhanova, Albina Ye (58190444400) 58190444400 Traceological analysis of stone tools of miners and metallurgists from Zhezkazgan copper deposits; ТРАСОЛОГИЧЕСКИЙ АНАЛИЗ КАМЕННЫХ ОРУД"
study_0435,"Batanina, N",2021,Stratigraphy,0.352,Geoarchaeology,0.338,Settlement Archaeology,0.323,Sinai,0.147,Southern Levant,0.145,Egypt,0.121,Low,-0.021,Medium,-0.027,High,-0.046,0.159,"Batanina, N.S.; Vladislav, N.V.; Natalia, F.V.; Fedor, P.N. Batanina, Natal'ya S. (56649928000); Vladislav, Noskevich V. (59663653800); Natalia, Fedorova V. (57312758700); Fedor, Petrov N. (5945470910"
study_0436,"Günel, S",2021,Settlement Archaeology,0.43,Archaeology,0.392,Historical Geography,0.376,Egypt,0.218,Southern Levant,0.21,Sinai,0.092,High,-0.002,Medium,-0.021,Low,-0.047,0.215,"Günel, S. Günel, Sevinç (26121105400) 26121105400 Understanding the urbanization process in Çine-Tepecik’s cultural development; Çine-tepecik’in kültürel gelişiminde kentleşme sürecini anlamak 2021 An"
study_0437,"Ankusheva, P",1932,Paleoclimatology,0.424,Isotope Geochemistry,0.424,Radiocarbon Chronology,0.352,Southern Levant,0.215,Egypt,0.2,Sinai,0.15,High,-0.013,Low,-0.035,Medium,-0.073,0.209,"Ankusheva, P.S.; Alaeva, I.P.; Sadykov, S.A.; Ng, Y.C.; Ankushev, M.N.; Zazovskaya, E.P.; Rassadnikov, A.Y. Ankusheva, Polina S. (57361932600); Alaeva, Irina P. (57219140987); Sadykov, Sergey A. (5720"
study_0438,"Liszka, K",1900,Archaeology,0.578,Settlement Archaeology,0.534,Cognitive Archaeology,0.486,Southern Levant,0.195,Egypt,0.16,Sinai,0.153,High,0.017,Medium,-0.029,Low,-0.032,0.263,"Liszka, K.; de Souza, A. Liszka, Kate (54961321900); de Souza, Aaron M. (57221562590) 54961321900; 57221562590 Pan-grave and medjay: At the intersection of archaeology and history 2021 227 249 0 10.10"
study_0439,"Chazin, H",2021,Archaeology,0.39,Landscape Archaeology,0.38,Cognitive Archaeology,0.336,Southern Levant,0.233,Egypt,0.123,Sinai,0.116,Medium,0.009,Low,-0.009,High,-0.02,0.211,"Chazin, H. Chazin, Hannah (56117911200) 56117911200 Multi-Season Reproduction and Pastoralist Production Strategies: New Approaches to Birth Seasonality from the South Caucasus Region 2021 Journal of "
study_0440,"Ankusheva, P",1932,Archaeology,0.403,Isotope Geochemistry,0.388,Radiocarbon Chronology,0.354,Southern Levant,0.173,Egypt,0.157,Sinai,0.1,Medium,-0.026,High,-0.035,Low,-0.043,0.183,"Ankusheva, P.S.; Kiseleva, D.V.; Bachura, O.P.; Alaeva, I.P.; Ankushev, M.N.; Okuneva, T.G. Ankusheva, Polina S. (57361932600); Kiseleva, Daria V. (35424000900); Bachura, Olga P. (15060156900); Alaeva"
study_0441,"Lobanova, M",2021,Stratigraphy,0.629,Paleoclimatology,0.44,Epigraphy,0.422,Southern Levant,0.275,Egypt,0.183,Sinai,0.159,Medium,-0.015,High,-0.039,Low,-0.057,0.296,"Lobanova, M.A.; Matviishyna, Zh.M.; Kiosak, D. Lobanova, Mariia A. (57224686692); Matviishyna, Zhanna M. (57210554469); Kiosak, Dmytro V. (56523383000) 57224686692; 57210554469; 56523383000 The issue "
study_0443,"Dorado Alejos, A",2023,Archaeology,0.404,Ceramic Analysis,0.388,Settlement Archaeology,0.347,Southern Levant,0.209,Egypt,0.118,Sinai,0.092,Medium,0.025,High,0.02,Low,0.017,0.213,"Dorado Alejos, A.D. Dorado Alejos, Alberto (57202360667) 57202360667 Looking for the missing link. Behind the gestures that define the pottery tradition of the late bronze of the southeast of the iber"
study_0442,"Tkachev, V",2021,Archaeology,0.408,Stratigraphy,0.398,Landscape Archaeology,0.362,Southern Levant,0.126,Egypt,0.095,Sinai,0.073,Medium,0.034,High,0.015,Low,-0.005,0.189,"Tkachev, V.V. Tkachev, V. V. (55249902200) 55249902200 The concept of cultural landscape in retrospective of the late prehistoric Era (by materials of Late Bronze Age of the Southern Urals); Conceptia"
study_0444,"Nakassis, D",2021,Cognitive Archaeology,0.418,Archaeology,0.411,Epigraphy,0.386,Egypt,0.252,Sinai,0.213,Southern Levant,0.102,High,-0.016,Low,-0.041,Medium,-0.067,0.218,"Nakassis, D.; Pluta, K.; Hruby, J. Nakassis, Dimitri (14630886300); Pluta, Kevin (57221533473); Hruby, Julie (36149898500) 14630886300; 57221533473; 36149898500 The Pylos Tablets digital project: Preh"
study_0445,"Pagnoux, C",1950,Epigraphy,0.258,Isotope Geochemistry,0.226,Stratigraphy,0.224,Southern Levant,0.231,Sinai,0.14,Egypt,0.124,High,0.091,Low,0.062,Medium,0.036,0.193,"Pagnoux, C.; Bouby, L.; Valamoti, S.M.; Bonhomme, V.; Ivorra, S.; Gkatzogia, E.; Karathanou, A.; Kotsachristou, D.; Kroll, H.; Terral, J.-F. Pagnoux, Clémence (55542519500); Bouby, Laurent (6602374494"
study_0448,"Kovačević, S",2019,Archaeology,0.428,Bioarchaeology,0.37,Stratigraphy,0.359,Southern Levant,0.21,Egypt,0.209,Sinai,0.194,Medium,0.1,High,0.076,Low,0.053,0.246,"Kovačević, S. Kovačević, Saša (36006461600) 36006461600 Nova bukovica – Sjenjak in 2019 2020 Annales Instituti Archaeologici 16 1 103 107 0 https://www.scopus.com/inward/record.uri?eid=2-s2.0-85117386"
study_0446,"Przybyła, M",1887,Archaeology,0.372,Isotope Geochemistry,0.368,Settlement Archaeology,0.356,Southern Levant,0.194,Egypt,0.148,Sinai,0.083,Medium,0.035,Low,-0.012,High,-0.047,0.2,"Przybyła, M.S.; Skoneczna, M. Przybyła, Marcin M. (57188711889); Skoneczna, Magdalena (36926270700) 57188711889; 36926270700 The bronze age settlement in maszkowice (western carpathians) - analyses an"
study_0447,"Cutillas-Victoria, B",2020,Stratigraphy,0.446,Settlement Archaeology,0.396,Historical Geography,0.378,Southern Levant,0.283,Egypt,0.085,Sinai,0.036,Medium,0.12,Low,0.079,High,0.018,0.283,"Cutillas-Victoria, B.C.; Ortigosa, J.F.L. Cutillas-Victoria, Benjamín (57223125664); Ortigosa, Juan Francisco Lopez (57221413920) 57223125664; 57221413920 Territory and materiality in the lower valley"
study_0449,"Kudelić, A",1896,Archaeology,0.403,Isotope Geochemistry,0.358,Paleoclimatology,0.352,Southern Levant,0.146,Sinai,0.108,Egypt,0.089,Medium,0.052,Low,0.03,High,0.015,0.2,"Kudelić, A.; Bencetić, N.; Vrdoljak, S. Kudelić, Andreja (55530799400); Bencetić, Nikolina (57300494800); Vrdoljak, Snježana (57189674049) 55530799400; 57300494800; 57189674049 Late bronze and early i"
study_0450,"Chochorowski, J",2020,Radiocarbon Chronology,0.543,Isotope Geochemistry,0.428,Archaeology,0.391,Southern Levant,0.185,Sinai,0.147,Egypt,0.144,High,0.039,Low,0.006,Medium,-0.016,0.256,"Chochorowski, J.; Kraȩpiec, M. Chochorowski, Jan (6504511366); Kraȩpiec, Marek (57202094696) 6504511366; 57202094696 The nature of the hallstattian cultural change in northern central europe in light "
study_0451,"Avtushkova, A",2028,Bioarchaeology,0.334,Geoarchaeology,0.305,Stratigraphy,0.281,Egypt,0.212,Southern Levant,0.201,Sinai,0.119,Medium,0.028,Low,0.024,High,0.012,0.191,"Avtushkova, A.L.; Plakhuta, D.O. Avtushkova, Aleksandra L. (57202886915); Plakhuta, Denis O. (57221981270) 57202886915; 57221981270 The tasmola culture sites in the territory of novosibirsk region: (O"
study_0452,"Jordanova, N",2076,Archaeology,0.357,Isotope Geochemistry,0.336,Artifact Typology,0.322,Egypt,0.196,Southern Levant,0.172,Sinai,0.162,High,-0.006,Low,-0.029,Medium,-0.03,0.183,"Jordanova, N.; Jordanova, D.; Tcherkezova, E.; Popov, H.; Mokreva, A.; Georgiev, P.; Stoychev, R. Jordanova, Neli (57207613640); Jordanova, Diana V. (26643321600); Tcherkezova, E. (57008973600); Popov"
study_0453,"Liczbińska, G",1946,Archaeology,0.44,Stratigraphy,0.36,Settlement Archaeology,0.347,Southern Levant,0.096,Egypt,0.075,Sinai,0.034,Medium,0.044,Low,-0.03,High,-0.039,0.193,"Liczbińska, G.; Piontek, J.; Baron, J.; Łaciak, D.; Kuźbik, R. Liczbińska, Grażyna (6505736686); Piontek, Janusz (6701441740); Baron, Justyna (55968251600); Łaciak, Dagmara (57194616925); Kuźbik, Rado"
study_0454,"Škvor Jernejčič, B",1900,Archaeology,0.396,Isotope Geochemistry,0.382,Paleography,0.328,Egypt,0.092,Sinai,0.073,Southern Levant,0.072,Low,0.008,Medium,-0.021,High,-0.029,0.165,"Škvor Jernejčič, B.; Price, T.D. Škvor Jernejčič, Brina (54941433500); Price, T. Douglas (59662801900) 54941433500; 59662801900 Isotopic investigations of human cremations from the Late Bronze Age/Ear"
study_0455,"Shishlina, N",1912,Isotope Geochemistry,0.318,Zooarchaeology,0.291,Bioarchaeology,0.246,Southern Levant,0.041,Egypt,0.022,Sinai,-0.002,High,-0.034,Low,-0.074,Medium,-0.081,0.108,"Shishlina, N.I.; Roslyakova, N.V.; Kolev, Y.; Bachura, O.P.; Kuznetsova, O.; Kiseleva, D.V.; Retivov, V.; Tereschenko, E.Y. Shishlina, Natalia I. (6505938328); Roslyakova, Natalia V. (57191266232); Ko"
study_0456,"Mayoral, A",1934,Geoarchaeology,0.481,Bioarchaeology,0.398,Stratigraphy,0.375,Southern Levant,0.201,Egypt,0.13,Sinai,0.12,Low,0.014,High,-0.005,Medium,-0.01,0.232,"Mayoral, A.; Granai, S.; Develle, A.-L.; Peiry, J.-L.; Miras, Y.; Couderc, F.; Vernet, G.; Berger, J.-F. Mayoral, Alfredo (57193405588); Granai, Salomé (54885313600); Develle, Anne Lise (24467438300);"
study_0457,"Hermann, R",1888,Archaeology,0.351,Cognitive Archaeology,0.288,Stratigraphy,0.285,Egypt,0.084,Southern Levant,0.083,Sinai,0.043,Medium,0.047,Low,-0.003,High,-0.01,0.161,"Hermann, R.; Dolfini, A.; Crellin, R.J.; Wang, Q.; Uckelmann, M. Hermann, Raphael (57216544275); Dolfini, Andrea (36662188800); Crellin, Rachel J. (57057520200); Wang, Quanyu (57215507968); Uckelmann,"
study_0458,"Jeong, C",2048,Meta-Analysis,0.212,Epigraphy,0.162,Artifact Typology,0.16,Sinai,0.031,Southern Levant,-0.009,Egypt,-0.069,Medium,0.029,High,-0.005,Low,-0.014,0.091,"Jeong, C.; Wang, K.; Wilkin, S.; Taylor, W.T.T.; Miller, B.K.; Bemmann, J.; Stahl, R.; Chiovelli, C.; Knolle, F.; Ulziibayar, S.; Khatanbaatar, D.; Ėrdėnėbaatar, D.; Erdenbat, U.; Ochir, A.; Ankhsanaa"
study_0460,"Costa, K",1911,Artifact Typology,0.322,Archaeology,0.314,Paleography,0.295,Southern Levant,0.086,Egypt,0.077,Sinai,0.026,Low,0.066,Medium,0.066,High,0.061,0.158,"Costa, K.; Brun, P.; Mille, B. Costa, Ké (57219118890); Brun, Patrice (36850033300); Mille, Benoît (6603505306) 57219118890; 36850033300; 6603505306 Late Bronze Age archaeometallurgical hoards surveys"
study_0459,"Martin, M",1982,Radiocarbon Chronology,0.654,Isotope Geochemistry,0.44,Archaeology,0.41,Southern Levant,0.175,Sinai,0.133,Egypt,0.129,Medium,0.015,High,0.007,Low,0.001,0.281,"Martin, M.A.S.; Finkelstein, I.; Piasetzky, E. Martin, Mario A.S. (36621247800); Finkelstein, Israel (35198203300); Piasetzky, Eliezer I. (6602115900) 36621247800; 35198203300; 6602115900 Radiocarbon-"
study_0461,"Niedzielski, P",1851,Ceramic Analysis,0.434,Artifact Typology,0.372,Archaeology,0.322,Egypt,0.063,Southern Levant,0.018,Sinai,-0.051,High,-0.001,Low,-0.005,Medium,-0.043,0.165,"Niedzielski, P.; Krueger, M.; Dirk Brandherm, D. Niedzielski, Przemysław (6701851274); Krueger, Michał (57202097518); Dirk Brandherm, Dirk (26038250500) 6701851274; 57202097518; 26038250500 Effects of"
study_0462,"Sabatini, S",2020,Archaeology,0.386,Ceramic Analysis,0.34,Radiocarbon Chronology,0.304,Sinai,0.231,Egypt,0.226,Southern Levant,0.21,Medium,0.038,High,0.014,Low,0.013,0.218,"Sabatini, S.; Lo Schiavo, F. Sabatini, Serena (57038300500); Lo Schiavo, Fulvia (26037073200) 57038300500; 26037073200 Late Bronze Age Metal Exploitation and Trade: Sardinia and Cyprus 2020 Materials "
study_0463,"Salgarella, E",1879,Comparative Literature,0.25,Paleography,0.171,Geoarchaeology,0.156,Sinai,0.219,Southern Levant,0.211,Egypt,0.197,Medium,0.057,Low,0.021,High,0.005,0.175,"Salgarella, E. Salgarella, Ester (57218792142) 57218792142 Aegean linear script(s): Rethinking the relationship between linear A and linear B 2020 1 416 0 10.1017/9781108783477 https://www.scopus.com/"
study_0464,"Bakhshiev, I",1921,Archaeology,0.478,Stratigraphy,0.467,Settlement Archaeology,0.433,Southern Levant,0.219,Egypt,0.192,Sinai,0.126,High,-0.013,Low,-0.023,Medium,-0.034,0.228,"Bakhshiev, I.I. Bakhshiev, Ilshat I. (57192103978) 57192103978 Cultural stratigraphy of the Bronze Age settlement of Olair in the Bashkir Trans-Urals 2020 Voprosy Istorii 2020 10-4 137 146 0 10.31166/"
study_0465,"Manning, S",1880,Radiocarbon Chronology,0.399,Paleoclimatology,0.361,Stratigraphy,0.325,Southern Levant,0.346,Sinai,0.207,Egypt,0.127,High,0.026,Low,0.002,Medium,0.001,0.257,"Manning, S.W.; Lorentzen, B.; Welton, L.; Batiuk, S.; Harrison, T.P. Manning, Sturt W. (7103371157); Lorentzen, Brita (55910943600); Welton, Lynn (56411880800); Batiuk, Stephen D. (55849373300); Harri"
study_0466,"Diffey, C",2020,Archaeology,0.494,Landscape Archaeology,0.464,Settlement Archaeology,0.456,Southern Levant,0.262,Egypt,0.19,Sinai,0.156,Low,-0.004,Medium,-0.015,High,-0.023,0.251,"Diffey, C.; Neef, R.; Seeher, J.; Bogaard, A. Diffey, Charlotte (56563138900); Neef, Reinder (54888288700); Seeher, Jürgen (26033741200); Bogaard, Amy (6602614388) 56563138900; 54888288700; 2603374120"
study_0467,"Knipper, C",1889,Epigraphy,0.207,Meta-Analysis,0.183,Comparative Mythology,0.172,Southern Levant,0.096,Sinai,0.094,Egypt,0.046,High,0.065,Medium,0.065,Low,0.042,0.123,"Knipper, C.; Reinhold, S.; Gresky, J.; Berezina, N.Y.; Gerling, C.; Pichler, S.L.; Buzhilova, A.P.; Kantorovich, A.R.; Maslov, V.E.; Petrenko, V.G.; Lyakhov, S.V.; Kalmykov, A.A.; Belinskiy, A.B.; Han"
study_0468,"Kmošek, J",1900,Archaeology,0.437,Landscape Archaeology,0.367,Radiocarbon Chronology,0.358,Southern Levant,0.135,Egypt,0.099,Sinai,0.033,Medium,0.023,High,0.012,Low,0.004,0.199,"Kmošek, J.; Erban Kochergina, Y.V.; Chvojka, O.; Fikrle, M. Kmošek, Jiří (56176834000); Erban Kochergina, Yulia V. (57966933600); Chvojka, Ondřej (26631900100); Fikrle, Marek (35742925500) 56176834000"
study_0469,"Gradoli, M",1901,Epigraphy,0.237,Isotope Geochemistry,0.214,Meta-Analysis,0.214,Southern Levant,0.162,Sinai,0.149,Egypt,0.051,High,0.085,Medium,0.03,Low,0.006,0.162,"Gradoli, M.G.; Waiman-Barak, P.; Bürge, T.; Dunseth, Z.C.; Sterba, J.H.; Schiavo, F.L.; Perra, M.; Sabatini, S.; Fischer, P.M. Gradoli, Maria Giuseppina (55749429500); Waiman-Barak, Paula (56584445200"
study_0471,"Mödlinger, M",2020,Archaeology,0.407,Isotope Geochemistry,0.365,Radiocarbon Chronology,0.35,Southern Levant,0.1,Egypt,0.095,Sinai,0.028,High,0.055,Low,0.043,Medium,0.008,0.187,"Mödlinger, M.; Trebsche, P. Mödlinger, Marianne (24473560000); Trebsche, Peter (26034915400) 24473560000; 26034915400 Archaeometallurgical investigation of a Late Bronze Age hoard from Mahrersdorf in "
study_0470,"Mason, A",1889,Isotope Geochemistry,0.442,Radiocarbon Chronology,0.424,Paleoclimatology,0.341,Southern Levant,0.14,Sinai,0.07,Egypt,0.058,Medium,0.01,Low,-0.001,High,-0.014,0.197,"Mason, A.; Powell, W.; Bankoff, H.A.; Mathur, R.; Price, M.; Bulatović, A.; Filipović, V. Mason, Andrea H. (57188998774); Powell, Wayne G. (26431567900); Bankoff, H. Arthur (6506588768); Mathur, Ryan "
study_0472,"Knierzinger, W",1944,Epigraphy,0.277,Stratigraphy,0.203,Paleoclimatology,0.188,Sinai,0.127,Southern Levant,0.109,Egypt,0.03,Medium,0.068,Low,0.056,High,0.053,0.157,"Knierzinger, W.; Drescher-Schneider, R.; Knorr, K.-H.; Drollinger, S.; Limbeck, A.; Brunnbauer, L.; Horak, F.; Festi, D.; Wagreich, M. Knierzinger, Wolfgang (57194449049); Drescher-Schneider, Ruth (88"
study_0473,"Shishlina, N",2015,Isotope Geochemistry,0.394,Radiocarbon Chronology,0.357,Archaeology,0.278,Southern Levant,0.125,Egypt,0.113,Sinai,0.072,Medium,0.019,High,-0.01,Low,-0.032,0.18,"Shishlina, N.I.; Kiseleva, D.V.; Loboda, A.Y.; Ismagulov, A.M.; Vashchenkova, E.S.; Retivov, V.; Tereschenko, E.Y. Shishlina, Natalia I. (6505938328); Kiseleva, Daria V. (35424000900); Loboda, Anastas"
study_0475,"Karátson, D",1842,Stratigraphy,0.434,Landscape Archaeology,0.414,Epigraphy,0.369,Southern Levant,0.29,Sinai,0.212,Egypt,0.161,High,0.08,Low,0.059,Medium,0.013,0.268,"Karátson, D.; Telbisz, T.; Gertisser, R.; Strasser, T.; Nomikou, P.; Druitt, T.; Vereb, V.; Quidelleur, X.; Kósik, S. Karátson, Dávid (6602341669); Telbisz, Tamás (6507542551); Gertisser, Ralf (650584"
study_0474,"Salem, L",1985,Meta-Analysis,0.357,Anthropology,0.217,Cultural Memory,0.177,Southern Levant,0.029,Sinai,0.016,Egypt,-0.024,High,0.128,Low,0.099,Medium,0.085,0.171,"Salem, L. Salem, Leila (57219851309) 57219851309 King Senaaib's CG 20517 stela: A study of the problems for its interpretation; La estela CG 20517 del rey Senaaib: Un estudio de los problemas para su "
study_0476,"Gearey, B",1940,Archaeology,0.454,Cognitive Archaeology,0.404,Settlement Archaeology,0.399,Southern Levant,0.128,Sinai,0.118,Egypt,0.115,Medium,0.02,High,-0.017,Low,-0.018,0.201,"Gearey, B.; Becker, K.; Everett, R.; Griffiths, S. Gearey, Benjamin R. (57194075545); Becker, Katharina (55362767100); Everett, Rosie (57225795912); Griffiths, Seren (8881070300) 57194075545; 55362767"
study_0477,"Degryse, P",2023,Radiocarbon Chronology,0.403,Archaeology,0.4,Isotope Geochemistry,0.341,Southern Levant,0.143,Sinai,0.087,Egypt,0.046,Medium,0.051,Low,-0.001,High,-0.008,0.199,"Degryse, P.; Shortland, A.J.; Dillis, S.; Van Ham-Meert, A.; Vanhaecke, F.; Leeming, P. Degryse, Patrick (6602705636); Shortland, Andrew J. (7003990276); Dillis, Sarah (57202359203); Van Ham-Meert, Al"
study_0479,"Hermann, R",1800,Isotope Geochemistry,0.395,Radiocarbon Chronology,0.328,Paleoclimatology,0.324,Southern Levant,0.065,Sinai,0.043,Egypt,0.038,Medium,0.058,High,0.041,Low,0.036,0.173,"Hermann, R.; Steinhoff, J.; Schlotzhauer, P.; Vana, P. Hermann, Raphael (57216544275); Steinhoff, Judith Elisabeth (56439211800); Schlotzhauer, Philipp (56835815700); Vana, Philipp (6701636019) 572165"
study_0478,"Friedrich, R",2078,Radiocarbon Chronology,0.46,Volcanology,0.417,Isotope Geochemistry,0.387,Sinai,0.188,Southern Levant,0.132,Egypt,0.11,High,0.042,Low,0.0,Medium,-0.037,0.23,"Friedrich, R.; Kromer, B.; Wacker, L.; Olsen, J.; Remmele, S.; Lindauer, S.; Land, A.; Pearson, C. Friedrich, Ronny (56999926500); Kromer, Bernd (7004382933); Wacker, Lukas (6603463064); Olsen, Jesper"
study_0480,"Lazzerini, N",1903,Isotope Geochemistry,0.273,Stratigraphy,0.234,Paleoclimatology,0.212,Southern Levant,0.154,Sinai,0.092,Egypt,0.041,Low,0.038,High,0.027,Medium,0.015,0.155,"Lazzerini, N.; Zazzo, A.; Coulon, A.; Marchina, C.; Bayarkhuu, N.; Bernard, V.; Cervel, M.; Fiorillo, D.; Joly, D.; Noûs, C.; Tsagaan, T.; Lepetz, S. Lazzerini, Nicolas (56716313700); Zazzo, Antoine ("
study_0481,"Stantis, C",1817,Paleoclimatology,0.427,Archaeology,0.411,Stratigraphy,0.403,Egypt,0.355,Sinai,0.272,Southern Levant,0.215,High,0.054,Low,0.014,Medium,-0.028,0.279,"Stantis, C.; Kharobi, A.; Maaranen, N.; Nowell, G.M.; Bietak, M.; Prell, S.; Schutkowski, H. Stantis, Christina (55387946600); Kharobi, Arwa (57218173393); Maaranen, Nina (57218173731); Nowell, Geoff "
study_0482,"Sureda, P",1922,Radiocarbon Chronology,0.396,Archaeology,0.38,Settlement Archaeology,0.36,Southern Levant,0.244,Sinai,0.184,Egypt,0.145,Medium,0.045,Low,0.043,High,0.027,0.229,"Sureda, P. Sureda, Pau (57192272886) 57192272886 Metallic encounters in the Balearic Islands: An approach to Western Mediterranean trade dynamics in the ‘global’ Late Bronze Age 2020 Quaternary Intern"
study_0483,"Skourtanioti, E",2048,Meta-Analysis,0.191,Paleoclimatology,0.156,Artifact Typology,0.153,Egypt,0.019,Sinai,0.018,Southern Levant,0.001,Low,0.07,High,0.064,Medium,0.051,0.093,"Skourtanioti, E.; Erdal, Y.S.; Frangipane, M.; Balossi Restelli, F.; Yener, K.A.; Pìnnock, F.; Matthiae, P.; Özbal, R.; Schoop, U.-D.; Guliyev, F.; Akhundov, T.; Lyonnet, B.; Hammer, E.; Nugent, S.E.;"
study_0484,"Agranat-Tamir, L",1905,Meta-Analysis,0.257,Ceramic Analysis,0.097,Epigraphy,0.095,Sinai,0.094,Southern Levant,0.058,Egypt,0.002,High,0.055,Low,0.009,Medium,-0.02,0.135,"Agranat-Tamir, L.; Waldman, S.; Martin, M.A.S.; Gokhman, D.; Mishol, N.; Eshel, T.; Cheronet, O.; Rohland, N.; Mallick, S.; Adamski, N.; Lawson, A.M.; Mah, M.; Michel, M.; Oppenheimer, J.; Stewardson,"
study_0485,"Evans, K",2020,Volcanology,0.558,Isotope Geochemistry,0.329,Archaeology,0.301,Sinai,0.189,Egypt,0.135,Southern Levant,0.075,High,0.077,Medium,-0.012,Low,-0.027,0.275,"Evans, K.J.; McCoy, F.W. Evans, K. J. (57216365366); McCoy, Floyd W. (7003863374) 57216365366; 7003863374 Precursory eruptive activity and implied cultural responses to the Late Bronze Age (LBA) erupt"
study_0486,"Schmidt, N",2020,Paleoclimatology,0.317,Paleography,0.313,Anthropology,0.291,Southern Levant,0.134,Sinai,0.083,Egypt,0.069,Medium,0.019,High,0.0,Low,-0.027,0.157,"Schmidt, N.; Schücker, K.; Krause, I.; Dörk, T.; Klintschar, M.; Hummel, S. Schmidt, Nicole (57214329950); Schücker, Katharina (57214331768); Krause, Ina (56430646900); Dörk, Thilo (7007100340); Klint"
study_0487,"Orendi, A",2003,Stratigraphy,0.258,Archaeology,0.241,Landscape Archaeology,0.238,Southern Levant,0.337,Egypt,0.135,Sinai,0.116,Medium,0.103,Low,0.015,High,-0.005,0.233,"Orendi, A. Orendi, Andrea (57200300965) 57200300965 Flax cultivation in the southern Levant and its development during the Bronze and Iron Age 2020 Quaternary International 545 63 72 0 10.1016/j.quain"
study_0488,"Dibble, F",1899,Archaeology,0.498,Settlement Archaeology,0.43,Paleography,0.383,Egypt,0.125,Southern Levant,0.097,Sinai,0.07,Medium,0.015,Low,-0.002,High,-0.014,0.213,"Dibble, F.; Fallu, D.J. Dibble, Flint (57041122900); Fallu, Daniel Joseph (57189924156) 57041122900; 57189924156 New data from old bones: A taphonomic reassessment of Early Iron Age beef ranching at N"
study_0489,"Smith, D",2052,Archaeology,0.303,Landscape Archaeology,0.3,Cognitive Archaeology,0.291,Egypt,0.065,Southern Levant,0.056,Sinai,-0.002,Medium,-0.052,High,-0.054,Low,-0.071,0.105,"Smith, D.; Hill, G.; Kenward, H.; Allison, E. Smith, David N. (55722908300); Hill, Geoff E. (57205283854); Kenward, Harry K. (6602579724); Allison, Enid A. (56366132900) 55722908300; 57205283854; 6602"
study_0490,"Dunkin, D",1931,Archaeology,0.443,Settlement Archaeology,0.385,Cognitive Archaeology,0.381,Southern Levant,0.072,Sinai,0.06,Egypt,0.049,Medium,0.022,Low,-0.005,High,-0.018,0.179,"Dunkin, D.; Yates, D.; Bradley, R. Dunkin, David (57193171973); Yates, David (7103213575); Bradley, Richard J. (7401460037) 57193171973; 7103213575; 7401460037 THE FINDSPOTS OF BRONZE AGE METALWORK IN"
study_0491,"Kemp, V",2020,Archaeology,0.299,Artifact Typology,0.293,Ceramic Analysis,0.281,Egypt,0.15,Sinai,0.087,Southern Levant,0.072,High,-0.0,Low,-0.003,Medium,-0.014,0.15,"Kemp, V.; McDonald, A.; Brock, F.; Shortland, A.J. Kemp, Victoria (57211623423); McDonald, A. (57211623323); Brock, Fiona (7003530146); Shortland, Andrew J. (7003990276) 57211623423; 57211623323; 7003"
study_0492,"Száraz, C",1918,Archaeology,0.488,Landscape Archaeology,0.411,Cognitive Archaeology,0.384,Egypt,0.255,Southern Levant,0.239,Sinai,0.134,Medium,0.085,High,0.064,Low,0.042,0.276,"Száraz, C. Száraz, Csilla (58565191800) 58565191800 The region of the Zala and Mura Rivers (Zala County) in the Late Bronze Age: Late Tumulus and Urnfield period 2020 Dissertationes Archaeologicae ex "
study_0493,"Bóka, G",1885,Settlement Archaeology,0.603,Archaeology,0.507,Historical Geography,0.446,Southern Levant,0.207,Egypt,0.16,Sinai,0.14,High,0.028,Medium,0.023,Low,0.015,0.279,"Bóka, G. Bóka, Gergely (57188550989) 57188550989 Transformation of settlement history in the Körös Region in the period between the Late Bronze Age and the end of Iron Age 2020 Dissertationes Archaeol"
study_0494,"Király, Á",2020,Archaeology,0.556,Settlement Archaeology,0.544,Cognitive Archaeology,0.432,Egypt,0.185,Southern Levant,0.158,Sinai,0.126,Medium,0.039,Low,0.004,High,-0.002,0.26,"Király, Á. Király, Ágnes (58566221600) 58566221600 Human remains unearthed in settlement context from the Late Bronze Age - Early Iron Age (Reinecke BD-HaB3) Northeastern Hungary 2020 Dissertationes A"
study_0496,"Hess, C",2020,Historical Geography,0.462,Archaeology,0.422,Geoarchaeology,0.388,Southern Levant,0.332,Egypt,0.289,Sinai,0.25,Medium,-0.009,High,-0.023,Low,-0.034,0.262,"Hess, C.W. Hess, Christian W. (57337550900) 57337550900 Standard babylonian 2020 473 488 0 10.1002/9781119193814.ch25 https://www.scopus.com/inward/record.uri?eid=2-s2.0-85121026296&doi=10.1002%2F9781"
study_0495,"Lyganov, A",1943,Stratigraphy,0.411,Geoarchaeology,0.364,Isotope Geochemistry,0.352,Southern Levant,0.175,Egypt,0.168,Sinai,0.117,Medium,0.099,High,0.056,Low,0.05,0.228,"Lyganov, A.V. Lyganov, A. V. (57194326310) 57194326310 MALTSEVO IV SITE OF THE LATE BRONZE AGE ON THE TOIMA RIVER IN THE LOWER KAMA REGION; МАЛЬЦЕВСКАЯ IV СТОЯНКА ПОЗДНЕГО БРОНЗОВОГО ВЕКА НА Р. ТОЙМА "
study_0497,"Giannitrapani, E",1944,Archaeology,0.357,Settlement Archaeology,0.318,Cognitive Archaeology,0.302,Southern Levant,0.189,Egypt,0.169,Sinai,0.159,High,0.032,Low,0.004,Medium,-0.054,0.192,"Giannitrapani, E. Giannitrapani, Enrico (6506819446) 6506819446 The social significance of caves and rock-shelters in the prehistory of the erei (central sicily) archaeological investigations at the r"
study_0498,"Jursa, M",2020,Radiocarbon Chronology,0.352,Paleoclimatology,0.348,Archaeology,0.347,Southern Levant,0.242,Egypt,0.236,Sinai,0.203,Medium,0.065,Low,0.039,High,0.034,0.22,"Jursa, M. Jursa, Michael (26038334200) 26038334200 Agriculture in Bronze Age Mesopotamia 2020 151 172 0 10.1002/9781118970959.ch8 https://www.scopus.com/inward/record.uri?eid=2-s2.0-85113388932&doi=10"
study_0499,"Killebrew, A",2020,Anthropology,0.376,Settlement Archaeology,0.363,Archaeology,0.351,Southern Levant,0.258,Egypt,0.174,Sinai,0.166,High,0.041,Medium,0.014,Low,-0.001,0.225,"Killebrew, A.E. Killebrew, Ann E. (26322516500) 26322516500 Early Israel’s origins, settlement, and ethnogenesis 2020 79 93 0 10.1093/oxfordhb/9780190261160.013.33 https://www.scopus.com/inward/record"
study_0501,"Oreshko, R",2020,Historical Geography,0.321,Archaeology,0.32,Geoarchaeology,0.319,Southern Levant,0.248,Sinai,0.233,Egypt,0.221,High,0.011,Medium,-0.027,Low,-0.053,0.194,"Oreshko, R. Oreshko, Rostislav (56100366400) 56100366400 The last foothold of Arzawa: The location of Puranda and Mount Arinnanda revisited 2020 Culture and History of the Ancient Near East 107 544 57"
study_0500,"Selin, D",2020,Ceramic Analysis,0.457,Archaeology,0.383,Settlement Archaeology,0.365,Egypt,0.086,Southern Levant,0.065,Sinai,0.037,Medium,0.062,Low,0.02,High,-0.001,0.201,"Selin, D.V. Selin, D. V. (56676168000) 56676168000 Technical and technological analysis of late bronze ceramics of the ordynskoe- 12 settlement (Western Siberia) 2020 Vestnik Novosibirskogo Gosudarstv"
study_0502,"Lis, B",1908,Archaeology,0.425,Ceramic Analysis,0.411,Settlement Archaeology,0.331,Egypt,0.186,Southern Levant,0.161,Sinai,0.131,Medium,0.075,Low,-0.003,High,-0.011,0.229,"Lis, B.; van Damme, T. Lis, Bartłomiej (57190859033); van Damme, Trevor (57203468477) 57190859033; 57203468477 From texts and iconography to use-wear analysis of ceramic vessels: Investigating a mycen"
study_0503,"Mozhajsky, A",2020,Archaeology,0.32,Artifact Typology,0.305,Epigraphy,0.273,Sinai,0.138,Egypt,0.124,Southern Levant,0.091,Medium,-0.019,Low,-0.05,High,-0.058,0.147,"Mozhajsky, A.Yu.; Pichugina, V.K. Mozhajsky, Andrej Yu (56509617100); Pichugina, Victoria K. (56428029000) 56509617100; 56428029000 The Greek shield as a metal artifact and its reflection in the story"
study_0504,"Kapuran, A",2020,Archaeology,0.481,Settlement Archaeology,0.454,Stratigraphy,0.38,Southern Levant,0.182,Egypt,0.155,Sinai,0.147,Low,0.014,Medium,0.004,High,-0.001,0.226,"Kapuran, A.; Gavranović, M.; Mehofer, M. Kapuran, Aleksandar (55813224700); Gavranović, Mario (42161321600); Mehofer, Mathias (35092874300) 55813224700; 42161321600; 35092874300 Bronze age settlement "
study_0505,"Powell, W",1977,Paleoclimatology,0.252,Stratigraphy,0.248,Paleography,0.243,Southern Levant,0.122,Egypt,0.092,Sinai,0.08,High,0.106,Low,0.091,Medium,0.064,0.16,"Powell, W.; Mladenovic, O.; Cruse, S.; Bankoff, H.A.; Mathur, R. Powell, Wayne G. (26431567900); Mladenovic, Ognjen Đ. (57197743674); Cruse, Steffanie (57221437138); Bankoff, H. Arthur (6506588768); M"
study_0506,"Grigoriev, S",2020,Archaeology,0.354,Stratigraphy,0.291,Paleography,0.285,Southern Levant,0.209,Sinai,0.153,Egypt,0.148,Medium,0.078,High,0.032,Low,0.018,0.214,"Grigoriev, S.A. Grigoriev, Stanislav A. (36971467300) 36971467300 Migration processes in the southern urals during the transition to the late bronze age 2020 Ural'skij Istoriceskij Vestnik 69 4 24 31 "
study_0507,"Epimakhov, A",2092,Radiocarbon Chronology,0.669,Isotope Geochemistry,0.459,Stratigraphy,0.448,Egypt,0.16,Sinai,0.152,Southern Levant,0.151,Medium,0.025,High,0.016,Low,0.004,0.285,"Epimakhov, A.V.; Tairov, A.D.; Epimakhova, M.G. Epimakhov, Andrey Vladimirovich (16642379500); Tairov, Alexander D. (52164887000); Epimakhova, M. G. (57220924192) 16642379500; 52164887000; 57220924192"
study_0508,"Reitmaier-Naef, L",2001,Epigraphy,0.249,Archaeology,0.197,Settlement Archaeology,0.184,Sinai,0.226,Southern Levant,0.206,Egypt,0.136,High,0.07,Low,0.037,Medium,-0.046,0.182,"Reitmaier-Naef, L.; Thomas, P.; Bucher, J.; Oberhänsli, M.; Grutsch, C.O.; Martinek, K.-P.; Seifert, M.; Rentzel, P.; Turck, R.; Reitmaier, T.; Casa, P.D. Reitmaier-Naef, Leandra (57200128787); Thomas"
study_0509,"Retzmann, A",1802,Isotope Geochemistry,0.481,Paleoclimatology,0.429,Radiocarbon Chronology,0.41,Southern Levant,0.14,Egypt,0.076,Sinai,0.072,High,-0.01,Low,-0.022,Medium,-0.116,0.203,"Retzmann, A.; Kriechbaum, A.-M.; Griebl, M.; Wiltschke-Schrotta, K.; Teschler-Nicola, M.; Irrgeher, J.; Prohaska, T. Retzmann, Anika (35180261500); Kriechbaum, Anna Maria (57220105744); Griebl, Monika"
study_0510,"Papavassileiou, K",1900,Paleoclimatology,0.191,Radiocarbon Chronology,0.122,Paleobotany,0.114,Sinai,0.241,Egypt,0.173,Southern Levant,0.088,Low,0.036,Medium,0.02,High,-0.014,0.156,"Papavassileiou, K.; Owens, G.; Kosmopoulos, D. Papavassileiou, Katerina (57217103292); Owens, Gareth (57190094906); Kosmopoulos, Dimitrios I. (6602400685) 57217103292; 57190094906; 6602400685 A datase"
study_0511,"Molodin, V",2020,Archaeology,0.423,Radiocarbon Chronology,0.414,Paleoclimatology,0.368,Southern Levant,0.187,Egypt,0.183,Sinai,0.1,Medium,0.069,Low,0.001,High,0.001,0.226,"Molodin, V.I.; Selin, D.V.; Mylnikova, L.N.; Durakov, I.A.; Efremova, N.S. Molodin, V. I. (6506558021); Selin, D. V. (56676168000); Mylnikova, Lyudmila N. (11239899900); Durakov, Igor A. (26422977200)"
study_0512,"Khokhlov, A",1894,Archaeology,0.399,Paleoclimatology,0.386,Paleography,0.371,Southern Levant,0.21,Egypt,0.136,Sinai,0.041,Medium,0.064,Low,0.019,High,0.013,0.224,"Khokhlov, A.A.; Kitov, E.P.; Kapinus, Y.O. Khokhlov, Alexandr A. (56688165600); Kitov, E. P. (57189446078); Kapinus, Yulia O. (57219836107) 56688165600; 57189446078; 57219836107 To the issue of anthro"
study_0513,"Tkachev, V",2020,Isotope Geochemistry,0.365,Stratigraphy,0.334,Geoarchaeology,0.289,Egypt,0.126,Southern Levant,0.092,Sinai,0.087,High,0.112,Low,0.096,Medium,0.054,0.201,"Tkachev, V.V. Tkachev, V. V. (55249902200) 55249902200 Crossborder zone of srubnaya and alakul cultures in the steppe pre-urals: Physical-geographical and mining-metallurgical aspects 2020 Povolzhskay"
study_0514,"Lyganov, A",1943,Archaeology,0.463,Stratigraphy,0.391,Radiocarbon Chronology,0.376,Egypt,0.191,Sinai,0.175,Southern Levant,0.123,High,0.024,Medium,0.0,Low,-0.009,0.226,"Lyganov, A.V. Lyganov, A. V. (57194326310) 57194326310 On the cultural and chronological attribution of two burial grounds of the late bronze age in the volga-kama region (from the excavations by A.Kh"
study_0515,"Bolohan, N",2057,Ceramic Analysis,0.206,Hydrology,0.181,Stratigraphy,0.179,Egypt,0.188,Sinai,0.133,Southern Levant,0.018,High,0.083,Low,0.061,Medium,0.031,0.159,"Bolohan, N.; Drob, A. Bolohan, Neculai (56205743700); Drob, Ana (57219657552) 56205743700; 57219657552 Cercetare de suprafață în zona aroneanu–șapte oameni, comuna aroneanu, județul iași. analiza mult"
study_0516,"Massa, M",1919,Geoarchaeology,0.479,Historical Geography,0.431,Stratigraphy,0.388,Southern Levant,0.264,Egypt,0.225,Sinai,0.125,High,0.015,Low,0.004,Medium,-0.008,0.253,"Massa, M.; Bachhuber, C.; Şahin, F.; Erpehlivan, H.; Osborne, J.; Lauricella, A.J. Massa, Michele (56266645800); Bachhuber, Christoph (35177150000); Şahin, Fatma (57191971255); Erpehlivan, Hüseyin (57"
study_0517,"Koh, A",1800,Paleoclimatology,0.426,Archaeology,0.407,Stratigraphy,0.375,Southern Levant,0.324,Sinai,0.27,Egypt,0.23,Medium,0.054,Low,-0.013,High,-0.022,0.268,"Koh, A.J.; Birney, K.J.; Roy, I.M.; Liritzis, I. Koh, Andrew J. (56806464800); Birney, Kathleen J. (26036031800); Roy, Ian M. (57218884263); Liritzis, Ioannis (7003918573) 56806464800; 26036031800; 57"
study_0518,"Chechushkov, I",1824,Radiocarbon Chronology,0.403,Historical Geography,0.359,Geoarchaeology,0.355,Southern Levant,0.152,Egypt,0.097,Sinai,0.081,Medium,-0.006,Low,-0.063,High,-0.112,0.183,"Chechushkov, I.V.; Molchanova, V.V.; Epimakhov, A.V. Chechushkov, I. V. (55151581300); Molchanova, Vlada V. (57218245721); Epimakhov, Andrey Vladimirovich (16642379500) 55151581300; 57218245721; 16642"
study_0519,"Chechushkov, I",2020,Archaeology,0.457,Settlement Archaeology,0.43,Stratigraphy,0.399,Southern Levant,0.231,Egypt,0.206,Sinai,0.15,Medium,0.055,High,0.043,Low,0.03,0.248,"Chechushkov, I.V. Chechushkov, I. V. (55151581300) 55151581300 Labor investments in the construction of the Kamenny Ambar late bronze age settlement in the Karagaily-Ayat river valley 2020 Ural'skij I"
study_0520,"Bulakova, E",2020,Stratigraphy,0.405,Archaeology,0.4,Settlement Archaeology,0.396,Southern Levant,0.192,Egypt,0.169,Sinai,0.138,High,0.02,Medium,-0.01,Low,-0.035,0.206,"Bulakova, E.A.; Kostomarov, V.M. Bulakova, Ekaterina A. (57217387666); Kostomarov, V. M. (57213625963) 57217387666; 57213625963 Settlement structure of the Karagaily-Ayat river valley in the Bronze Ag"
study_0521,"Degtyareva, A",2020,Radiocarbon Chronology,0.399,Isotope Geochemistry,0.363,Paleoclimatology,0.318,Egypt,0.095,Southern Levant,0.062,Sinai,0.051,Medium,-0.008,Low,-0.034,High,-0.051,0.162,"Degtyareva, A.D.; Kuzminykh, S.V.; Loman, V.G.; Kukushkin, I.A.; Kukushkin, A.I.; Dmitriev, E.A. Degtyareva, A. D. (57202073610); Kuzminykh, Serguei Vladimirovich (34768272400); Loman, Valeriy G. (571"
study_0522,"Vinogradov, B",2020,Anthropology,0.214,Bioarchaeology,0.207,Paleobotany,0.189,Egypt,0.112,Sinai,0.044,Southern Levant,0.031,Low,0.048,High,0.038,Medium,-0.014,0.125,"Vinogradov, B. Vinogradov, Nikolay B. (56095303700) 56095303700 Anthropomorphic “dolls” in the funeral rites of Kulevchi VI burial ground; АНТРОПОМОРФНЫЕ «КУКЛЫ» В ПОГРЕБАЛЬНОЙ ОБРЯДНОСТИ МОГИЛЬНИКА К"
study_0524,"Harvig, L",2020,Archaeology,0.402,Settlement Archaeology,0.325,Landscape Archaeology,0.305,Egypt,0.146,Southern Levant,0.116,Sinai,0.115,Low,0.043,High,0.037,Medium,-0.011,0.197,"Harvig, L. Harvig, Lise Lock (48662127900) 48662127900 Land of the Cremated Dead: On Cremation Practices in Late Bronze Age and Early Iron Age Scandinavia 2020 231 249 0 10.1093/oso/9780198798118.003."
study_0523,"Caspari, G",1940,Archaeology,0.538,Cognitive Archaeology,0.515,Landscape Archaeology,0.503,Southern Levant,0.206,Egypt,0.16,Sinai,0.073,High,-0.014,Low,-0.014,Medium,-0.04,0.243,"Caspari, G. Caspari, Gino (56421940600) 56421940600 Quantifying ritual funerary activity of the late prehistoric southern Kanas region (Xinjiang, China) 2020 Asian Perspectives 59 2 421 452 0 10.1353/"
study_0525,"Dillis, S",2023,Archaeology,0.365,Radiocarbon Chronology,0.312,Artifact Typology,0.307,Southern Levant,0.15,Egypt,0.113,Sinai,0.076,Medium,0.014,Low,-0.022,High,-0.023,0.176,"Dillis, S.; Van Ham-Meert, A.; Leeming, P.; Shortland, A.; Gobejishvili, G.; Abramishvili, M.; Degryse, P. Dillis, Sarah (57202359203); Van Ham-Meert, Alicia (57200284233); Leeming, Peter J. (57211803"
study_0526,"Schmidt, S",2019,Settlement Archaeology,0.432,Geoarchaeology,0.348,Historical Geography,0.331,Sinai,0.186,Egypt,0.176,Southern Levant,0.145,Medium,0.059,High,0.022,Low,0.019,0.226,"Schmidt, S.C. Schmidt, Sophie C. (57214758768) 57214758768 Settlement sizes and distances between settlemen sites - a geostatistical analysis of transect data; Siedlungsgrößen und Abstände zwischen Si"
study_0527,"Knitter, D",1922,Geoarchaeology,0.315,Stratigraphy,0.284,Landscape Archaeology,0.255,Southern Levant,0.117,Sinai,0.053,Egypt,0.04,Low,0.036,High,0.004,Medium,-0.032,0.156,"Knitter, D.; Günther, G.; Hamer, W.B.; Keßler, T.; Seguin, J.; Unkel, I.; Weiberg, E.; Duttmann, R.; Nakoinz, O. Knitter, Daniel (55550943500); Günther, Gerrit (57215683769); Hamer, Wolfgang Berengar "
study_0528,"Medill, K",2001,Archaeology,0.398,Cognitive Archaeology,0.395,Epigraphy,0.362,Egypt,0.175,Southern Levant,0.172,Sinai,0.142,High,0.06,Low,0.027,Medium,0.025,0.211,"Medill, K.M. Medill, Kathryn Mcconaughy (57212001225) 57212001225 The idrimi statue inscription in its late bronze age scribal context 2019 Bulletin of the American Schools of Oriental Research 382 1 "
study_0529,"Liritzis, I",1857,Geoarchaeology,0.375,Bioarchaeology,0.32,Hydrology,0.29,Southern Levant,0.146,Sinai,0.117,Egypt,0.111,Medium,-0.005,High,-0.006,Low,-0.033,0.172,"Liritzis, I.; Westra, A.; Miao, C. Liritzis, Ioannis (7003918573); Westra, Alexander Jan Dimitris (57211587570); Miao, Changhong (58134595700) 7003918573; 57211587570; 58134595700 Disaster Geoarchaeol"
study_0530,"Shishlina, N",2015,Archaeology,0.435,Isotope Geochemistry,0.346,Cognitive Archaeology,0.344,Egypt,0.122,Sinai,0.111,Southern Levant,0.086,Medium,0.031,High,0.028,Low,-0.001,0.196,"Shishlina, N.; Loboda, A. Shishlina, Natalia I. (6505938328); Loboda, Anastasia Yu (57201551151) 6505938328; 57201551151 METALWORKING TECHNIQUES ON THE EURASIAN STEPPES IN THE LATE BRONZE AGE: TECHNIC"
study_0531,"Díaz-Guardamino, M",1983,Meta-Analysis,0.107,Paleobotany,0.103,Isotope Geochemistry,0.102,Southern Levant,0.096,Sinai,0.081,Egypt,0.028,High,0.157,Low,0.131,Medium,0.117,0.12,"Díaz-Guardamino, M.; García Sanjuán, L.; Wheatley, D.W.; Lozano Rodríguez, J.A.; Rogerio-Candelera, M.Á.; Krueger, M.; Krueger, M.; Hunt Ortiz, M.; Murillo-Barroso, M.; Balsera Nieto, V. Díaz-Guardami"
study_0532,"Andreou, G",1987,Archaeology,0.576,Settlement Archaeology,0.518,Landscape Archaeology,0.499,Southern Levant,0.259,Egypt,0.25,Sinai,0.23,Medium,0.035,High,-0.015,Low,-0.021,0.29,"Andreou, G.M.; Georgiou, A.; Urban, T.M.; Fisher, K.D.; Manning, S.W.; Sewell, D.A. Andreou, Georgia Marina (56198716600); Georgiou, Artemis (57040763000); Urban, Thomas M. (55343834200); Fisher, Kevi"
study_0533,"Öniz, H",2019,Archaeology,0.43,Geoarchaeology,0.376,Settlement Archaeology,0.37,Southern Levant,0.28,Egypt,0.265,Sinai,0.222,High,0.096,Low,0.068,Medium,0.046,0.268,"Öniz, H. Öniz, Hakan (55681549900) 55681549900 Antalya-Kumluca Bronze Age Shipwreck 2019 studies—first analyses 2019 Palestine Exploration Quarterly 151 3-4 172 183 0 10.1080/00310328.2019.1700640 htt"
study_0534,"Ledger, M",1957,Archaeology,0.248,Zooarchaeology,0.238,Settlement Archaeology,0.23,Southern Levant,0.113,Sinai,0.093,Egypt,0.088,Medium,0.02,High,-0.013,Low,-0.043,0.127,"Ledger, M.L.; Grimshaw, E.; Fairey, M.; Whelton, H.L.; Bull, I.D.; Ballantyne, R.; Knight, M.; Mitchell, P.D. Ledger, Marissa L. (57195785038); Grimshaw, Elisabeth (57210419991); Fairey, Madison (5720"
study_0535,"Karkanas, P",1899,Archaeology,0.493,Settlement Archaeology,0.418,Landscape Archaeology,0.39,Southern Levant,0.163,Egypt,0.142,Sinai,0.108,High,0.04,Medium,0.029,Low,0.02,0.232,"Karkanas, P.; Berna, F.; Fallu, D.; Gauss, W. Karkanas, Panagiotis (6603894093); Berna, Francesco (7801410989); Fallu, Daniel Joseph (57189924156); Gauss, Walter (26035171800) 6603894093; 7801410989; "
study_0536,"Łaciak, D",1946,Radiocarbon Chronology,0.425,Archaeology,0.412,Stratigraphy,0.393,Egypt,0.091,Southern Levant,0.081,Sinai,0.031,Low,0.014,High,0.006,Medium,-0.012,0.177,"Łaciak, D.; Borowski, M.P.; Łydżba-Kopczyńska, B.; Baron, J.; Furmanek, M. Łaciak, Dagmara (57194616925); Borowski, Michał P. (56556367400); Łydżba-Kopczyńska, Barbara I. (24176411200); Baron, Justyna"
study_0537,"Canovaro, C",2002,Archaeology,0.409,Paleoclimatology,0.396,Radiocarbon Chronology,0.379,Southern Levant,0.22,Egypt,0.156,Sinai,0.122,High,0.014,Medium,-0.003,Low,-0.014,0.214,"Canovaro, C.; Angelini, I.; Artioli, G.; Nimis, P.; Borgna, E. Canovaro, Caterina (37076772400); Angelini, Ivana (8576557800); Artioli, Gilberto (56582666300); Nimis, Paolo (7006020025); Borgna, Elisa"
study_0538,"Van Ham-Meert, A",2002,Epigraphy,0.279,Paleoclimatology,0.255,Comparative Mythology,0.234,Southern Levant,0.227,Sinai,0.187,Egypt,0.12,High,0.059,Low,0.052,Medium,0.021,0.189,"Van Ham-Meert, A.; Dillis, S.; Blomme, A.; Cahill, N.; Claeys, P.; Elsen, J.; Eremin, K.; Gerdes, A.; Steuwe, C.; Roeffaers, M.; Shortland, A.; Degryse, P. Van Ham-Meert, Alicia (57200284233); Dillis,"
study_0539,"Christiansen Broch, M",2078,Settlement Archaeology,0.398,Archaeology,0.394,Cognitive Archaeology,0.345,Egypt,0.172,Southern Levant,0.16,Sinai,0.136,High,0.062,Low,0.011,Medium,-0.032,0.211,"Christiansen Broch, M. Christiansen Broch, Mathias (57207819291) 57207819291 Age, dimensions and classification – a multi-causal absence of three-aisled longhouses from aerial photographs of western J"
study_0540,"McLaughlin, T",1800,Radiocarbon Chronology,0.572,Geoarchaeology,0.403,Paleography,0.368,Sinai,0.112,Southern Levant,0.072,Egypt,0.059,Low,0.002,High,-0.017,Medium,-0.058,0.228,"McLaughlin, T.R. McLaughlin, T. Rowan (55489151800) 55489151800 On Applications of Space–Time Modelling with Open-Source 14 C Age Calibration 2019 Journal of Archaeological Method and Theory 26 2 479 "
study_0541,"Druitt, T",1842,Volcanology,0.474,Isotope Geochemistry,0.428,Radiocarbon Chronology,0.351,Sinai,0.182,Egypt,0.159,Southern Levant,0.111,Medium,-0.01,High,-0.011,Low,-0.041,0.215,"Druitt, T.H.; McCoy, F.W.; Vougioukalakis, G.E. Druitt, Timothy H. (6701411842); McCoy, Floyd W. (7003863374); Vougioukalakis, Georgios E. (57223918339) 6701411842; 7003863374; 57223918339 The late br"
study_0542,"Cavazzuti, C",2046,Archaeology,0.371,Settlement Archaeology,0.349,Cognitive Archaeology,0.299,Southern Levant,0.24,Egypt,0.22,Sinai,0.109,Medium,0.073,High,0.044,Low,0.019,0.228,"Cavazzuti, C.; Cardarelli, A.; Quondam, F.; Salzani, L.; Ferrante, M.; Nisi, S.; Millard, A.R.; Skeates, R. Cavazzuti, Claudio (57204610941); Cardarelli, Andrea (22978658500); Quondam, Francesco (5720"
study_0543,"Heiss, A",1953,Epigraphy,0.266,Bioarchaeology,0.255,Paleoclimatology,0.238,Southern Levant,0.16,Sinai,0.134,Egypt,0.033,High,0.015,Medium,-0.008,Low,-0.027,0.147,"Heiss, A.G.; Antolín, F.; Berihuete-Azorín, M.B.; Biederer, B.; Erlach, R.; Gail, N.; Griebl, M.; Linke, R.; Lochner, M.; Marinova, E.; Oberndorfer, D.; Stika, H.-P.; Valamoti, S.M. Heiss, Andreas G. "
study_0544,"Schmidt, C",2078,Epigraphy,0.234,Cognitive Archaeology,0.207,Archaeology,0.196,Sinai,0.213,Southern Levant,0.139,Egypt,0.107,High,0.146,Low,0.121,Medium,0.099,0.198,"Schmidt, C.W.; Remy, A.; van Sessen, R.; Willman, J.; Krueger, K.; Scott, R.; Mahoney, P.; Beach, J.; McKinley, J.; D'Anastasio, R.; Chiu, L.; Buzon, M.; De Gregory, J.R.; Sheridan, S.; Eng, J.; Watso"
study_0545,"Chazin, H",1993,Landscape Archaeology,0.428,Archaeology,0.426,Cognitive Archaeology,0.392,Southern Levant,0.231,Egypt,0.152,Sinai,0.132,Medium,0.011,Low,-0.02,High,-0.032,0.223,"Chazin, H.; Gordon, G.W.; Knudson, K.J. Chazin, Hannah (56117911200); Gordon, Gwyneth Williams (19933252000); Knudson, Kelly J. (35617354900) 56117911200; 19933252000; 35617354900 Isotopic perspective"
study_0546,"Saag, L",1948,Meta-Analysis,0.212,Epigraphy,0.177,Ceramic Analysis,0.146,Southern Levant,0.069,Sinai,0.021,Egypt,-0.047,Medium,0.074,High,0.071,Low,0.062,0.118,"Saag, L.; Laneman, M.; Varul, L.; Malve, M.; Valk, H.; Razzak, M.A.; Shirobokov, I.G.; Khartanovich, V.I.; Mikhaylova, E.R.; Kushniarevich, A.; Scheib, C.L.; Solnik, A.; Reisberg, T.; Parik, J.; Saag,"
study_0547,"Dotsika, E",2019,Isotope Geochemistry,0.507,Radiocarbon Chronology,0.346,Paleoclimatology,0.343,Sinai,0.142,Egypt,0.119,Southern Levant,0.068,Low,0.042,High,0.01,Medium,-0.03,0.23,"Dotsika, E.; Diamantopoulos, G. Dotsika, Elissavet (13907769500); Diamantopoulos, George (6701747193) 13907769500; 6701747193 Influence of climate on stable nitrogen isotopic values of contemporary Gr"
study_0548,"Weiss, E",2085,Ethnohistory,0.313,Archaeology,0.298,Landscape Archaeology,0.272,Southern Levant,0.213,Egypt,0.201,Sinai,0.163,High,0.064,Low,0.034,Medium,0.023,0.197,"Weiss, E.; Mahler-Slasky, Y.; Melamed, Y.; Lederman, Z.; Bunimovitz, S.; Bubel, S.; Manor, D. Weiss, Ehud (8292991200); Mahler-Slasky, Yael (6505459328); Melamed, Yoel (7006570535); Lederman, Zvi (357"
study_0549,"Weiberg, E",1980,Paleobotany,0.177,Paleoclimatology,0.152,Epigraphy,0.144,Sinai,0.134,Southern Levant,0.126,Egypt,0.065,High,0.112,Low,0.066,Medium,0.028,0.141,"Weiberg, E.; Bevan, A.; Kouli, K.; Katsianis, M.; Woodbridge, J.; Bonnier, A.; Engel, M.; Finné, M.; Fyfe, R.; Maniatis, Y.; Palmisano, A.; Panajiotidis, S.; Roberts, C.N.; Shennan, S. Weiberg, Erika "
study_0550,"Bianchini, G",1820,Paleoclimatology,0.423,Landscape Archaeology,0.395,Archaeology,0.381,Southern Levant,0.23,Egypt,0.161,Sinai,0.141,High,-0.005,Low,-0.02,Medium,-0.062,0.216,"Bianchini, G.; Cremonini, S.; Di Giuseppe, D.; Gabusi, R.; Marchesini, M.; Vianello, G.; Vittori Antisari, L. Bianchini, Gianluca (35298746300); Cremonini, Stefano (24528218200); Di Giuseppe, Dario (5"
study_0551,"Shanshashvili, N",1940,Archaeology,0.318,Geoarchaeology,0.281,Landscape Archaeology,0.274,Egypt,0.264,Southern Levant,0.245,Sinai,0.213,High,0.014,Medium,0.004,Low,-0.017,0.199,"Shanshashvili, N.; Narimanishvili, G. Shanshashvili, Nino (57252394500); Narimanishvili, Goderdzi (36523719400) 57252394500; 36523719400 Everyday life in trialeti (south caucasus) in the middle and th"
study_0552,"Reitmaier, T",2084,Geoarchaeology,0.342,Settlement Archaeology,0.304,Archaeology,0.292,Southern Levant,0.177,Egypt,0.136,Sinai,0.104,Medium,0.018,High,0.0,Low,-0.014,0.179,"Reitmaier, T.; Kruse, K. Reitmaier, Thomas (35111599200); Kruse, Kristin (57208424614) 35111599200; 57208424614 Pastoral economy. A model on the sustainability of Bronze Age settlements in the Alpine "
study_0553,"Greener, A",1928,Archaeology,0.51,Landscape Archaeology,0.443,Settlement Archaeology,0.442,Southern Levant,0.312,Sinai,0.261,Egypt,0.2,High,-0.007,Medium,-0.024,Low,-0.066,0.272,"Greener, A. Greener, Aaron (55192800100) 55192800100 Archaeology and religion in late bronze age canaan 2019 Religions 10 4 258 0 10.3390/rel10040258 https://www.scopus.com/inward/record.uri?eid=2-s2."
study_0554,"Dotsika, E",2033,Paleoclimatology,0.236,Isotope Geochemistry,0.23,Epigraphy,0.228,Egypt,0.251,Sinai,0.215,Southern Levant,0.159,High,0.101,Low,0.088,Medium,0.038,0.196,"Dotsika, E.; Diamantopoulos, G.; Lykoudis, S.; Gougoura, S.; Kranioti, E.; Karalis, P.; Michael, D.; Samartzidou, E.; Palaigeorgiou, E. Dotsika, Elissavet (13907769500); Diamantopoulos, George (670174"
study_0555,"Kealhofer, L",2006,Radiocarbon Chronology,0.613,Archaeology,0.424,Paleography,0.403,Southern Levant,0.122,Egypt,0.07,Sinai,0.027,Low,0.046,High,0.045,Medium,0.021,0.26,"Kealhofer, L.; Grave, P.; Voigt, M.M. Kealhofer, Lisa (6602327303); Grave, Peter (55200650200); Voigt, Mary M. (26647081300) 6602327303; 55200650200; 26647081300 Dating gordion: The timing and tempo o"
study_0556,"Kibaroǧlu, M",2018,Isotope Geochemistry,0.365,Radiocarbon Chronology,0.331,Archaeology,0.29,Southern Levant,0.068,Egypt,0.05,Sinai,0.026,High,0.007,Low,-0.016,Medium,-0.077,0.147,"Kibaroǧlu, M.; Kozal, E.; Klügel, A.; Hartmann, G.; Monien, P. Kibaroǧlu, Mustafa (55782645100); Kozal, Ekin (38162134800); Klügel, Andreas (6603277549); Hartmann, Gerald (7201886364); Monien, Patrick"
study_0557,"Nikulina, A",2048,Geoarchaeology,0.441,Settlement Archaeology,0.431,Historical Geography,0.416,Southern Levant,0.18,Egypt,0.129,Sinai,0.072,Low,0.02,High,0.014,Medium,-0.002,0.213,"Nikulina, A.V. Nikulina, Anastasia V. (57204878134) 57204878134 GIS-based analysis of settlement patterns for the central Baraba Lowland (Western Siberia, Russia) in relation to climatic conditions of"
study_0558,"Vejrostová, L",1866,Bioarchaeology,0.371,Paleoclimatology,0.357,Stratigraphy,0.335,Southern Levant,0.163,Egypt,0.153,Sinai,0.103,High,0.012,Low,-0.014,Medium,-0.047,0.182,"Vejrostová, L.; Lisá, L.; Parma, D.; Bajer, A.; Hajnalová, M.; Kočárová, R.; Moska, P.; Pacina, J. Vejrostová, Lenka (57186654100); Lisá, Lenka (8290818700); Parma, David (35099229200); Bajer, Aleš (3"
study_0559,"Ruka, R",2019,Archaeology,0.414,Artifact Typology,0.396,Stratigraphy,0.356,Egypt,0.135,Southern Levant,0.114,Sinai,0.084,High,0.026,Low,0.001,Medium,-0.036,0.191,"Ruka, R.; Galaty, M.L.; Riebe, D.J.; Tykot, R.H.; Gjipali, I.; Kourtessi-Philippakis, G. Ruka, Rudenc (56742236900); Galaty, Michael L. (6507932152); Riebe, Danielle J. (56044159100); Tykot, Robert H."
study_0560,"Bedelbayeva, M",2019,Archaeology,0.349,Geoarchaeology,0.344,Stratigraphy,0.339,Egypt,0.145,Southern Levant,0.103,Sinai,0.055,High,0.028,Low,-0.011,Medium,-0.034,0.174,"Bedelbayeva, M.V.; Kukushkin, I.A. Bedelbayeva, Marina Vasilyevna (57210929242); Kukushkin, Igor A. (56329387800) 57210929242; 56329387800 MASTER-HAND OF HIS CRAFT (for the anniversary of V.G. Loman) "
study_0561,"Silva, M",1916,Epigraphy,0.209,Meta-Analysis,0.19,Ceramic Analysis,0.182,Sinai,0.092,Southern Levant,0.069,Egypt,0.043,High,0.087,Low,0.057,Medium,0.045,0.13,"Silva, M.; Justeau, P.; Rodrigues, S.; Oteo-Garcia, G.; Dulias, K.; Foody, G.; Fichera, A.; Yau, B.; Rito, T.; Wilson, J.F.; Gandini, F.; Edwards, C.J.; Pala, M.; Soares, P.A.; Richards, M.B. Silva, M"
study_0562,"Ducreux, F",2019,Archaeology,0.422,Landscape Archaeology,0.392,Stratigraphy,0.38,Southern Levant,0.143,Sinai,0.106,Egypt,0.1,Medium,0.07,Low,0.014,High,-0.006,0.212,"Ducreux, F. Ducreux, Franck (56578689000) 56578689000 The Bronze C2 pottery assemblage in Mâcon Flacé, Nouvel Hôpital (Burgundy, Saône-et-Loire) and the Bronze C2/D1 transition in the middle Saône Val"
study_0563,"Asscher, Y",2019,Radiocarbon Chronology,0.528,Archaeology,0.387,Isotope Geochemistry,0.386,Southern Levant,0.336,Sinai,0.202,Egypt,0.158,High,0.042,Low,0.024,Medium,0.012,0.302,"Asscher, Y.; Boaretto, E. Asscher, Yotam (50760995000); Boaretto, Elisabetta (55549636000) 50760995000; 55549636000 Absolute time ranges in the plateau of the late bronze to iron age transition and th"
study_0564,"Isaakidou, V",1989,Comparative Mythology,0.31,Archaeology,0.303,Paleoclimatology,0.295,Southern Levant,0.159,Egypt,0.129,Sinai,0.088,High,-0.037,Medium,-0.065,Low,-0.071,0.144,"Isaakidou, V.; Styring, A.; Halstead, P.; Nitsch, E.; Stroud, E.; Le Roux, P.; Lee-Thorp, J.; Bogaard, A. Isaakidou, Valasia (6507326437); Styring, Amy K. (35198947700); Halstead, Paul (6701585548); N"
study_0565,"Koh, A",1800,Archaeology,0.409,Cognitive Archaeology,0.365,Settlement Archaeology,0.344,Egypt,0.136,Sinai,0.068,Southern Levant,0.061,Low,-0.074,High,-0.077,Medium,-0.081,0.157,"Koh, A.J.; Birney, K.J. Koh, Andrew J. (56806464800); Birney, Kathleen J. (26036031800) 56806464800; 26036031800 Ancient organic residues as cultural and environmental proxies: The value of legacy obj"
study_0566,"Avnaim-Katav, S",1925,Radiocarbon Chronology,0.33,Paleoclimatology,0.314,Stratigraphy,0.293,Southern Levant,0.293,Sinai,0.244,Egypt,0.215,High,-0.003,Medium,-0.01,Low,-0.018,0.207,"Avnaim-Katav, S.; Almogi-Labin, A.; Schneider-Mor, A.; Crouvi, O.; Burke, A.A.; Kremenetski, K.V.; MacDonald, G.M. Avnaim-Katav, Simona (55225655500); Almogi-Labin, Ahuva (7004833845); Schneider-Mor, "
study_0567,"Waddington, K",1858,Radiocarbon Chronology,0.465,Stratigraphy,0.392,Archaeology,0.392,Sinai,0.133,Southern Levant,0.097,Egypt,0.086,High,0.02,Low,0.016,Medium,-0.005,0.206,"Waddington, K.; Bayliss, A.; Higham, T.; Madgwick, R.; Sharples, N. Waddington, Kate (56153506200); Bayliss, Alex (7005185835); Higham, Thomas F.G. (7003799879); Madgwick, Richard (45161754500); Sharp"
study_0568,"Gandois, H",2019,Stratigraphy,0.369,Artifact Typology,0.331,Epigraphy,0.328,Southern Levant,0.092,Sinai,0.026,Egypt,0.008,High,0.059,Low,0.043,Medium,-0.005,0.173,"Gandois, H.; Marcigny, C.; Cécile, L.C.d.V. Gandois, Henri (56108728200); Marcigny, Cyril (24381625600); Cécile, Le Carlier De Veslud (59542987300) 56108728200; 24381625600; 59542987300 The bois de l'"
study_0569,"Chizhevsky Andrei, A",1800,Paleoclimatology,0.28,Isotope Geochemistry,0.276,Stratigraphy,0.229,Sinai,0.155,Egypt,0.143,Southern Levant,0.044,High,0.023,Low,-0.013,Medium,-0.051,0.153,"Chizhevsky Andrei, A.; Galimova Madina, Sh.; Gubaidullin Antonina, V. Chizhevsky Andrei, A. (58159951700); Galimova Madina, Sh (57316385400); Gubaidullin Antonina, V. (58159951800) 58159951700; 573163"
study_0571,"Bachhuber, C",2019,Settlement Archaeology,0.242,Radiocarbon Chronology,0.233,Artifact Typology,0.231,Sinai,0.098,Southern Levant,0.094,Egypt,0.091,Medium,0.144,High,0.102,Low,0.088,0.161,"Bachhuber, C. Bachhuber, Christoph (35177150000) 35177150000 Shipwrecks 2019 2 1091 1106 0 10.1002/9781118769966.ch45 https://www.scopus.com/inward/record.uri?eid=2-s2.0-85131212521&doi=10.1002%2F9781"
study_0570,"Aquilano, M",1944,Archaeology,0.345,Geoarchaeology,0.339,Stratigraphy,0.336,Southern Levant,0.182,Egypt,0.169,Sinai,0.151,Medium,0.122,High,0.078,Low,0.07,0.216,"Aquilano, M.; Gavagnin, K.; Gervasi, L. Aquilano, Marta (59163509100); Gavagnin, Katia (57194436181); Gervasi, Livia (59162598200) 59163509100; 57194436181; 59162598200 Hearths and fire installations "
study_0572,"Lemos, I",2019,Archaeology,0.482,Landscape Archaeology,0.378,Settlement Archaeology,0.376,Sinai,0.269,Southern Levant,0.243,Egypt,0.237,Medium,-0.0,High,-0.025,Low,-0.051,0.25,"Lemos, I.S.; Kotsonas, A. Lemos, Irene S. (6506047198); Kotsonas, Antonis (12807260900) 6506047198; 12807260900 A Companion to the Archaeology of Early Greece and the Mediterranean 2019 1 1386 0 10.10"
study_0573,"Dickinson, O",1854,Archaeology,0.53,Settlement Archaeology,0.513,Landscape Archaeology,0.436,Southern Levant,0.165,Egypt,0.104,Sinai,0.056,High,-0.014,Low,-0.06,Medium,-0.062,0.227,"Dickinson, O.T.P.K. Dickinson, Oliver T.P.K. (55185461700) 55185461700 Evidence from Archaeology 2019 1 33 54 0 10.1002/9781118769966.ch2 https://www.scopus.com/inward/record.uri?eid=2-s2.0-8513118265"
study_0574,"Lloyd, M",2043,Settlement Archaeology,0.388,Archaeology,0.296,Landscape Archaeology,0.29,Southern Levant,0.01,Egypt,0.005,Sinai,-0.013,High,0.04,Low,0.032,Medium,0.021,0.146,"Lloyd, M. Lloyd, Matthew (57204349451) 57204349451 Weapons 2019 1 499 522 0 10.1002/9781118769966.ch19 https://www.scopus.com/inward/record.uri?eid=2-s2.0-85131173034&doi=10.1002%2F9781118769966.ch19&"
study_0575,"Lemos, I",2019,Anthropology,0.274,Meta-Analysis,0.254,Comparative Literature,0.248,Southern Levant,0.146,Egypt,0.132,Sinai,0.126,Medium,0.142,High,0.077,Low,0.054,0.187,"Lemos, I.S. Lemos, Irene S. (6506047198) 6506047198 Euboea 2019 2 787 814 0 10.1002/9781118769966.ch32 https://www.scopus.com/inward/record.uri?eid=2-s2.0-85131169861&doi=10.1002%2F9781118769966.ch32&"
study_0576,"Otto, A",2019,Radiocarbon Chronology,0.291,Epigraphy,0.276,Archaeology,0.261,Sinai,0.1,Egypt,0.078,Southern Levant,0.061,High,0.076,Low,0.05,Medium,-0.008,0.156,"Otto, A.; Einwag, B. Otto, Adelheid (53563945100); Einwag, Berthold (53563168500) 53563945100; 53563168500 Three ritual vessels from the Mittani-period temple at Tell Bazi 2019 503 517 0 https://www.s"
study_0577,"Iskra, M",1909,Archaeology,0.376,Radiocarbon Chronology,0.333,Settlement Archaeology,0.298,Egypt,0.165,Southern Levant,0.111,Sinai,0.084,Medium,0.058,Low,-0.002,High,-0.055,0.2,"Iskra, M. Iskra, Mateusz (57190948252) 57190948252 Archaeological and social contexts of late Bronze Age cylinder seals from transcaucasia 2019 259 269 0 https://www.scopus.com/inward/record.uri?eid=2"
study_0578,"Luciani, M",2019,Archaeology,0.379,Radiocarbon Chronology,0.349,Paleoclimatology,0.33,Sinai,0.194,Egypt,0.188,Southern Levant,0.171,Medium,0.049,High,-0.032,Low,-0.046,0.207,"Luciani, M. Luciani, Marta (38162247800) 38162247800 The long life of a royal seal and the Nuzi bullae in the Harvard Semitic Museum 2019 355 391 0 https://www.scopus.com/inward/record.uri?eid=2-s2.0-"
study_0579,"Zych, I",2019,Zooarchaeology,0.339,Anthropology,0.31,Cognitive Archaeology,0.288,Egypt,0.137,Southern Levant,0.036,Sinai,0.026,High,0.047,Low,0.022,Medium,0.02,0.175,"Zych, I. Zych, Iwona (57360252600) 57360252600 Note on snake ritual in Saruq al-Hadid 2019 777 791 0 https://www.scopus.com/inward/record.uri?eid=2-s2.0-85120659440&partnerID=40&md5=e6d2189ee73c648cd3"
study_0580,"Steele, P",2019,Comparative Literature,0.348,Philology,0.302,Digital Humanities,0.294,Southern Levant,0.089,Sinai,0.037,Egypt,0.029,Medium,0.165,Low,0.063,High,0.048,0.201,"Steele, P.M. Steele, Philippa M. (56527867400) 56527867400 Script and Literacy 2019 1 247 270 0 10.1002/9781118769966.ch10 https://www.scopus.com/inward/record.uri?eid=2-s2.0-85113608116&doi=10.1002%2"
study_0581,"Kotsonas, A",2019,Meta-Analysis,0.327,Comparative Literature,0.273,Anthropology,0.232,Sinai,0.066,Southern Levant,0.019,Egypt,0.015,Medium,0.061,High,-0.011,Low,-0.055,0.151,"Kotsonas, A. Kotsonas, Antonis (12807260900) 12807260900 History of Research 2019 1 75 96 0 10.1002/9781118769966.ch4 https://www.scopus.com/inward/record.uri?eid=2-s2.0-85108701375&doi=10.1002%2F9781"
study_0582,"Şerifoǧlu, T",2019,Archaeology,0.431,Settlement Archaeology,0.428,Landscape Archaeology,0.377,Southern Levant,0.174,Egypt,0.171,Sinai,0.062,Low,0.05,Medium,0.043,High,0.004,0.218,"Şerifoǧlu, T.E. Şerifoǧlu, Tevfik Emre (53564593500) 53564593500 Kilise Tepe in Rough Cilicia before the Late Bronze Age: An Overview of the Architecture, Pottery Traditions, and Cultural Contacts 201"
study_0583,"Caloi, I",2019,Archaeology,0.439,Cognitive Archaeology,0.405,Landscape Archaeology,0.397,Egypt,0.173,Southern Levant,0.123,Sinai,0.085,High,0.036,Medium,-0.024,Low,-0.036,0.216,"Caloi, I. Caloi, Ilaria (36695866200) 36695866200 Breaking with tradition? The adoption of the wheel-throwing technique at protopalatial phaistos: combining macroscopic analysis, experimental archaeol"
study_0584,"Ložnjak, D",2018,Archaeology,0.38,Settlement Archaeology,0.313,Stratigraphy,0.302,Southern Levant,0.283,Sinai,0.215,Egypt,0.202,Medium,0.052,High,0.029,Low,0.024,0.238,"Ložnjak, D.L.; Dizdar, M.; Mihaljevic, M. Ložnjak, Daria (55503878400); Dizdar, Marko (14026652400); Mihaljevic, Marija (55505895800) 55503878400; 14026652400; 55505895800 Dolina babine grede – Resear"
study_0585,"Karavanić, S",2017,Archaeology,0.512,Settlement Archaeology,0.449,Landscape Archaeology,0.401,Southern Levant,0.184,Egypt,0.154,Sinai,0.129,High,-0.02,Medium,-0.054,Low,-0.061,0.225,"Karavanić, S.; Kudelić, A. Karavanić, Snježana (55274108800); Kudelić, Andreja (55530799400) 55274108800; 55530799400 Kalnik – Igrišče – results of archaeological excavations in 2017 and 2018; Kalnik "
study_0586,"Guba, S",2019,Archaeology,0.475,Landscape Archaeology,0.383,Cognitive Archaeology,0.373,Egypt,0.213,Southern Levant,0.197,Sinai,0.11,High,0.001,Medium,-0.038,Low,-0.043,0.23,"Guba, S.; Tankó, K. Guba, Szilvia (57216810863); Tankó, Károly (26031766100) 57216810863; 26031766100 The eponymous archaeological site at Piliny; Der eponyme FunDplatz von piliny 2019 Studijne Zvesti"
study_0587,"Parcero-Oubiña, C",2092,Radiocarbon Chronology,0.326,Isotope Geochemistry,0.313,Paleoclimatology,0.303,Southern Levant,0.23,Sinai,0.176,Egypt,0.159,Medium,0.041,Low,0.01,High,-0.011,0.199,"Parcero-Oubiña, C.; Armada, X.-L.; Nión-Álvarez, S.; González Insua, F. Parcero-Oubiña, César (26632092700); Armada, Xosé Lois (36164959600); Nión-Álvarez, Samuel (57221314533); González Insua, Félix "
study_0588,"Knight, M",2002,Archaeology,0.353,Stratigraphy,0.326,Paleography,0.31,Southern Levant,0.07,Egypt,0.017,Sinai,0.008,High,0.031,Low,0.007,Medium,-0.0,0.151,"Knight, M.G. Knight, Matthew G. (57220028202) 57220028202 Going to pieces: Investigating the deliberate destruction of Late Bronze Age swords and spearheads; Tomber en morceaux: investigation de la de"
study_0589,"Stantis, C",1896,Bioarchaeology,0.476,Paleoclimatology,0.457,Zooarchaeology,0.425,Egypt,0.29,Southern Levant,0.222,Sinai,0.189,Medium,-0.015,Low,-0.052,High,-0.058,0.25,"Stantis, C.; Nowell, G.M.; Prell, S.; Schutkowski, H. Stantis, Christina (55387946600); Nowell, Geoff M. (6701896478); Prell, Silvia (57190955426); Schutkowski, Holger (6701906311) 55387946600; 670189"
study_0590,"Chvojka, O",1900,Archaeology,0.427,Settlement Archaeology,0.393,Landscape Archaeology,0.372,Southern Levant,0.166,Egypt,0.139,Sinai,0.078,Medium,0.101,Low,0.054,High,0.046,0.231,"Chvojka, O.; Menšík, P.; Šálková, T.; Kuna, M. Chvojka, Ondřej (26631900100); Menšík, Petr (36061090200); Šálková, Tereza (55956732000); Kuna, Martin (26632023200) 26631900100; 36061090200; 5595673200"
study_0591,"Kaupová, S",2019,Paleoclimatology,0.396,Paleography,0.353,Bioarchaeology,0.342,Southern Levant,0.203,Egypt,0.147,Sinai,0.086,Medium,0.04,High,0.011,Low,0.007,0.213,"Kaupová, S.D.; Salaš, M.; Jarošová, I.; Rebay-Salisbury, K.; Rendl, B.; Kanz, F. Kaupová, Sylva (55940830700); Salaš, Milan (36070087000); Jarošová, Ivana (35096175200); Rebay-Salisbury, Katharina (26"
study_0592,"Zachar, T",2076,Radiocarbon Chronology,0.299,Isotope Geochemistry,0.285,Ceramic Analysis,0.283,Egypt,0.111,Southern Levant,0.08,Sinai,0.014,Medium,0.029,Low,-0.006,High,-0.007,0.146,"Zachar, T.; Salaš, M. Zachar, Tomáš (57207623503); Salaš, Milan (36070087000) 57207623503; 36070087000 Contribution to the issues of the distribution of copper from central Slovakia in Moravia in Late"
study_0593,"Efkleidou, K",2019,Archaeology,0.476,Historical Geography,0.387,Settlement Archaeology,0.385,Egypt,0.242,Sinai,0.199,Southern Levant,0.196,High,0.02,Low,0.0,Medium,-0.051,0.246,"Efkleidou, K. Efkleidou, Kalliopi (26033336900) 26033336900 Walking your Way to Death. Exploring the Relation between the Location of Mycenaean Chamber Tombs and Roads in the Argolid 2019 Open Archaeo"
study_0594,"Ilyushina, V",2019,Ceramic Analysis,0.399,Archaeology,0.324,Settlement Archaeology,0.304,Egypt,0.148,Southern Levant,0.067,Sinai,-0.011,High,0.042,Low,0.037,Medium,0.035,0.196,"Ilyushina, V.V. Ilyushina, V. V. (56458791000) 56458791000 POTTERY-making technology used by Alakul and Fedorovo groups of the Bochantsevo-1 settlement 2019 Vestnik Archeologii, Antropologii i Etnogra"
study_0595,"Mühlenbruch, T",2019,Radiocarbon Chronology,0.419,Archaeology,0.418,Settlement Archaeology,0.394,Southern Levant,0.182,Egypt,0.091,Sinai,0.083,Medium,-0.022,Low,-0.035,High,-0.037,0.193,"Mühlenbruch, T. Mühlenbruch, Tobias (55789506185) 55789506185 ""Mycenaeans"" and Hittites - An archeological comparison; ""Mykener"" und Hethiter - ein archäologischer Vergleich 2019 Praehistorische Zeits"
study_0596,"Lyganov, A",1943,Archaeology,0.492,Landscape Archaeology,0.431,Stratigraphy,0.425,Southern Levant,0.18,Egypt,0.167,Sinai,0.136,Medium,0.019,High,0.014,Low,-0.013,0.23,"Lyganov, A.V. Lyganov, A. V. (57194326310) 57194326310 Kurmanakovo IV site of the final eneolithic and late bronze age in the lower reaches of the mesha river (preliminary study results) 2019 Povolzhs"
study_0597,"Chizhevsky Andrei, A",1943,Archaeology,0.396,Bioarchaeology,0.343,Stratigraphy,0.338,Egypt,0.242,Sinai,0.169,Southern Levant,0.132,High,0.066,Low,0.029,Medium,0.002,0.235,"Chizhevsky Andrei, A.; Lyganov, A.V.; Kuzminykh Sergei, V. Chizhevsky Andrei, A. (58159951700); Lyganov, A. V. (57194326310); Kuzminykh Sergei, V. (58160248600) 58159951700; 57194326310; 58160248600 E"
study_0598,"Kostomarova, Y",1916,Isotope Geochemistry,0.377,Paleoclimatology,0.318,Stratigraphy,0.313,Southern Levant,0.064,Egypt,0.055,Sinai,-0.011,Medium,0.113,Low,0.078,High,0.068,0.185,"Kostomarova, Y.V. Kostomarova, Yu V. (57191634482) 57191634482 Reconstruction of main elements economy of the Cherkaskul population of the late Bronze age in the forest-steppe tobol region 2019 Povolz"
study_0599,"Bueno Ramírez, P",2019,Bioarchaeology,0.194,Paleoclimatology,0.189,Stratigraphy,0.174,Southern Levant,0.155,Egypt,0.153,Sinai,0.11,Medium,0.073,High,0.041,Low,0.028,0.14,"Bueno Ramírez, P.B.; Barroso, R.B.; de Balbín-Behrmann, R.; Salvado, P. Bueno Ramírez, Primitiva (10641031600); Barroso, Rosa (10639346600); de Balbín-Behrmann, Rodrigo (56505446400); Salvado, Pedro ("
study_0600,"Chechushkov, I",2027,Stratigraphy,0.447,Geoarchaeology,0.361,Archaeology,0.329,Egypt,0.181,Sinai,0.165,Southern Levant,0.117,Low,0.038,High,0.017,Medium,-0.048,0.222,"Chechushkov, I.V.; Yakimov, A.S.; Dakovic, G. Chechushkov, I. V. (55151581300); Yakimov, Aharon S. (7004269187); Dakovic, Gligor (57202794244) 55151581300; 7004269187; 57202794244 Towards the archaeol"
study_0601,"Ronowska, E",2019,Archaeology,0.501,Settlement Archaeology,0.418,Landscape Archaeology,0.407,Southern Levant,0.254,Egypt,0.198,Sinai,0.181,High,0.008,Low,-0.054,Medium,-0.083,0.254,"Ronowska, E. Ronowska, Ewa (57211713113) 57211713113 Biblical megiddo in the light of results of archaeological research,biblijne megiddo w swietle rezultatów badan archeologicznych 2019 Collectanea T"
study_0602,"Hogue, T",2018,Paleoclimatology,0.282,Zooarchaeology,0.269,Cognitive Archaeology,0.249,Sinai,0.484,Southern Levant,0.327,Egypt,0.244,High,0.014,Medium,-0.027,Low,-0.031,0.26,"Hogue, T. Hogue, Timothy (57201895266) 57201895266 The monumentality of the sinaitic decalogue: Reading Exodus 20 in light of Northwest Semitic monument-making practices 2019 Journal of Biblical Liter"
study_0603,"Bertrand, F",2009,Stratigraphy,0.388,Geoarchaeology,0.387,Paleoclimatology,0.374,Southern Levant,0.221,Sinai,0.181,Egypt,0.112,Medium,0.081,Low,0.072,High,0.037,0.23,"Bertrand, F.; Verdin, F.; Eynaud, F.; Arnaud-Fassetta, G.; Stéphan, P.; Costa, S.; Suanez, S. Bertrand, Frédéric (25635465200); Verdin, Florence (57200983597); Eynaud, Frédérique (9038110500); Arnaud-"
study_0604,"Estarellas, B",2095,Isotope Geochemistry,0.429,Radiocarbon Chronology,0.335,Ceramic Analysis,0.311,Southern Levant,0.054,Egypt,0.022,Sinai,0.005,Low,-0.026,High,-0.036,Medium,-0.044,0.152,"Estarellas, B.L.; Mateo, L.P.; Ayuso, V.M.G.; Fullola, J.M.F.; I Mendizàbal, M.À.P.; Calvo-Trias, M.C. Estarellas, Bartomeu Llull (57209506508); Mateo, Laura Perelló (57209501830); Ayuso, Víctor M.Gue"
study_0605,"Grigoriev, S",2019,Archaeology,0.414,Stratigraphy,0.382,Paleography,0.38,Southern Levant,0.182,Egypt,0.153,Sinai,0.093,Medium,0.043,High,0.027,Low,0.011,0.213,"Grigoriev, S.A. Grigoriev, Stanislav A. (36971467300) 36971467300 STR Atigr aphy of the bronze age settlement of mochishche in the southern Tr ans-ur als; СТРАТИГРАФИЯ ПОСЕЛЕНИЯ ЭПОХИ БРОНЗЫ МОЧИЩЕ В "
study_0606,"Ivanov, V",2085,Radiocarbon Chronology,0.334,Ceramic Analysis,0.327,Isotope Geochemistry,0.31,Southern Levant,0.107,Egypt,0.057,Sinai,-0.009,Medium,-0.019,Low,-0.025,High,-0.061,0.141,"Ivanov, V.A.; Chichko, T.V. Ivanov, Vladimir Aleksandrovich (56612649600); Chichko, T. V. (57208524192) 56612649600; 57208524192 Statistical and typological analysis of pottery from the settlements of"
study_0607,"Sotnikova, S",2085,Archaeology,0.452,Stratigraphy,0.421,Paleography,0.394,Egypt,0.149,Sinai,0.111,Southern Levant,0.094,Low,0.045,Medium,0.025,High,0.019,0.215,"Sotnikova, S.V. Sotnikova, Svetlana V. (57208532440) 57208532440 Warrior burials of the later Bronze Age with sets of Astragals: Problem of interpretation; ВОИНСКИЕ ПОГРЕБЕНИЯ ЭПОХИ ПОЗДНЕЙ БРОНЗЫ С Н"
study_0608,"Khokhlov, A",1894,Stratigraphy,0.313,Radiocarbon Chronology,0.297,Paleoclimatology,0.292,Sinai,0.112,Egypt,0.094,Southern Levant,0.078,Medium,-0.044,Low,-0.048,High,-0.05,0.127,"Khokhlov, A.A.; Kitov, E.P. Khokhlov, Alexandr A. (56688165600); Kitov, E. P. (57189446078) 56688165600; 57189446078 Origins of the physical appearance of the Sintashta circle of cultures people of th"
study_0609,"Cavazzuti, C",2046,Isotope Geochemistry,0.37,Paleoclimatology,0.36,Radiocarbon Chronology,0.338,Egypt,0.196,Southern Levant,0.178,Sinai,0.123,High,0.031,Low,-0.007,Medium,-0.058,0.199,"Cavazzuti, C.; Skeates, R.; Millard, A.R.; Nowell, G.M.; Peterkin, J.; Brea, M.B.; Cardarelli, A.; Salzani, L. Cavazzuti, Claudio (57204610941); Skeates, Robin (8741035400); Millard, Andrew R. (700508"
study_0610,"Liritzis, I",1857,Archaeology,0.45,Settlement Archaeology,0.443,Radiocarbon Chronology,0.361,Southern Levant,0.202,Egypt,0.174,Sinai,0.107,Medium,0.02,High,0.01,Low,0.002,0.224,"Liritzis, I.; Polymeris, G.S.; Vafiadou, A.; Sideris, A.; Levy, T.E. Liritzis, Ioannis (7003918573); Polymeris, Georgios S. (12762153500); Vafiadou, Asimina (17344537300); Sideris, Athanasios (5594378"
study_0612,"Herrscher, E",2059,Epigraphy,0.271,Stratigraphy,0.224,Paleography,0.221,Southern Levant,0.128,Egypt,0.124,Sinai,0.12,Low,0.112,High,0.105,Medium,0.101,0.17,"Herrscher, E.; Poulmarc'h, M.; Pecqueur, L.; Jovenet, E.; Benecke, N.; Decaix, A.; Lyonnet, B.; Guliyev, F.; André, G. Herrscher, Estelle (6506873903); Poulmarc'h, Modwene (55552571000); Pecqueur, Lau"
study_0611,"Cahail, K",1947,Archaeology,0.467,Settlement Archaeology,0.413,Cognitive Archaeology,0.375,Egypt,0.5,Sinai,0.324,Southern Levant,0.3,Low,-0.031,High,-0.032,Medium,-0.04,0.312,"Cahail, K.M. Cahail, Kevin M. (57194714154) 57194714154 THE EARLIEST ATTESTATION OF THE LATE EGYPTIAN tw=j ḥr sḏm CONSTRUCTION IN THE SECOND INTERMEDIATE PERIOD TOMB OF SENEB-KAY AT SOUTH ABYDOS: EVID"
study_0613,"Sisma-Ventura, S",2039,Radiocarbon Chronology,0.406,Isotope Geochemistry,0.32,Archaeology,0.264,Sinai,0.208,Southern Levant,0.194,Egypt,0.181,Medium,-0.034,High,-0.037,Low,-0.038,0.193,"Sisma-Ventura, S.-V.; Tütken, T.; Irit, Z.; Andreas, P.; Sivan, S.; Omri, L.; Gilboa, G.; Bar-Oz, B.-O. Sisma-Ventura, Guy (26653739200); Tütken, Thomas (24450985700); Irit, Zohar (57203938149); Andre"
study_0615,"Orlando, L",2018,Geoarchaeology,0.418,Settlement Archaeology,0.376,Bioarchaeology,0.375,Southern Levant,0.196,Egypt,0.153,Sinai,0.054,Medium,0.014,Low,-0.001,High,-0.001,0.209,"Orlando, L. Orlando, Ludovic A.A. (7006472586) 7006472586 Late Bronze Age cultural origins of dairy pastoralism in Mongolia 2018 Proceedings of the National Academy of Sciences of the United States of"
study_0614,"Seitsonen, O",1970,Archaeology,0.458,Landscape Archaeology,0.454,Geoarchaeology,0.401,Southern Levant,0.196,Egypt,0.177,Sinai,0.069,High,0.042,Low,0.002,Medium,-0.021,0.232,"Seitsonen, O.; Houle, J.-L.; Broderick, L.G.; Woodley, P.; Bayarsaikhan, J. Seitsonen, Oula Ilari (16067611400); Houle, Jean Luc (56463719700); Broderick, Lee G. (55917388500); Woodley, Peter (5720054"
study_0616,"Jeong, C",2048,Meta-Analysis,0.241,Epigraphy,0.202,Archaeology,0.192,Sinai,0.104,Southern Levant,0.061,Egypt,0.039,High,0.053,Low,0.042,Medium,0.039,0.132,"Jeong, C.; Wilkin, S.; Amgalantugs, T.; Bouwman, A.S.; Taylor, W.T.T.; Hagan, R.W.; Bromage, S.; Tsolmon, S.; Trachsel, C.; Grossmann, J.; Littleton, J.; Makarewicz, C.A.; Krigbaum, J.; Burri, M.; Sco"
study_0617,"Smith, R",2018,Isotope Geochemistry,0.173,Ceramic Analysis,0.164,Meta-Analysis,0.161,Sinai,0.04,Egypt,0.038,Southern Levant,-0.046,High,0.029,Low,0.006,Medium,-0.049,0.081,"Smith, R.K.; Stacey, R.J.; Bergström, E.; Thomas-Oates, J. Smith, Rachel K. (57212994747); Stacey, Rebecca J. (13105479200); Bergström, Edmund T. (7007037117); Thomas-Oates, Jane E. (7006028279) 57212"
study_0618,"Galanakis, Y",2018,Archaeology,0.457,Settlement Archaeology,0.388,Landscape Archaeology,0.383,Southern Levant,0.243,Egypt,0.18,Sinai,0.164,Medium,0.041,Low,-0.01,High,-0.012,0.247,"Galanakis, Y. Galanakis, Yannis (26326855700) 26326855700 A survey of late bronze age funerary archaeology over the last 25 years in the central and southern aegean 2018 Archaeological Reports 64 85 1"
study_0620,"Monna, F",1929,Epigraphy,0.214,Volcanology,0.208,Paleography,0.2,Southern Levant,0.206,Sinai,0.134,Egypt,0.088,High,0.085,Low,0.056,Medium,0.042,0.168,"Monna, F.; Esin, Y.; Magail, J.; Granjon, L.; Navarro, N.; Wilczek, J.; Saligny, L.; Couette, S.; Dumontet, A.; Chateau Smith, C. Monna, Fabrice (7003488151); Esin, Yury N. (25936063500); Magail, Jéro"
study_0619,"Kappler, C",1959,Stratigraphy,0.434,Radiocarbon Chronology,0.375,Paleoclimatology,0.346,Southern Levant,0.084,Sinai,0.022,Egypt,-0.017,High,-0.017,Low,-0.024,Medium,-0.09,0.167,"Kappler, C.; Kaiser, K.; Tanski, P.; Klos, F.; Fülling, A.; Mrotzek, A.; Sommer, M.; Bens, O. Kappler, Christoph (57195942563); Kaiser, Knut (15071266100); Tanski, Phillipp (57202588655); Klos, Friede"
study_0621,"Ventresca-Miller, A",1963,Archaeology,0.374,Bioarchaeology,0.364,Landscape Archaeology,0.353,Southern Levant,0.162,Egypt,0.113,Sinai,0.082,High,0.089,Low,0.053,Medium,0.012,0.209,"Ventresca-Miller, A.R.; Winter-Schuh, C.; Usmanova, E.R.; Logvin, A.; Shevnina, I.; Makarewicz, C.A. Ventresca-Miller, Alicia R. (56004883500); Winter-Schuh, Christine (57196328442); Usmanova, Emma Ra"
study_0622,"Roosevelt, C",2023,Epigraphy,0.243,Paleography,0.212,Archaeology,0.194,Sinai,0.225,Southern Levant,0.168,Egypt,0.134,High,0.121,Medium,0.077,Low,0.076,0.196,"Roosevelt, C.H.; Luke, C.; Ünlüsoy, S.; Çakirlar, C.; Marston, J.M.; O’Grady, C.R.; Pavúk, P.; Pieniązek, M.; Mokrišová, J.; Scott, C.B.; Shin, N.; Slim, F.G. Roosevelt, Christopher H. (24781171400); "
study_0623,"Berger, D",1866,Isotope Geochemistry,0.492,Radiocarbon Chronology,0.449,Paleoclimatology,0.398,Southern Levant,0.177,Sinai,0.171,Egypt,0.098,Medium,-0.036,Low,-0.045,High,-0.054,0.211,"Berger, D.; Soles, J.S.; Giumlía-Mair, A.R.; Brügmann, G.; Galili, E.; Lockhoff, N.; Pernicka, E. Berger, Daniel (56539352300); Soles, Jeffrey S. (6603186688); Giumlía-Mair, Alessandra R.G. (556496464"
study_0624,"Masson-Berghoff, A",1947,Archaeology,0.43,Radiocarbon Chronology,0.353,Isotope Geochemistry,0.344,Egypt,0.42,Sinai,0.251,Southern Levant,0.205,Medium,-0.044,High,-0.075,Low,-0.077,0.269,"Masson-Berghoff, A.; Pernicka, E.; Hook, D.; Meek, A. Masson-Berghoff, Aurélia (57194797252); Pernicka, Ernst (7003411364); Hook, Duncan R. (7006321403); Meek, Andrew S. (56416086300) 57194797252; 700"
study_0625,"Chechushkov, I",2018,Archaeology,0.38,Cognitive Archaeology,0.353,Paleography,0.341,Egypt,0.129,Southern Levant,0.124,Sinai,-0.03,Low,0.009,Medium,0.0,High,-0.032,0.173,"Chechushkov, I.V.; Epimakhov, A.V.; Bersenev, A.G. Chechushkov, I. V. (55151581300); Epimakhov, Andrey Vladimirovich (16642379500); Bersenev, Andrei G. (56676091200) 55151581300; 16642379500; 56676091"
study_0626,"Hermon, S",1859,Stratigraphy,0.404,Artifact Typology,0.396,Archaeology,0.392,Sinai,0.113,Egypt,0.081,Southern Levant,0.044,High,-0.016,Medium,-0.02,Low,-0.052,0.167,"Hermon, S.; Polig, M.; Driessen, J.; Jans, G.; Bretschneider, J. Hermon, Sorin (55418591100); Polig, Martina (57202500911); Driessen, Jan M. (7004849274); Jans, Greta (42361212100); Bretschneider, Joa"
study_0627,"Jansen, M",1886,Isotope Geochemistry,0.514,Radiocarbon Chronology,0.418,Archaeology,0.377,Egypt,0.157,Southern Levant,0.151,Sinai,0.114,Medium,0.018,High,-0.044,Low,-0.057,0.23,"Jansen, M.; Hauptmann, A.; Klein, S.; Seitz, H.-M. Jansen, Moritz (57188660330); Hauptmann, Andreas (7005198867); Klein, Sabine (57225786190); Seitz, Hans Michael (7201971416) 57188660330; 7005198867;"
study_0628,"Gurjazkaitė, K",2029,Landscape Archaeology,0.335,Bioarchaeology,0.317,Paleoclimatology,0.296,Southern Levant,0.19,Sinai,0.096,Egypt,0.054,High,0.033,Low,0.01,Medium,-0.037,0.186,"Gurjazkaitė, K.; Routh, J.; Djamali, M.; Vaezi, A.; Poher, Y.; Naderi Beni, A.N.; Tavakoli, V.; Kylin, H. Gurjazkaitė, Karolina (57202939829); Routh, Joyanto (7003939387); Djamali, Morteza (1404498520"
study_0629,"Bohdálková, L",1960,Radiocarbon Chronology,0.395,Isotope Geochemistry,0.323,Environment,0.238,Egypt,0.102,Southern Levant,0.092,Sinai,0.026,High,0.055,Low,0.018,Medium,-0.022,0.184,"Bohdálková, L.; Bohdálek, P.; Břízová, E.; Pacherová, P.; Kuběna, A.A. Bohdálková, Leona (55377216700); Bohdálek, Petr (57196034355); Břízová, Evá (6508364172); Pacherová, Petra (26538810000); Kuběna,"
study_0630,"Knockaert, J",1943,Paleoclimatology,0.321,Zooarchaeology,0.301,Isotope Geochemistry,0.237,Sinai,0.155,Southern Levant,0.138,Egypt,0.09,High,0.063,Medium,0.025,Low,0.005,0.18,"Knockaert, J.; Balasse, M.; Rendu, C.; Burens, A.; Campmajó, P.; Carozza, L.; Bousquet, D.; Fiorillo, D.; Vigne, J.-D. Knockaert, Juliette (57194391348); Balasse, Marie (6602276342); Rendu, Christine "
study_0631,"Weiberg, E",1980,Archaeology,0.418,Settlement Archaeology,0.366,Cognitive Archaeology,0.354,Egypt,0.167,Southern Levant,0.156,Sinai,0.107,Low,-0.019,Medium,-0.029,High,-0.047,0.189,"Weiberg, E.; Finné, M. Weiberg, Erika (48461980300); Finné, Martin (36342166200) 48461980300; 36342166200 Resilience and persistence of ancient societies in the face of climate change: a case study fr"
study_0632,"Wagreich, M",2018,Radiocarbon Chronology,0.452,Stratigraphy,0.42,Isotope Geochemistry,0.379,Sinai,0.064,Egypt,0.057,Southern Levant,0.041,High,0.058,Low,0.019,Medium,-0.041,0.191,"Wagreich, M.; Draganits, E. Wagreich, Michael (6603595054); Draganits, Erich (6602173434) 6603595054; 6602173434 Early mining and smelting lead anomalies in geological archives as potential stratigrap"
study_0633,"Hervé, G",1992,Radiocarbon Chronology,0.607,Isotope Geochemistry,0.522,Stratigraphy,0.382,Southern Levant,0.191,Sinai,0.162,Egypt,0.08,Low,0.014,High,0.011,Medium,-0.033,0.271,"Hervé, G.; Lanos, P. Hervé, Gwenaël (37032729700); Lanos, Philippe (6507121992) 37032729700; 6507121992 Improvements in Archaeomagnetic Dating in Western Europe from the Late Bronze to the Late Iron A"
study_0634,"Judd, M",2063,Paleography,0.367,Archaeology,0.365,Paleoclimatology,0.362,Southern Levant,0.237,Egypt,0.195,Sinai,0.145,Medium,0.08,High,0.003,Low,-0.001,0.228,"Judd, M.A.; Walker, J.L.; Ventresca-Miller, A.R.; Razhev, D.; Epimakhov, A.V.; Hanks, B.K. Judd, Margaret A. (15020639100); Walker, Jessica L. (57203329299); Ventresca-Miller, Alicia R. (56004883500);"
study_0635,"Norström, E",1940,Isotope Geochemistry,0.506,Radiocarbon Chronology,0.378,Paleoclimatology,0.364,Southern Levant,0.141,Sinai,0.113,Egypt,0.035,Low,0.072,High,0.07,Medium,-0.046,0.24,"Norström, E.; Katrantsiotis, C.; Finné, M.; Risberg, J.; Smittenberg, R.H.; Bjursäter, S. Norström, Elin (8856013700); Katrantsiotis, Christos (57041389300); Finné, Martin (36342166200); Risberg, Jan "
study_0636,"Lécuyer, C",1947,Epigraphy,0.214,Stratigraphy,0.2,Meta-Analysis,0.165,Southern Levant,0.146,Egypt,0.065,Sinai,0.049,High,0.077,Low,0.072,Medium,0.042,0.146,"Lécuyer, C.; Atrops, F.; Amiot, R.; Angst, D.; Daux, V.; Flandrois, J.-P.; Fourel, F.; Rey, K.; Royer, A.; Seris, M.; Touzeau, A.; ROUSSEAU, D. Lécuyer, Christophe (35240298200); Atrops, François (660"
study_0637,"Schneeweiss, J",1923,Radiocarbon Chronology,0.605,Isotope Geochemistry,0.444,Paleoclimatology,0.418,Southern Levant,0.133,Sinai,0.112,Egypt,0.086,Low,0.012,High,-0.012,Medium,-0.023,0.25,"Schneeweiss, J.; Becker, F.; Molodin, V.I.; Parzinger, H.; Marchenko, Z.V.; Svyatko, S.V. Schneeweiss, Jens (53564338400); Becker, Fabian (57192300187); Molodin, V. I. (6506558021); Parzinger, Hermann"
study_0638,"Toffolo, M",2018,Stratigraphy,0.428,Archaeology,0.425,Paleography,0.403,Sinai,0.215,Southern Levant,0.212,Egypt,0.188,Medium,0.054,High,0.034,Low,0.001,0.232,"Toffolo, M.B.; Martin, M.A.S.; Master, D.M.; Boaretto, E. Toffolo, Michael B. (55596492100); Martin, Mario A.S. (36621247800); Master, Daniel M. (36832560800); Boaretto, Elisabetta (55549636000) 55596"
study_0639,"Makarewicz, C",1963,Archaeology,0.336,Zooarchaeology,0.325,Paleoclimatology,0.323,Southern Levant,0.136,Egypt,0.089,Sinai,0.058,Low,0.021,High,0.02,Medium,0.02,0.164,"Makarewicz, C.A.; Winter-Schuh, C.; Byerly, H.; Houle, J.-L. Makarewicz, Cheryl A. (12786139100); Winter-Schuh, Christine (57196328442); Byerly, Heather (57201380765); Houle, Jean Luc (56463719700) 12"
study_0640,"Gamarra, B",1865,Epigraphy,0.223,Stratigraphy,0.166,Paleography,0.163,Southern Levant,0.142,Sinai,0.134,Egypt,0.104,High,0.115,Low,0.11,Medium,0.067,0.16,"Gamarra, B.; Howcroft, R.; McCall, A.; Dani, J.; Hajdú, Z.; Nagy, E.G.; Szabó, L.D.; Domboróczki, L.; Pap, I.; Raczky, P.; Marcsik, A.; Zoffmann, Z.K.; Hajdu, T.; Feeney, R.N.M.; Pinhasi, R. Gamarra, "
study_0641,"Ammerman, A",2018,Archaeology,0.346,Settlement Archaeology,0.336,Cognitive Archaeology,0.313,Southern Levant,0.19,Egypt,0.09,Sinai,0.07,Medium,-0.016,Low,-0.032,High,-0.034,0.173,"Ammerman, A.J. Ammerman, Albert J. (7003289639) 7003289639 The east bank of the Tiber below the Island: Two recent advances in the study of early Rome 2018 Antiquity 92 362 398 409 0 10.15184/aqy.2017"
study_0642,"Wang, W",2005,Radiocarbon Chronology,0.395,Paleoclimatology,0.379,Paleography,0.358,Southern Levant,0.18,Egypt,0.146,Sinai,0.072,Medium,0.058,High,0.022,Low,0.018,0.211,"Wang, W.; Wang, Y.; An, C.; Ruan, Q.; Duan, F.; Li, W.; Dong, W. Wang, Wei (59635037400); Wang, Yongqiang (57200556213); An, C. B. (7102018023); Ruan, Qiurong (57201031340); Duan, Futao (56825209100);"
study_0643,"Valerio, P",2029,Stratigraphy,0.406,Archaeology,0.368,Epigraphy,0.358,Southern Levant,0.198,Egypt,0.155,Sinai,0.137,Medium,0.036,Low,0.017,High,0.013,0.214,"Valerio, P.; Araújo, M.F.; Monge Soares, A.M.M.; Silva, R.J.C.; Baptista, L.; Mataloto, R. Valerio, Pedro (7003452715); Araújo, María Fátima D. (7202962609); Monge Soares, António M. (12791522900); Si"
study_0644,"Kunze, R",2015,Radiocarbon Chronology,0.304,Isotope Geochemistry,0.254,Archaeology,0.232,Egypt,0.107,Southern Levant,0.041,Sinai,-0.004,Medium,0.033,Low,-0.029,High,-0.04,0.148,"Kunze, R.; Mödlinger, M.; Rödel, T. Kunze, René (57201519919); Mödlinger, Marianne (24473560000); Rödel, Tim (57201527470) 57201519919; 24473560000; 57201527470 Field studies on early copper metallurg"
study_0645,"Tafuri, M",2005,Paleoclimatology,0.257,Radiocarbon Chronology,0.256,Isotope Geochemistry,0.247,Egypt,0.087,Southern Levant,0.087,Sinai,0.042,Medium,0.011,Low,-0.005,High,-0.045,0.119,"Tafuri, M.A.; Rottoli, M.; Cupitò, M.; Pulcini, M.L.; Tasca, G.; Carrara, N.; Bonfanti, F.; Salzani, L.; Canci, A. Tafuri, Mary Anne (14322583700); Rottoli, Mauro (23136013000); Cupitò, Michele (51664"
study_0646,"Azzazy, M",2018,Archaeology,0.467,Landscape Archaeology,0.394,Cognitive Archaeology,0.355,Egypt,0.483,Southern Levant,0.285,Sinai,0.274,High,-0.032,Medium,-0.049,Low,-0.049,0.306,"Azzazy, M.F. Azzazy, M. F. (37560957000) 37560957000 Exploratory palynological studies at the Tell el-Daba’a-Avaris archaeological site 2018 PLOS ONE 13 2 e0180770 0 10.1371/journal.pone.0180770 https"
study_0647,"Anastasiou, E",2080,Archaeology,0.34,Settlement Archaeology,0.279,Bioarchaeology,0.27,Southern Levant,0.177,Egypt,0.149,Sinai,0.089,Medium,-0.006,High,-0.025,Low,-0.079,0.17,"Anastasiou, E.; Papathanasiou, A.; SCHEPARTZ, L.A.; Mitchell, P.D. Anastasiou, Evilena (54390768400); Papathanasiou, Anastasia (7004293434); SCHEPARTZ, L. A. (6603233380); Mitchell, Piers D. (57208011"
study_0648,"Iacono, F",2090,Archaeology,0.456,Settlement Archaeology,0.406,Cognitive Archaeology,0.392,Sinai,0.229,Southern Levant,0.227,Egypt,0.204,Medium,0.037,High,0.024,Low,0.021,0.241,"Iacono, F. Iacono, Francesco (56769320900) 56769320900 The Archaeology of Late Bronze Age Interaction and Mobility at the Gates of Europe: People, Things and Networks around the Southern Adriatic Sea "
study_0649,"Cherel, A",2005,Radiocarbon Chronology,0.433,Archaeology,0.407,Artifact Typology,0.399,Southern Levant,0.163,Egypt,0.095,Sinai,0.062,Medium,0.075,Low,0.046,High,0.045,0.224,"Cherel, A.-F.; Gratuze, B.; Simon, P. Cherel, Anne Françoise (57200548342); Gratuze, Bernard (6506982186); Simon, Patrick (7402477496) 57200548342; 6506982186; 7402477496 Bronze Age earthenware and gl"
study_0651,"Atkins, R",1995,Settlement Archaeology,0.555,Archaeology,0.527,Landscape Archaeology,0.413,Southern Levant,0.268,Egypt,0.187,Sinai,0.157,Low,0.091,High,0.063,Medium,0.038,0.305,"Atkins, R. Atkins, Rob (26646248800) 26646248800 Quarryrob atkinslate iron age and roman settlement at bozeat quarry, northamptonshire: Excavations 1995-2016 2018 1 185 0 https://www.scopus.com/inward"
study_0650,"Korczyńska, M",2018,Archaeology,0.345,Landscape Archaeology,0.331,Stratigraphy,0.306,Southern Levant,0.155,Egypt,0.119,Sinai,0.116,Medium,0.039,High,0.01,Low,0.005,0.18,"Korczyńska, M.; Cappenberg, K. Korczyńska, Marta (56991122200); Cappenberg, Klaus (56991123300) 56991122200; 56991123300 Re-fitting the past - urn graveyards in the carpathian foothills 2018 153 171 0"
study_0652,"Woudhuizen, F",2018,Ethnohistory,0.246,Paleoclimatology,0.223,Geoarchaeology,0.214,Southern Levant,0.3,Egypt,0.158,Sinai,0.016,Medium,0.109,Low,0.103,High,0.079,0.218,"Woudhuizen, F.C. Woudhuizen, Fred C. (36473938900) 36473938900 The luwians of western anatolia: Their neighbours and predecessors 2018 1 178 0 10.2307/j.ctv1pdrq5q https://www.scopus.com/inward/record"
study_0653,"McKinny, C",1944,Landscape Archaeology,0.403,Cognitive Archaeology,0.403,Archaeology,0.397,Sinai,0.124,Egypt,0.123,Southern Levant,0.096,High,0.015,Medium,-0.04,Low,-0.043,0.181,"McKinny, C.; Shai, I. McKinny, Chris (57194424339); Shai, Itzhaq (35178435700) 57194424339; 35178435700 Using Tools in Ways in Which They Were Not Intended: A Test Case of the Use of PlanGrid for Fiel"
study_0654,"Blétry, S",1910,Comparative Literature,0.173,Radiocarbon Chronology,0.159,Geoarchaeology,0.144,Southern Levant,0.268,Sinai,0.159,Egypt,0.134,Medium,0.028,High,0.011,Low,-0.013,0.156,"Blétry, S.; Duval, H.; Girardi, C.; Loupmon, T.; Rjoob, A. Blétry, Sylvie (56367299600); Duval, Hélène (57223248038); Girardi, Chloé (57223217768); Loupmon, Teddy (57223224812); Rjoob, Ayman (57223221"
study_0656,"Rezaei, M",2018,Archaeology,0.39,Radiocarbon Chronology,0.341,Landscape Archaeology,0.327,Egypt,0.228,Southern Levant,0.18,Sinai,0.165,High,0.048,Medium,0.042,Low,0.039,0.222,"Rezaei, M.H.; Basafa, H. Rezaei, Mohammad Hossein (57225739964); Basafa, Hassan (36099139400) 57225739964; 36099139400 The Production Process of Lithics in Late Bronze Age at Shahrake Firouzeh Site in"
study_0655,"Cherel, A",2005,Paleography,0.436,Archaeology,0.397,Paleoclimatology,0.387,Southern Levant,0.143,Egypt,0.07,Sinai,0.063,Medium,0.057,Low,0.016,High,-0.018,0.212,"Cherel, A.-F.; Le Gall, V.; Garnier, N.; Allard, L. Cherel, Anne Françoise (57200548342); Le Gall, Valérie (55571234900); Garnier, Nicolas (57194509179); Allard, Lise (59543388300) 57200548342; 555712"
study_0657,"Korobov, D",2018,Archaeology,0.374,Artifact Typology,0.331,Landscape Archaeology,0.316,Sinai,0.166,Egypt,0.14,Southern Levant,0.07,High,0.066,Low,0.033,Medium,-0.042,0.202,"Korobov, D.S.; Borisov, A.V.; Babenko, A.N.; Sergeev, A.Y.; Chernysheva, E.V. Korobov, Von Dmitrij Sergeevič (38161760600); Borisov, Aleksandr V. (34567600900); Babenko, A. N. (23033456700); Sergeev, "
study_0658,"Schrader, S",1934,Bioarchaeology,0.415,Archaeology,0.373,Cognitive Archaeology,0.371,Southern Levant,0.213,Egypt,0.173,Sinai,0.099,Medium,0.066,High,0.009,Low,-0.007,0.231,"Schrader, S.A.; Buzon, M.; Smith, S.T. Schrader, Sarah A. (55227405800); Buzon, Michele R. (8837890600); Smith, Stuart Tyson (55574193496) 55227405800; 8837890600; 55574193496 Colonial-indigene intera"
study_0659,"Chechushkov, I",2027,Geoarchaeology,0.33,Stratigraphy,0.312,Radiocarbon Chronology,0.286,Egypt,0.167,Sinai,0.116,Southern Levant,0.037,Low,0.046,High,0.011,Medium,0.01,0.181,"Chechushkov, I.V.; Dakovic, G.; Yakimov, A.S. Chechushkov, I. V. (55151581300); Dakovic, Gligor (57202794244); Yakimov, Aharon S. (7004269187) 55151581300; 57202794244; 7004269187 Architectural and pl"
study_0660,"O’Grady, C",2080,Archaeology,0.495,Cognitive Archaeology,0.461,Settlement Archaeology,0.443,Sinai,0.203,Egypt,0.183,Southern Levant,0.128,Medium,0.031,High,0.022,Low,-0.013,0.243,"O’Grady, C.R.; Luke, C.; Mokrišová, J.; Roosevelt, C.H. O’Grady, Caitlin R. (57208060758); Luke, Christina (23967769000); Mokrišová, Jana (57208057053); Roosevelt, Christopher H. (24781171400) 5720806"
study_0661,"Vilain, S",2078,Ceramic Analysis,0.528,Epigraphy,0.301,Paleography,0.226,Southern Levant,0.143,Egypt,0.131,Sinai,0.089,Medium,0.073,Low,0.067,High,0.035,0.248,"Vilain, S. Vilain, Sarah (57207820883) 57207820883 Imitations and local productions influenced by Cypriot ceramics white painted pendent line style at Tell el-Dab'a; Imitations et productions locales "
study_0662,"Zachar, T",2076,Archaeology,0.369,Radiocarbon Chronology,0.344,Isotope Geochemistry,0.332,Egypt,0.12,Southern Levant,0.11,Sinai,0.061,Medium,0.041,High,0.011,Low,-0.022,0.177,"Zachar, T.; Salaš, M. Zachar, Tomáš (57207623503); Salaš, Milan (36070087000) 57207623503; 36070087000 The provenance of copper ore in Moravia in the Late Bronze Age based on metal hoards from Blučina"
study_0663,"Kotsonas, A",2018,Archaeology,0.467,Landscape Archaeology,0.372,Settlement Archaeology,0.37,Sinai,0.216,Southern Levant,0.164,Egypt,0.162,Medium,0.025,Low,0.0,High,-0.006,0.236,"Kotsonas, A. Kotsonas, Antonis (12807260900) 12807260900 Homer, the archaeology of crete and the 'tomb of meriones' at Knossos 2018 Journal of Hellenic Studies 138 1 35 0 10.1017/S0075426918000010 htt"
study_0664,"Martín, A",1903,Archaeology,0.488,Landscape Archaeology,0.452,Settlement Archaeology,0.4,Southern Levant,0.187,Egypt,0.138,Sinai,0.082,High,-0.008,Medium,-0.018,Low,-0.028,0.223,"Martín, A.M. Martín, Alfredo Mederos (56484952800) 56484952800 Emilio Camps Cazorla, assistant professor of Gómez-Moreno and elected director of the National Archaeological Museum (1903-1952); Emilio "
study_0665,"Lyganov, A",1943,Stratigraphy,0.422,Archaeology,0.394,Geoarchaeology,0.391,Southern Levant,0.197,Egypt,0.193,Sinai,0.124,Medium,0.02,Low,0.016,High,0.009,0.213,"Lyganov, A.V.; Khamzin, R.N.; Galimova, M.Sh. Lyganov, A. V. (57194326310); Khamzin, R. N. (57204462894); Galimova, Madina Sh (57201195253) 57194326310; 57204462894; 57201195253 Materials of the eneol"
study_0666,"Golyeva, A",1937,Paleography,0.561,Paleoclimatology,0.533,Stratigraphy,0.501,Egypt,0.186,Southern Levant,0.13,Sinai,0.11,High,0.019,Low,0.019,Medium,-0.015,0.255,"Golyeva, A.A.; Shuteleva, I.A.; Shcherbakov, N.B. Golyeva, Alexandra A. (15746401000); Shuteleva, Iia A. (57193758332); Shcherbakov, Nikolai B. (57193756520) 15746401000; 57193758332; 57193756520 Prob"
study_0667,"Khusnutdinov, Е",2044,Isotope Geochemistry,0.337,Archaeology,0.326,Stratigraphy,0.306,Southern Levant,0.118,Sinai,0.116,Egypt,0.104,Low,0.047,Medium,0.042,High,0.033,0.167,"Khusnutdinov, Е.А.; Shaykhulakhmetov, А.А. Khusnutdinov, А. A. (57204460784); Shaykhulakhmetov, А. А. (57204454471) 57204460784; 57204454471 Lamellar Bronze Grivna of the final bronze - Beginning earl"
study_0668,"Golubeva, E",2044,Archaeology,0.493,Settlement Archaeology,0.478,Landscape Archaeology,0.463,Egypt,0.179,Southern Levant,0.168,Sinai,0.135,High,0.01,Low,-0.002,Medium,-0.026,0.228,"Golubeva, E.N. Golubeva, Ekaterina N. (57204451409) 57204451409 Stone tools from the Eneolithic dwelling of excavation 2 in IgIM settlement (according to the results of trasological analisis) 2018 Pov"
study_0669,"Castelluccia, M",2018,Archaeology,0.44,Landscape Archaeology,0.366,Settlement Archaeology,0.366,Egypt,0.313,Southern Levant,0.28,Sinai,0.249,Medium,0.045,High,0.024,Low,-0.015,0.266,"Castelluccia, M. Castelluccia, Manuel (55966958500) 55966958500 The lčašen culture and its archaeological landscape 2018 Iran and the Caucasus 22 3 215 231 0 10.1163/1573384X-20180302 https://www.scop"
study_0671,"Nielsen, J",2018,Historical Geography,0.264,Comparative Literature,0.261,Volcanology,0.252,Egypt,0.23,Southern Levant,0.214,Sinai,0.201,Medium,0.022,High,0.021,Low,0.008,0.172,"Nielsen, J.P. Nielsen, John P. (55450236400) 55450236400 The reign of nebuchadnezzar I in history and historical memory 2018 1 219 0 10.4324/9781315648262 https://www.scopus.com/inward/record.uri?eid="
study_0670,"Pokorná, A",2000,Paleoclimatology,0.234,Stratigraphy,0.231,Bioarchaeology,0.213,Southern Levant,0.202,Egypt,0.163,Sinai,0.057,Low,0.037,Medium,0.033,High,0.003,0.157,"Pokorná, A.; Kočár, P.; Novák, J.; Šálková, T.; Žáčková, P.; Komárková, V.; Vaněček, Z.; Sádlo, J. Pokorná, Adéla (54984577400); Kočár, Petr (6506872318); Novák, Jan (57222704759); Šálková, Tereza (55"
study_0672,"López-Plaza, M",2028,Paleoclimatology,0.413,Stratigraphy,0.396,Radiocarbon Chronology,0.372,Southern Levant,0.095,Egypt,0.094,Sinai,0.077,High,0.047,Medium,0.041,Low,0.015,0.185,"López-Plaza, M.; Esparza Arroyo, A.; García Gómez, I.; López-Moro, F.J. López-Plaza, Miguel L. (6508005047); Esparza Arroyo, Ángel (55256348100); García Gómez, I. (57202832044); López-Moro, Francisco "
study_0673,"Vinogradov, B",2018,Anthropology,0.401,Cultural Memory,0.307,Bioarchaeology,0.291,Southern Levant,0.142,Egypt,0.14,Sinai,0.096,High,0.032,Medium,0.011,Low,-0.001,0.192,"Vinogradov, B. Vinogradov, Nikolay B. (56095303700) 56095303700 Sintashta as a transcultural phenomenon 2018 Povolzhskaya Arkheologiya 1 23 74 90 0 10.24852/pa2018.1.23.74.90 https://www.scopus.com/in"
study_0675,"García-Fernández, G",2017,Sociology of Religion,0.371,Comparative Mythology,0.33,Geoarchaeology,0.271,Egypt,0.436,Sinai,0.35,Southern Levant,0.262,High,0.02,Low,-0.011,Medium,-0.018,0.276,"García-Fernández, G. García-Fernández, Gudelia (57366965600) 57366965600 The Moon god Iah in ancient Egyptian religion 2017 222 227 0 10.2307/j.ctv177tjnf.43 https://www.scopus.com/inward/record.uri?e"
study_0674,"Britnell, W",1900,Archaeology,0.402,Settlement Archaeology,0.392,Landscape Archaeology,0.377,Sinai,0.127,Egypt,0.078,Southern Levant,0.064,High,0.009,Low,0.008,Medium,-0.017,0.179,"Britnell, W.J.; Silvester, R.J. Britnell, William J. (7801677799); Silvester, Robert J. (57190037221) 7801677799; 57190037221 Hillforts and defended enclosures of the Welsh borderland 2018 Internet Ar"
study_0676,"Lisetskii, F",1927,Geoarchaeology,0.334,Paleoclimatology,0.326,Historical Geography,0.321,Southern Levant,0.197,Egypt,0.128,Sinai,0.106,Low,0.056,High,0.034,Medium,-0.002,0.196,"Lisetskii, F.N.; Stolba, V.F.; Pichura, V.I. Lisetskii, Fedor N. (15731091700); Stolba, Vladimir F. (57192775003); Pichura, Vitalii Ivanovich (57189495808) 15731091700; 57192775003; 57189495808 Late-H"
study_0677,"Oğuz-Kırca, E",1857,Geoarchaeology,0.339,Stratigraphy,0.321,Archaeology,0.316,Southern Levant,0.289,Egypt,0.289,Sinai,0.192,High,0.047,Medium,0.031,Low,-0.019,0.225,"Oğuz-Kırca, E.D.; Liritzis, I. Oğuz-Kırca, Eser Deniz (56403412200); Liritzis, Ioannis (7003918573) 56403412200; 7003918573 Chasing hygassos (Anatolia): Settlement under epigraphic evidence 2017 Studi"
study_0679,"Davis, G",2017,Landscape Archaeology,0.417,Archaeology,0.387,Geoarchaeology,0.37,Sinai,0.175,Egypt,0.104,Southern Levant,0.058,High,0.036,Low,0.014,Medium,-0.029,0.209,"Davis, G.H. Davis, George H. (55351676800) 55351676800 Tectonic klippe served the needs of cult worship, sanctuary of zeus, Mount Lykaion, Peloponnese, Greece 2017 GSA Today 27 12 0 10.1130/gsatg353a."
study_0678,"Finné, M",1985,Radiocarbon Chronology,0.395,Stratigraphy,0.369,Paleoclimatology,0.356,Egypt,0.209,Sinai,0.208,Southern Levant,0.206,High,0.054,Medium,0.042,Low,0.041,0.219,"Finné, M.; Holmgren, K.; Shen, C.-C.; Hu, H.-M.; Boyd, M.; Stocker, S. Finné, Martin (36342166200); Holmgren, Karin (7005977764); Shen, Chuanchou (35230947600); Hu, H. M. (56198544500); Boyd, Meighan "
study_0680,"Meiri, M",1941,Stratigraphy,0.261,Epigraphy,0.25,Isotope Geochemistry,0.154,Southern Levant,0.197,Sinai,0.179,Egypt,0.103,High,0.14,Low,0.113,Medium,0.075,0.199,"Meiri, M.; Stockhammer, P.W.; Marom, N.; Bar-Oz, B.-O.; Sapir-Hen, L.; Morgenstern, P.; MacHeridis, S.; Rosen, B.; Huchon, D.; Maran, J.; Finkelstein, I. Meiri, Meirav (55817168900); Stockhammer, Phil"
study_0681,"Albero Santacreu, D",2017,Ceramic Analysis,0.489,Archaeology,0.415,Settlement Archaeology,0.376,Southern Levant,0.121,Egypt,0.071,Sinai,-0.015,Medium,0.042,High,0.02,Low,0.006,0.217,"Albero Santacreu, D. Albero Santacreu, Daniel J. (55217717900) 55217717900 Interpreting long-term use of raw materials in pottery production: A holistic perspective 2017 Journal of Archaeological Scie"
study_0682,"Moskal-del Hoyo, M",1934,Landscape Archaeology,0.194,Settlement Archaeology,0.175,Bioarchaeology,0.174,Sinai,0.039,Southern Levant,0.018,Egypt,0.015,Low,0.01,High,-0.007,Medium,-0.07,0.081,"Moskal-del Hoyo, M.; Mueller-Bieniek, A.; Alexandrowicz, W.P.; Wilczyński, J.; Pospuła, S.; Kapcia, M.; Przybyła, M.M. Moskal-del Hoyo, Magdalena (24776605300); Mueller-Bieniek, Aldona (6701738888); A"
study_0683,"Luke, C",2017,Archaeology,0.372,Settlement Archaeology,0.33,Cognitive Archaeology,0.317,Southern Levant,0.249,Egypt,0.233,Sinai,0.081,High,0.059,Low,0.034,Medium,0.007,0.227,"Luke, C.; Roosevelt, C.H. Luke, Christina (23967769000); Roosevelt, Christopher H. (24781171400) 23967769000; 24781171400 Cup-marks and citadels: Evidence for libation in 2nd-millennium b.c.e. western"
study_0684,Erratum: Embodiments of death: The funerary sequence and commemoration in the bronze age levant (Bulletin of the America,2017,Comparative Mythology,0.399,Paleoclimatology,0.349,Archaeology,0.347,Southern Levant,0.349,Egypt,0.216,Sinai,0.202,Medium,0.049,High,0.048,Low,-0.01,0.266,Erratum: Embodiments of death: The funerary sequence and commemoration in the bronze age levant (Bulletin of the American Schools of Oriental Research (2017) 377 (219-248) DOI: 10.5615/bullamerschoori
study_0685,"Palmisano, A",2017,Settlement Archaeology,0.455,Archaeology,0.431,Landscape Archaeology,0.384,Southern Levant,0.208,Egypt,0.177,Sinai,0.066,Medium,-0.024,High,-0.026,Low,-0.06,0.213,"Palmisano, A.; Bevan, A.; Shennan, S. Palmisano, Alessio (56012510800); Bevan, Andrew H. (35344386500); Shennan, Stephen J. (6602927062) 56012510800; 35344386500; 6602927062 Comparing archaeological p"
study_0686,"Middleton, G",1800,Archaeology,0.425,Settlement Archaeology,0.372,Cognitive Archaeology,0.303,Egypt,0.119,Sinai,0.117,Southern Levant,0.068,Medium,0.038,Low,0.018,High,-0.009,0.194,"Middleton, G.D. Middleton, Guy D. (54886511800) 54886511800 I Will Follow You into the Dark: Death and Emotion in a Mycenaean Royal Funeral 2017 Oxford Journal of Archaeology 36 4 395 412 0 10.1111/oj"
study_0689,"Berry, J",1964,Archaeology,0.505,Landscape Archaeology,0.479,Settlement Archaeology,0.441,Southern Levant,0.277,Sinai,0.248,Egypt,0.2,Medium,0.044,High,0.014,Low,-0.002,0.275,"Berry, J. Berry, Julian (57316577000) 57316577000 Shifting Sand: Journal of a cub archaeologist, Palestine 1964 2017 1 91 0 https://www.scopus.com/inward/record.uri?eid=2-s2.0-85118268135&partnerID=40"
study_0687,"Ten Harkel, L",1906,Landscape Archaeology,0.632,Settlement Archaeology,0.546,Archaeology,0.544,Southern Levant,0.259,Egypt,0.148,Sinai,0.136,High,-0.006,Low,-0.028,Medium,-0.036,0.295,"Ten Harkel, L.; Franconi, T.; Gosden, C. Ten Harkel, Letty (57190683881); Franconi, Tyler (57195937698); Gosden, Chris (7007079958) 57190683881; 57195937698; 7007079958 Fields, Ritual and Religion: Ho"
study_0688,"Abazov, A",1925,Zooarchaeology,0.409,Bioarchaeology,0.408,Linguistics,0.36,Southern Levant,0.111,Egypt,0.099,Sinai,0.041,Medium,0.097,High,0.018,Low,0.002,0.205,"Abazov, A.C.; Guvajokov, D.H. Abazov, Albek Ch (57192593101); Guvajokov, Dzhabrail H. (57200195452) 57192593101; 57200195452 On the study of the semantics of the animal style: The functional purpose o"
study_0690,"Bruins, H",2017,Isotope Geochemistry,0.506,Radiocarbon Chronology,0.487,Volcanology,0.421,Sinai,0.164,Egypt,0.156,Southern Levant,0.146,Low,0.03,High,0.005,Medium,-0.015,0.233,"Bruins, H.J.; van der Plicht, J. Bruins, Hendrik J. (6701689157); van der Plicht, Johannes (22973650100) 6701689157; 22973650100 The Minoan Santorini Eruption and its 14C Position in Archaeological St"
study_0691,"Svyatko, S",2030,Radiocarbon Chronology,0.608,Isotope Geochemistry,0.419,Paleoclimatology,0.4,Southern Levant,0.149,Sinai,0.101,Egypt,0.092,Low,-0.006,High,-0.009,Medium,-0.051,0.251,"Svyatko, S.V.; Schulting, R.; Poliakov, A.; Ogle, N.; Paula Reimer, P.J. Svyatko, Svetlana Vladimirovna (37089664500); Schulting, Rick J. (6603283174); Poliakov, A. V. (57203054932); Ogle, Neil (92457"
study_0692,"Towers, J",1983,Archaeology,0.394,Paleography,0.355,Settlement Archaeology,0.351,Southern Levant,0.122,Egypt,0.116,Sinai,0.094,Medium,0.006,High,-0.008,Low,-0.022,0.174,"Towers, J.; Bond, J.; Evans, J.; Mainland, I.; Montgomery, J. Towers, Jacqueline R. (35119834000); Bond, Julie M. (7402613814); Evans, Jane A. (7407665225); Mainland, Ingrid L. (6506246320); Montgomer"
study_0693,"Piličiauskas, G",2070,Radiocarbon Chronology,0.43,Isotope Geochemistry,0.421,Stratigraphy,0.376,Southern Levant,0.188,Sinai,0.106,Egypt,0.081,Low,0.001,Medium,-0.025,High,-0.032,0.206,"Piličiauskas, G.; Jankauskas, R.; Piličiauskiene, G.; Dupras, T. Piličiauskas, Gytis (36107207000); Jankauskas, Rimantas (6701345535); Piličiauskiene, Giedre (52864398600); Dupras, Tosha L. (660240098"
study_0694,"Nirgi, T",1934,Archaeology,0.387,Radiocarbon Chronology,0.354,Settlement Archaeology,0.348,Sinai,0.145,Southern Levant,0.133,Egypt,0.088,Low,0.038,High,0.021,Medium,-0.007,0.19,"Nirgi, T.; Rosentau, A.; Ots, M.; Vahur, S.; Kriiska, A. Nirgi, Triine (57193416416); Rosentau, Alar (12797175700); Ots, Mirja (57193418774); Vahur, Signe (16029804600); Kriiska, Aivar (6507588516) 57"
study_0695,"Gori, S",1854,Paleoclimatology,0.429,Stratigraphy,0.391,Paleography,0.35,Egypt,0.168,Sinai,0.16,Southern Levant,0.157,Low,0.029,High,0.014,Medium,-0.018,0.208,"Gori, S.; Falcucci, E.; Galadini, F.; Moro, M.; Saroli, M.; Ceccaroni, E. Gori, Stefano (25723222300); Falcucci, Emanuela (25723247400); Galadini, Fabrizio (6603684941); Moro, Marco (34571854300); Sar"
study_0696,"Cooper, J",1890,Archaeology,0.433,Epigraphy,0.426,Paleography,0.418,Egypt,0.321,Southern Levant,0.276,Sinai,0.257,Medium,-0.008,High,-0.008,Low,-0.035,0.248,"Cooper, J.; Barnard, H. Cooper, Julien Charles (56677118900); Barnard, Hans (7004493516) 56677118900; 7004493516 New Insights on the Inscription on a Painted Pan-Grave Bucranium, Grave 3252 at Cemeter"
study_0697,"Palencia-Ortas, A",1827,Isotope Geochemistry,0.38,Geoarchaeology,0.38,Radiocarbon Chronology,0.323,Sinai,0.273,Southern Levant,0.241,Egypt,0.135,Low,-0.003,Medium,-0.026,High,-0.045,0.217,"Palencia-Ortas, A.; Osete, M.L.; Campuzano, S.A.; McIntosh, G.; Larrazabal, J.; Sastre-Blanco, J.; Rodríguez-Aranda, J. Palencia-Ortas, Alicia (25628228700); Osete, María Luisa (57212182705); Campuzan"
study_0698,"O’Driscoll, J",1933,Archaeology,0.531,Cognitive Archaeology,0.488,Landscape Archaeology,0.483,Egypt,0.129,Sinai,0.054,Southern Levant,0.038,Medium,0.01,Low,-0.021,High,-0.032,0.223,"O’Driscoll, J. O’Driscoll, James (57193332335) 57193332335 Hillforts in prehistoric Ireland: a costly display of power? 2017 World Archaeology 49 4 506 525 0 10.1080/00438243.2017.1282379 https://www."
study_0699,"Allcock, S",2017,Geoarchaeology,0.438,Paleoclimatology,0.413,Landscape Archaeology,0.398,Egypt,0.191,Southern Levant,0.159,Sinai,0.065,High,-0.006,Low,-0.027,Medium,-0.09,0.208,"Allcock, S.L. Allcock, Samantha Lee (54787358400) 54787358400 Long-term socio-environmental dynamics and adaptive cycles in Cappadocia, Turkey during the Holocene 2017 Quaternary International 446 66 "
study_0700,"Čivilyte, A",1932,Archaeology,0.488,Paleography,0.431,Settlement Archaeology,0.426,Southern Levant,0.201,Sinai,0.128,Egypt,0.099,High,0.025,Medium,0.013,Low,0.004,0.238,"Čivilyte, A.; Duberow, E.; Pernicka, E.; Skvortzov, K. Čivilyte, Agne (26038110700); Duberow, Elka (57193255435); Pernicka, Ernst (7003411364); Skvortzov, Konstantin (57195102987) 26038110700; 5719325"
study_0701,"Piličiauskas, G",2070,Archaeology,0.407,Radiocarbon Chronology,0.393,Landscape Archaeology,0.386,Southern Levant,0.199,Egypt,0.13,Sinai,0.112,Low,0.008,Medium,-0.021,High,-0.043,0.205,"Piličiauskas, G.; Jankauskas, R.; Piličiauskiene, G.; Craig, O.E.; Charlton, S.; Dupras, T. Piličiauskas, Gytis (36107207000); Jankauskas, Rimantas (6701345535); Piličiauskiene, Giedre (52864398600); "
study_0702,"Price, G",1890,Isotope Geochemistry,0.449,Archaeology,0.439,Settlement Archaeology,0.414,Southern Levant,0.162,Egypt,0.104,Sinai,0.065,Medium,0.034,Low,0.02,High,-0.012,0.215,"Price, G.C.; Krigbaum, J.; Shelton, K. Price, Gypsy C. (56749428300); Krigbaum, John S. (6507599027); Shelton, Kim S. (57189093965) 56749428300; 6507599027; 57189093965 Stable isotopes and discriminat"
study_0703,"Nikolakopoulos, K",1919,Landscape Archaeology,0.379,Stratigraphy,0.371,Geoarchaeology,0.348,Sinai,0.206,Southern Levant,0.188,Egypt,0.162,High,0.02,Low,0.008,Medium,-0.058,0.202,"Nikolakopoulos, K.G.; Soura, K.; Koukouvelas, I.K.; Argyropoulos, N.G. Nikolakopoulos, Konstantinos G. (6602629539); Soura, Konstantina (57191915693); Koukouvelas, Ioannis Κ. (6701819921); Argyropoulo"
study_0704,"Oreshko, R",2017,Historical Geography,0.458,Archaeology,0.447,Landscape Archaeology,0.428,Southern Levant,0.308,Egypt,0.273,Sinai,0.185,Medium,-0.011,Low,-0.012,High,-0.019,0.252,"Oreshko, R. Oreshko, Rostislav (56100366400) 56100366400 Hartapu and the Land of Maša 2017 Altorientalische Forschungen 44 1 47 67 0 10.1515/aofo-2017-0007 https://www.scopus.com/inward/record.uri?eid"
study_0705,"Goude, G",1907,Radiocarbon Chronology,0.433,Isotope Geochemistry,0.368,Paleoclimatology,0.31,Southern Levant,0.188,Egypt,0.049,Sinai,-0.006,High,0.059,Low,0.041,Medium,0.026,0.227,"Goude, G.; Rey, L.; Toulemonde, F.; Cervel, M.; Rottier, S. Goude, Gwenaëlle Le (25824355900); Rey, Léonie (57190742838); Toulemonde, Françoise (56464877200); Cervel, Mathilde (57190738201); Rottier, "
study_0706,"Berger, E",1926,Bioarchaeology,0.45,Cognitive Archaeology,0.375,Archaeology,0.374,Egypt,0.141,Southern Levant,0.117,Sinai,0.069,Medium,0.04,High,-0.055,Low,-0.068,0.21,"Berger, E.; Wang, H. Berger, Elizabeth S. (57192664213); Wang, Hui (55688838300) 57192664213; 55688838300 Bioarchaeology of adaptation to a marginal environment in bronze age Western China 2017 Americ"
study_0708,"Brysbaert, A",1919,Radiocarbon Chronology,0.37,Isotope Geochemistry,0.361,Paleoclimatology,0.325,Egypt,0.118,Sinai,0.078,Southern Levant,0.007,High,0.044,Low,0.028,Medium,-0.04,0.177,"Brysbaert, A.; Siozos, P.; Vetters, M.; Philippidis, A.; Anglos, D. Brysbaert, Ann (15836640000); Siozos, P. (6506437054); Vetters, Melissa (36976505800); Philippidis, Aggelos (26321919300); Anglos, D"
study_0709,"Timberlake, S",2017,Archaeology,0.43,Settlement Archaeology,0.345,Isotope Geochemistry,0.32,Egypt,0.137,Sinai,0.103,Southern Levant,0.068,High,0.052,Low,0.032,Medium,0.028,0.206,"Timberlake, S. Timberlake, Simon (6603503123) 6603503123 New ideas on the exploitation of copper, tin, gold, and lead ores in Bronze Age Britain: The mining, smelting, and movement of metal 2017 Mater"
study_0707,"Zhang, N",1890,Epigraphy,0.235,Isotope Geochemistry,0.223,Radiocarbon Chronology,0.178,Southern Levant,0.077,Sinai,0.052,Egypt,0.043,High,0.064,Medium,0.062,Low,0.053,0.125,"Zhang, N.; Dong, G.; Yang, X.; Zuo, X.; Kang, L.; Ren, L.; Liu, H.; Li, H.; Min, R.; Liu, X.; Zhang, D.; Chen, F. Zhang, Naimeng (57189061853); Dong, Guanghui (36138710300); Yang, Xiaoyan (7406503685)"
study_0710,"de Melo, A",1842,Ceramic Analysis,0.288,Isotope Geochemistry,0.258,Radiocarbon Chronology,0.233,Egypt,0.085,Sinai,0.048,Southern Levant,0.036,Medium,0.087,Low,0.071,High,0.02,0.153,"de Melo, A.Á.; Cardoso, J.L.; Giumlía-Mair, A.R. de Melo, Ana Ávila (36971842000); Cardoso, João Luís (57210401898); Giumlía-Mair, Alessandra R.G. (55649646400) 36971842000; 57210401898; 55649646400 T"
study_0711,"Halvorsen, L",2017,Landscape Archaeology,0.444,Settlement Archaeology,0.387,Archaeology,0.386,Southern Levant,0.095,Sinai,0.021,Egypt,0.007,Medium,-0.019,Low,-0.082,High,-0.098,0.173,"Halvorsen, L.S.; Hjelle, K.L. Halvorsen, Lene Synnøve (36165547700); Hjelle, Kari Loe (24168231700) 36165547700; 24168231700 Prehistoric agriculture in western Norway – Evidence for shifting and perma"
study_0713,"Saltini-Semerari, G",1800,Archaeology,0.581,Settlement Archaeology,0.519,Landscape Archaeology,0.477,Southern Levant,0.223,Egypt,0.164,Sinai,0.142,Low,-0.046,High,-0.053,Medium,-0.059,0.253,"Saltini-Semerari, G. Saltini-Semerari, Giulia (35729101800) 35729101800 Towards an Archaeology of Disentanglement 2017 Journal of Archaeological Method and Theory 24 2 542 578 0 10.1007/s10816-016-927"
study_0712,"Zuidhoff, F",2017,Landscape Archaeology,0.508,Stratigraphy,0.467,Archaeology,0.454,Southern Levant,0.188,Sinai,0.097,Egypt,0.084,High,0.025,Low,0.015,Medium,-0.005,0.24,"Zuidhoff, F.S.; Bos, J.A.A. Zuidhoff, Frieda Sjoukje (6505859927); Bos, Johanna A.A. (8742341300) 6505859927; 8742341300 Sedimentation and vegetation history of a buried Meuse terrace during the Holoc"
study_0714,"Grupe, G",1964,Epigraphy,0.263,Radiocarbon Chronology,0.209,Paleoclimatology,0.195,Sinai,0.08,Southern Levant,0.079,Egypt,0.007,High,0.047,Low,0.031,Medium,-0.017,0.13,"Grupe, G.; Grünewald, M.; Gschwind, M.; Hölzl, S.; Kröger, P.; Lang, A.; Mayr, C.; McGlynn, G.C.; Metzner-Nebelsick, C.; Neuberger, F.; Peters, J.; Reuß, S.; Schmahl, W.; Söllner, F.; Sommer, C.S.; St"
study_0715,"Rouse, L",2017,Paleoclimatology,0.43,Landscape Archaeology,0.425,Geoarchaeology,0.42,Southern Levant,0.223,Egypt,0.146,Sinai,0.045,Medium,0.016,High,-0.01,Low,-0.016,0.223,"Rouse, L.M.; Cerasetti, B. Rouse, Lynne M. (55607428600); Cerasetti, Barbara (8059397600) 55607428600; 8059397600 Micro-dynamics and macro-patterns: Exploring new archaeological data for the late Holo"
study_0717,"Molloy, B",2017,Archaeology,0.396,Settlement Archaeology,0.335,Cognitive Archaeology,0.334,Egypt,0.088,Sinai,0.04,Southern Levant,0.027,Medium,0.065,High,0.012,Low,-0.014,0.183,"Molloy, B.P.C. Molloy, Barry P.C. (36089322600) 36089322600 Hunting Warriors: The Transformation of Weapons, Combat Practices and Society during the Bronze Age in Ireland; Jagende Krieger: Veränderung"
study_0716,"Primavera, M",2017,Historical Geography,0.354,Landscape Archaeology,0.354,Archaeology,0.344,Southern Levant,0.234,Egypt,0.146,Sinai,0.103,Low,0.041,High,0.04,Medium,0.035,0.21,"Primavera, M.; D'Oronzo, C.; Muntoni, I.M.; Radina, F.; Fiorentino, G. Primavera, Milena (54385654000); D'Oronzo, Cosimo (54782269600); Muntoni, Italo Maria (6507528106); Radina, Francesca (5535753950"
study_0718,"Taylor, W",2010,Radiocarbon Chronology,0.362,Historical Geography,0.287,Archaeology,0.286,Southern Levant,0.091,Egypt,0.037,Sinai,-0.009,Low,0.035,High,0.018,Medium,-0.004,0.163,"Taylor, W.T.T.; Jargalan, B.; Lowry, K.B.; Clark, J.; Tuvshinjargal, T.; Bayarsaikhan, J. Taylor, William Timothy Treal (57213201020); Jargalan, Burentogtokh (57193769518); Lowry, K. Bryce (5674977350"
study_0720,"Magnusson, R",1940,Archaeology,0.275,Stratigraphy,0.253,Isotope Geochemistry,0.246,Sinai,0.154,Southern Levant,0.109,Egypt,0.084,Medium,0.148,Low,0.029,High,-0.009,0.192,"Magnusson, R. Magnusson, Reidar (57194086956) 57194086956 Bronze casting specialists during the Late Bronze Age in the Lake Mälaren region of East Middle Sweden 2017 143 152 0 10.2307/j.ctv1pzk2c1.15 "
study_0719,"Nielsen, N",2017,Geoarchaeology,0.489,Bioarchaeology,0.415,Stratigraphy,0.392,Southern Levant,0.196,Sinai,0.185,Egypt,0.17,Low,0.006,High,-0.013,Medium,-0.041,0.23,"Nielsen, N.H.; Dalsgaard, K. Nielsen, Nina Helt (25923014200); Dalsgaard, Kristian (24452139000) 25923014200; 24452139000 Dynamics of Celtic fields—A geoarchaeological investigation of Øster Lem Hede,"
study_0721,"Nykamp, M",2017,Stratigraphy,0.4,Landscape Archaeology,0.394,Geoarchaeology,0.36,Southern Levant,0.199,Egypt,0.14,Sinai,0.057,Low,0.037,High,0.024,Medium,-0.02,0.212,"Nykamp, M.; Knitter, D.; Timár, G.; Krause, J.; Heeb, B.S.; Szentmiklosi, A.; Schütt, B. Nykamp, Moritz (55760539300); Knitter, Daniel (55550943500); Timár, Gábor (6602454923); Krause, Jan (5586601620"
study_0722,"Rademakers, F",2026,Archaeology,0.468,Cognitive Archaeology,0.356,Isotope Geochemistry,0.355,Egypt,0.289,Sinai,0.188,Southern Levant,0.159,Medium,-0.014,High,-0.016,Low,-0.047,0.248,"Rademakers, F.W.; Rehren, T.; Pernicka, E. Rademakers, Frederik W. (56800333400); Rehren, Thilo H. (57202699283); Pernicka, Ernst (7003411364) 56800333400; 57202699283; 7003411364 Copper for the Phara"
study_0724,"Dor Evian, S",2017,Archaeology,0.512,Settlement Archaeology,0.417,Cognitive Archaeology,0.414,Egypt,0.424,Southern Levant,0.404,Sinai,0.385,High,-0.016,Low,-0.05,Medium,-0.053,0.307,"Dor Evian, S.B.-D. Dor Evian, Shirly Ben (53463115500) 53463115500 Egypt and Israel: The never-ending story 2017 Near Eastern Archaeology 80 1 30 39 0 10.5615/neareastarch.80.1.0030 https://www.scopus"
study_0723,"Juras, A",1965,Epigraphy,0.218,Stratigraphy,0.206,Radiocarbon Chronology,0.198,Egypt,0.141,Sinai,0.131,Southern Levant,0.113,High,0.025,Low,0.018,Medium,-0.006,0.128,"Juras, A.; Krzewińska, M.; Nikitin, A.G.; Ehler, E.; Chyleński, M.; Łukasik, S.; Krenz-Niedbała, M.; Sinika, V.; Piontek, J.; Ivanova, S.; Dabert, M.; Götherström, A. Juras, Anna (56400826500); Krzewi"
study_0725,"Jia, X",2017,Geoarchaeology,0.432,Paleography,0.429,Stratigraphy,0.409,Southern Levant,0.245,Egypt,0.177,Sinai,0.085,Medium,0.037,Low,0.034,High,0.024,0.238,"Jia, X.; Yi, S.; Sun, Y.; Wu, S.; Lee, H.F.; Wang, L.; Lu, H. Jia, Xin (58044212400); Yi, Shuangwen (10244835600); Sun, Yonggang (57077278700); Wu, Shuangye (56161660000); Lee, Harry F. (9243348000); "
study_0727,"Roosevelt, C",2017,Historical Geography,0.553,Archaeology,0.479,Geoarchaeology,0.469,Southern Levant,0.295,Egypt,0.204,Sinai,0.142,Medium,-0.0,High,-0.003,Low,-0.014,0.283,"Roosevelt, C.H.; Luke, C. Roosevelt, Christopher H. (24781171400); Luke, Christina (23967769000) 24781171400; 23967769000 The story of a forgotten kingdom? Survey archaeology and the historical geogra"
study_0726,"Diètre, B",2002,Archaeology,0.319,Landscape Archaeology,0.319,Radiocarbon Chronology,0.307,Southern Levant,0.228,Sinai,0.115,Egypt,0.111,Low,0.088,High,0.08,Medium,-0.006,0.212,"Diètre, B.; Walser, C.; Kofler, W.; Kothieringer, K.; Hajdas, I.; Lambers, K.; Reitmaier, T.; Haas, J.N. Diètre, Benjamin (55447004800); Walser, Christoph (56520029500); Kofler, Werner (6701858123); K"
study_0728,"Aykurt, A",2017,Archaeology,0.399,Settlement Archaeology,0.362,Radiocarbon Chronology,0.347,Egypt,0.152,Southern Levant,0.13,Sinai,0.09,Medium,0.096,Low,-0.001,High,-0.017,0.216,"Aykurt, A.; Erkanal, H. Aykurt, Ayşegül (56121500000); Erkanal, Hayat (25225379600) 56121500000; 25225379600 A Late Bronze Age Ship from Liman Tepe with Reference to the Late Bronze Age Ships from İZM"
study_0729,"Flores Araya, J",2017,Isotope Geochemistry,0.132,Statistical Synthesis,0.125,Paleoclimatology,0.079,Egypt,-0.017,Southern Levant,-0.065,Sinai,-0.072,Medium,0.077,High,0.018,Low,0.014,0.064,"Flores Araya, J.C. Flores Araya, Juan César (15839521500) 15839521500 Trojan War displayed as a full annihilation–diffusion–reaction model 2017 Physica A: Statistical Mechanics and its Applications 46"
study_0731,"Grabbe, L",2017,Landscape Archaeology,0.333,Radiocarbon Chronology,0.329,Archaeology,0.329,Southern Levant,0.346,Sinai,0.241,Egypt,0.215,High,0.124,Medium,0.096,Low,0.07,0.268,"Grabbe, L.L. Grabbe, Lester L. (26037996800) 26037996800 The Land of Canaan in the Late Bronze Age 2017 1 249 0 https://www.scopus.com/inward/record.uri?eid=2-s2.0-85207875176&partnerID=40&md5=bc9c6b3"
study_0730,"Tasić, N",2017,Archaeology,0.504,Landscape Archaeology,0.462,Settlement Archaeology,0.443,Southern Levant,0.249,Egypt,0.177,Sinai,0.169,Low,0.026,High,0.007,Medium,-0.025,0.26,"Tasić, N.N. Tasić, Nenad N. (56341352400) 56341352400 New questions for the old setting 2017 Quaternary International 429 3 12 0 10.1016/j.quaint.2015.03.018 https://www.scopus.com/inward/record.uri?e"
study_0732,"van der Steen, E",2017,Archaeology,0.463,Settlement Archaeology,0.378,Paleography,0.355,Southern Levant,0.305,Sinai,0.265,Egypt,0.2,Medium,0.028,High,-0.005,Low,-0.028,0.266,"van der Steen, E. van der Steen, Eveline J. (26430232300) 26430232300 The Archaeology of the Late Bronze Age in Palestine 2017 159 177 0 https://www.scopus.com/inward/record.uri?eid=2-s2.0-85191128092"
study_0733,"Chapman, A",2087,Archaeology,0.478,Landscape Archaeology,0.428,Settlement Archaeology,0.424,Sinai,0.155,Egypt,0.142,Southern Levant,0.102,High,0.002,Low,-0.015,Medium,-0.055,0.212,"Chapman, A.; Chapman, P. Chapman, Andy (57208710792); Chapman, Pat (57238197300) 57208710792; 57238197300 Bronze age monuments and bronze age, iron age, roman and anglo-saxon landscapes at Cambridge r"
study_0735,"Ingman, T",2017,Archaeology,0.476,Landscape Archaeology,0.428,Cognitive Archaeology,0.407,Egypt,0.325,Southern Levant,0.286,Sinai,0.265,High,0.021,Medium,-0.011,Low,-0.04,0.274,"Ingman, T. Ingman, Tara (57216925244) 57216925244 The extramural cemetery at tell atchana, Alalakh, and GIS modeling 2017 Culture and History of the Ancient Near East 90 245 259 0 10.1163/978900435357"
study_0734,"Carlyle, S",2087,Archaeology,0.411,Settlement Archaeology,0.399,Landscape Archaeology,0.296,Sinai,0.214,Egypt,0.164,Southern Levant,0.121,High,0.019,Low,-0.001,Medium,-0.053,0.215,"Carlyle, S.; Clarke, J.; Chapman, A. Carlyle, Simon (57238716400); Clarke, Jason (57239060300); Chapman, Andy (57208710792) 57238716400; 57239060300; 57208710792 Iron age, roman and anglo-saxon settle"
study_0736,"Popov, H",2089,Archaeology,0.457,Stratigraphy,0.438,Landscape Archaeology,0.428,Southern Levant,0.235,Sinai,0.183,Egypt,0.182,High,0.059,Low,0.019,Medium,-0.016,0.25,"Popov, H.; Koleva, M.; Andonova, A.; Dimitrova, J.; Vălčev, I. Popov, Hristo (57208933728); Koleva, Marina (57204011891); Andonova, Antoaneta (57204023100); Dimitrova, Jana (57204018297); Vălčev, Ivan"
study_0737,"Ilie, C",1861,Archaeology,0.448,Landscape Archaeology,0.405,Cognitive Archaeology,0.37,Southern Levant,0.221,Egypt,0.211,Sinai,0.147,High,-0.01,Low,-0.044,Medium,-0.06,0.22,"Ilie, C.; Ciobotaru, P.; Mandache, T. Ilie, Costel (41861391500); Ciobotaru, Paul (56807154500); Mandache, Tudor (57202058254) 41861391500; 56807154500; 57202058254 The archaeological site negrilești,"
study_0738,"Penzo, A",2014,Paleoclimatology,0.307,Isotope Geochemistry,0.297,Ceramic Analysis,0.288,Southern Levant,0.257,Sinai,0.224,Egypt,0.204,High,0.008,Medium,0.003,Low,-0.033,0.191,"Penzo, A.; Proni, F.; Gottarelli, A. Penzo, Annachiara (57201446512); Proni, Federica (57202430894); Gottarelli, Antonio (57201451916) 57201446512; 57202430894; 57201451916 The archaelogical settlemen"
study_0739,"Lysenko, S",2012,Archaeology,0.455,Cognitive Archaeology,0.369,Settlement Archaeology,0.356,Egypt,0.161,Sinai,0.144,Southern Levant,0.084,High,0.082,Low,0.046,Medium,0.009,0.233,"Lysenko, S.S.; Lysenko, S.D. Lysenko, Svetlana S. (57201210964); Lysenko, Sergiy D. (56401653500) 57201210964; 56401653500 Burial complexes and hoards as sources for the reconstruction of ceremonial a"
study_0740,"Lyganov, A",1943,Archaeology,0.447,Bioarchaeology,0.379,Landscape Archaeology,0.366,Egypt,0.187,Southern Levant,0.128,Sinai,0.127,High,0.041,Low,0.027,Medium,0.005,0.225,"Lyganov, A.V. Lyganov, A. V. (57194326310) 57194326310 Komintern 1 burial mound of lugovskaya culture in the Kama Mouth Region 2017 Povolzhskaya Arkheologiya 3 21 97 116 0 10.24852/pa2017.3.21.97.116 "
study_0741,"Morozov, V",2012,Archaeology,0.517,Cognitive Archaeology,0.443,Settlement Archaeology,0.428,Egypt,0.177,Southern Levant,0.142,Sinai,0.14,High,0.011,Medium,-0.009,Low,-0.033,0.235,"Morozov, V.V.; Lyganov, A.V.; Kaplenko, N.M. Morozov, Victor V. (57201216909); Lyganov, A. V. (57194326310); Kaplenko, N. M. (57201199421) 57201216909; 57194326310; 57201199421 Late neolithic complex "
study_0742,"Fayzullina, D",2012,Anthropology,0.288,Bioarchaeology,0.28,Paleobotany,0.271,Egypt,0.195,Southern Levant,0.16,Sinai,0.073,Medium,0.097,High,0.036,Low,0.036,0.193,"Fayzullina, D.F. Fayzullina, D. F. (57201211898) 57201211898 Costume of the Volga-Kama population of the ananyino period in the context of the development of costume complexes in the early Iron age Eu"
study_0743,"Chizhevsky, A",2011,Geoarchaeology,0.275,Volcanology,0.266,Bioarchaeology,0.242,Southern Levant,0.035,Egypt,0.028,Sinai,0.017,High,0.048,Low,0.048,Medium,0.029,0.119,"Chizhevsky, A.A.; Shipilov, A.V.; Kaplenko, N.M. Chizhevsky, Andrey A. (57201195877); Shipilov, Anton V. (35763134800); Kaplenko, N. M. (57201199421) 57201195877; 35763134800; 57201199421 Study result"
study_0744,"Chizhevsky, A",2011,Archaeology,0.357,Bioarchaeology,0.348,Stratigraphy,0.34,Southern Levant,0.164,Sinai,0.149,Egypt,0.149,Medium,0.005,High,-0.002,Low,-0.031,0.175,"Chizhevsky, A.A.; Kuzminykh, S.V. Chizhevsky, Andrey A. (57201195877); Kuzminykh, Serguei Vladimirovich (34768272400) 57201195877; 34768272400 Scientific conference 'Ananyino world: Cultural space, co"
study_0745,"Rupp, H",1977,Stratigraphy,0.357,Paleoclimatology,0.356,Paleography,0.354,Southern Levant,0.118,Sinai,0.045,Egypt,0.026,High,0.016,Low,0.009,Medium,-0.038,0.164,"Rupp, H. Rupp, Hildegard (57197770877) 57197770877 On the stratigraphic evaluation of the bat finds (Chiroptera, Mammalia) of the archaeological excavations at the Lichtenstein cave near Osterode am H"
study_0746,"Capuzzo, G",1900,Bioarchaeology,0.352,Paleoclimatology,0.347,Archaeology,0.33,Southern Levant,0.215,Sinai,0.112,Egypt,0.099,Low,0.028,Medium,0.018,High,0.004,0.198,"Capuzzo, G.; López-Cachero, F.J. Capuzzo, Giacomo (56149976600); López-Cachero, F. Javier (26646711900) 56149976600; 26646711900 From burial to cremation in the northeast of Spain: chronology and soci"
study_0747,"Sideris, A",1857,Archaeology,0.455,Landscape Archaeology,0.381,Settlement Archaeology,0.363,Southern Levant,0.279,Sinai,0.226,Egypt,0.223,Medium,0.016,Low,-0.012,High,-0.026,0.25,"Sideris, A.; Liritzis, I.; Liss, B.; Howland, M.D.; Levy, T.E. Sideris, Athanasios (55943785900); Liritzis, Ioannis (7003918573); Liss, Brady (57192106466); Howland, Matthew D. (56257570500); Levy, Th"
study_0748,"Carver, G",1978,Stratigraphy,0.36,Paleoclimatology,0.357,Archaeology,0.339,Sinai,0.191,Egypt,0.141,Southern Levant,0.127,High,0.099,Medium,0.069,Low,0.059,0.217,"Carver, G.; Lang, M. Carver, Geoff (37661148000); Lang, Matthias (57197815259) 37661148000; 57197815259 No narrative so grand 2017 Sprawozdania Archeologiczne 69 9 31 0 10.23858/SA69.2017.001 https://"
study_0749,"Rupp, H",1977,Paleoclimatology,0.406,Paleography,0.377,Stratigraphy,0.345,Southern Levant,0.132,Sinai,0.035,Egypt,0.019,Low,0.014,High,0.008,Medium,-0.022,0.184,"Rupp, H. Rupp, Hildegard (57197770877) 57197770877 The Bronze Age bat fauna (Chiroptera, Mammalia) of the Lichtenstein Cave in the southern Harz as reflected in paleoecological reconstructions; Die br"
study_0750,"van de Velde, T",2017,Radiocarbon Chronology,0.375,Isotope Geochemistry,0.306,Paleoclimatology,0.221,Southern Levant,0.274,Sinai,0.169,Egypt,0.163,Low,-0.013,Medium,-0.015,High,-0.036,0.212,"van de Velde, T.; Magee, P.; Lynen, F. van de Velde, Tommie (17347465100); Magee, Peter (7102445718); Lynen, Frederic (7004872803) 17347465100; 7102445718; 7004872803 The Bitumen imports at Tell Abraq"
study_0752,"Töyräänvuori, J",1946,Epigraphy,0.34,Comparative Mythology,0.308,Bioarchaeology,0.304,Egypt,0.3,Sinai,0.292,Southern Levant,0.241,High,0.073,Medium,0.057,Low,0.049,0.238,"Töyräänvuori, J. Töyräänvuori, Joanna (57194698069) 57194698069 The symbol of the sea in monarchic legitimation in the world of the old testament; Merisymboliikka kuninkaan vallan oikeuttajana Vanhan "
study_0751,"Garavand, M",1956,Archaeology,0.396,Paleography,0.377,Landscape Archaeology,0.375,Southern Levant,0.316,Egypt,0.228,Sinai,0.134,Low,0.022,High,0.018,Medium,0.011,0.245,"Garavand, M.; Mirghaderi, M.A.; Niknami, K.A. Garavand, Morteza (57195608066); Mirghaderi, Mohammad Amin (57191091910); Niknami, Kamal Aldin (8955050800) 57195608066; 57191091910; 8955050800 Botkhane "
study_0754,"Peiper, A",1937,Epigraphy,0.299,Archaeology,0.28,Radiocarbon Chronology,0.276,Southern Levant,0.239,Sinai,0.232,Egypt,0.125,Medium,0.045,High,-0.004,Low,-0.022,0.194,"Peiper, A. Peiper, Adam (57193761468) 57193761468 Evidence for the sea peoples from biblical and later jewish writing from late antiquity 2017 Vetus Testamentum 67 2 264 272 0 10.1163/15685330-1234127"
study_0753,"Łaciak, D",1946,Ceramic Analysis,0.481,Artifact Typology,0.363,Archaeology,0.355,Egypt,0.139,Sinai,0.087,Southern Levant,0.063,High,0.026,Medium,0.006,Low,-0.019,0.215,"Łaciak, D. Łaciak, Dagmara (57194616925) 57194616925 Conventions of Arranging Decorated Space on Ceramic Surfaces in the Hallstatt Period -A Metrological and Experimental Approach 2017 Archaologisches"
study_0756,"Khudaverdyan, A",2016,Paleoclimatology,0.238,Isotope Geochemistry,0.22,Bioarchaeology,0.214,Southern Levant,0.02,Egypt,0.009,Sinai,-0.019,Medium,0.013,High,-0.005,Low,-0.017,0.09,"Khudaverdyan, A.Y. Khudaverdyan, Anahit Yu (39961631600) 39961631600 Trepanation in the Late Bronze Age and Early Iron Age in Armenia 2016 HOMO- Journal of Comparative Human Biology 67 6 447 461 0 10."
study_0755,"Gregoricka, L",1860,Anthropology,0.425,Cognitive Archaeology,0.381,Archaeology,0.348,Southern Levant,0.379,Sinai,0.118,Egypt,0.109,Medium,0.056,High,-0.016,Low,-0.021,0.287,"Gregoricka, L.A.; Sheridan, S.G. Gregoricka, Lesley A. (55342518600); Sheridan, Susan Guise (7006839996) 55342518600; 7006839996 Continuity or conquest? A multi-isotope approach to investigating ident"
study_0757,"Hauptmann, A",1988,Archaeology,0.396,Radiocarbon Chronology,0.356,Cognitive Archaeology,0.305,Egypt,0.081,Southern Levant,0.032,Sinai,-0.037,Low,-0.015,Medium,-0.018,High,-0.028,0.154,"Hauptmann, A.; Laschimke, R.; Burger, M. Hauptmann, Andreas (7005198867); Laschimke, Ralf (14421197700); Burger, Maria (14420944900) 7005198867; 14421197700; 14420944900 On the making of copper oxhide"
study_0758,"Artioli, G",2002,Isotope Geochemistry,0.489,Archaeology,0.455,Radiocarbon Chronology,0.424,Egypt,0.151,Southern Levant,0.14,Sinai,0.088,High,-0.03,Medium,-0.04,Low,-0.066,0.203,"Artioli, G.; Angelini, I.; Nimis, P.; Villa, I.M. Artioli, Gilberto (56582666300); Angelini, Ivana (8576557800); Nimis, Paolo (7006020025); Villa, Igor Maria (57225328451) 56582666300; 8576557800; 700"
study_0759,"Degryse, P",2016,Isotope Geochemistry,0.39,Artifact Typology,0.386,Radiocarbon Chronology,0.378,Egypt,0.039,Southern Levant,0.024,Sinai,-0.021,Low,-0.021,High,-0.036,Medium,-0.073,0.136,"Degryse, P.; Vanhaecke, F. Degryse, Patrick (6602705636); Vanhaecke, Frank F. (55157045000) 6602705636; 55157045000 Status and prospects for quasi-non-destructive analysis of ancient artefacts via LA-"
study_0760,"Rannamäe, E",1915,Bioarchaeology,0.291,Paleoclimatology,0.25,Zooarchaeology,0.243,Southern Levant,0.196,Egypt,0.167,Sinai,0.073,High,-0.032,Medium,-0.049,Low,-0.056,0.152,"Rannamäe, E.; Lõugas, L.; Speller, C.F.; Valk, H.; Maldre, L.; Wilczyński, J.; Mikhailov, A.; Saarma, U. Rannamäe, Eve (35173610300); Lõugas, Lembi (6507138364); Speller, Camilla F. (8637795100); Valk"
study_0761,"Higginbottom, G",2030,Archaeology,0.449,Landscape Archaeology,0.441,Settlement Archaeology,0.41,Egypt,0.154,Sinai,0.109,Southern Levant,0.085,High,0.042,Low,-0.0,Medium,-0.101,0.215,"Higginbottom, G.; Clay, R. Higginbottom, Gail (56740860900); Clay, Roger W. (57203057006) 56740860900; 57203057006 Origins of Standing Stone Astronomy in Britain: New quantitative techniques for the s"
study_0762,"Nykamp, M",2016,Stratigraphy,0.452,Paleoclimatology,0.437,Radiocarbon Chronology,0.415,Southern Levant,0.157,Egypt,0.09,Sinai,0.08,High,0.086,Low,0.032,Medium,0.019,0.232,"Nykamp, M.; Hoelzmann, P.; Heeb, B.S.; Szentmiklosi, A.; Schütt, B. Nykamp, Moritz (55760539300); Hoelzmann, Philipp (55982368700); Heeb, Bernhard S. (26038085100); Szentmiklosi, Alexandru (2603855140"
study_0764,"Kramer-Hajos, M",2016,Archaeology,0.415,Historical Geography,0.378,Landscape Archaeology,0.341,Southern Levant,0.262,Egypt,0.24,Sinai,0.201,Medium,0.112,High,0.041,Low,0.04,0.263,"Kramer-Hajos, M. Kramer-Hajos, Margaretha (26322588400) 26322588400 Mycenaean Greece and the Aegean world: Palace and province in the late Bronze Age 2016 1 218 0 https://www.scopus.com/inward/record."
study_0763,"Schumacher, M",1905,Paleoclimatology,0.316,Stratigraphy,0.3,Geoarchaeology,0.293,Southern Levant,0.134,Egypt,0.011,Sinai,-0.012,Medium,0.047,Low,0.027,High,0.016,0.165,"Schumacher, M.; Schier, W.; Schütt, B. Schumacher, Martin (56985227700); Schier, Wolfram (6701691905); Schütt, Brigitta (7006540076) 56985227700; 6701691905; 7006540076 Mid-Holocene vegetation develop"
study_0765,"Ferrara, S",2016,Archaeology,0.506,Epigraphy,0.448,Paleography,0.432,Egypt,0.206,Southern Levant,0.165,Sinai,0.133,Medium,0.073,High,0.017,Low,0.008,0.262,"Ferrara, S. Ferrara, Silvia (55893702600) 55893702600 Writing Away: Mobility and Versatility of Scribes at the End of the Bronze Age 2016 Oxford Journal of Archaeology 35 3 227 245 0 10.1111/ojoa.1208"
study_0766,"Skogstrand, L",1944,Comparative Mythology,0.274,Archaeology,0.247,Settlement Archaeology,0.217,Southern Levant,0.186,Egypt,0.098,Sinai,0.075,Medium,0.158,Low,0.061,High,0.039,0.206,"Skogstrand, L. Skogstrand, Lisbeth (36553194400) 36553194400 Warriors and other men: Notions of masculinity from the late bronze age to the early iron age in scandinavia 2016 1 183 0 10.2307/j.ctv1pzk"
study_0767,"Dress, A",2016,Cognitive Archaeology,0.264,Bioarchaeology,0.172,Comparative Mythology,0.168,Sinai,0.038,Egypt,-0.037,Southern Levant,-0.088,Medium,0.098,High,0.068,Low,0.053,0.133,"Dress, A.; Grünewald, S.; Zeng, Z. Dress, Andreas W.M. (23145163000); Grünewald, Stefan (56265416500); Zeng, Zhenbing (55908429000) 23145163000; 56265416500; 55908429000 A cognitive network for oracle"
study_0768,"Barceló Álvarez, J",1917,Radiocarbon Chronology,0.589,Paleoclimatology,0.318,Isotope Geochemistry,0.31,Southern Levant,0.121,Egypt,0.084,Sinai,0.067,High,0.069,Medium,0.012,Low,0.009,0.26,"Barceló Álvarez, J.A.; Capuzzo, G.; Morell Rovira, B.; Achino, K.F.; Lozano, A. Barceló Álvarez, Juan Antonio (36719178900); Capuzzo, Giacomo (56149976600); Morell Rovira, Berta (57193859138); Achino,"
study_0769,"Doerr, M",2004,Archaeology,0.504,Cognitive Archaeology,0.46,Settlement Archaeology,0.413,Southern Levant,0.217,Egypt,0.195,Sinai,0.187,Low,-0.07,Medium,-0.078,High,-0.08,0.217,"Doerr, M.; Theodoridou, M.; Aspöck, E.; Masur, A. Doerr, Martin (23396730500); Theodoridou, Maria M.T. (35273502500); Aspöck, Edeltraud (43260949500); Masur, Anja (56020041400) 23396730500; 3527350250"
study_0770,"Wang, Q",1924,Archaeology,0.423,Radiocarbon Chronology,0.413,Stratigraphy,0.391,Sinai,0.115,Southern Levant,0.072,Egypt,0.069,Medium,0.055,Low,0.029,High,0.004,0.198,"Wang, Q.; Strekopytov, S.; Roberts, B.W.; Wilkin, N. Wang, Quanyu (57215507968); Strekopytov, Stanislav V. (57192416051); Roberts, Benjamin W. (35091598300); Wilkin, Neil C.A. (57147669300) 5721550796"
study_0771,"Martínez Cortizas, A",1995,Radiocarbon Chronology,0.428,Isotope Geochemistry,0.319,Archaeology,0.258,Southern Levant,0.158,Egypt,0.097,Sinai,0.048,High,0.043,Low,0.018,Medium,-0.016,0.21,"Martínez Cortizas, A.; López-Merino, L.; Bindler, R.; Mighall, T.; Kylander, M.E. Martínez Cortizas, Antonio M. (58124359500); López-Merino, Lourdes (24773858000); Bindler, R. (6701492499); Mighall, T"
study_0772,"Casanova, M",1840,Archaeology,0.403,Geoarchaeology,0.355,Stratigraphy,0.332,Egypt,0.313,Southern Levant,0.294,Sinai,0.271,High,0.023,Medium,0.021,Low,0.013,0.247,"Casanova, M.; Lorre, C.; Alekberov, A.; Fahimi, H.; Sauvage, M.; Haze, M.; Vella, M.-A. Casanova, Michèle (57115841300); Lorre, Christine (16480310200); Alekberov, Abuzar (57116534600); Fahimi, Hamid "
study_0774,"Sabatini, S",2016,Archaeology,0.554,Settlement Archaeology,0.492,Landscape Archaeology,0.483,Southern Levant,0.247,Egypt,0.201,Sinai,0.169,Medium,0.057,Low,0.015,High,-0.027,0.286,"Sabatini, S. Sabatini, Serena (57038300500) 57038300500 Late bronze age oxhide and oxhide-like ingots from areas other than the mediterranean: Problems and challenges 2016 Oxford Journal of Archaeolog"
study_0773,"Dress, A",2016,Cognitive Archaeology,0.241,Bioarchaeology,0.139,Zooarchaeology,0.137,Sinai,0.025,Egypt,-0.042,Southern Levant,-0.122,Medium,0.077,High,0.042,Low,0.032,0.114,"Dress, A.; Grünewald, S.; Zeng, Z. Dress, Andreas W.M. (23145163000); Grünewald, Stefan (56265416500); Zeng, Zhenbing (55908429000) 23145163000; 56265416500; 55908429000 A cognitive network for oracle"
study_0775,"Touati, C",2016,Epigraphy,0.398,Philology,0.291,Stratigraphy,0.282,Egypt,0.379,Sinai,0.356,Southern Levant,0.204,High,0.231,Medium,0.085,Low,0.084,0.336,"Touati, C. Touati, Charlotte (26037780300) 26037780300 EFFiCACIOUS WRITING: THE INSCRIPTION OF THE ROSETTE ON THE HIGH PRIEST’s FOREHEAD AND THE EGYPTIAN RECEPTION OF EXODUS 28 2016 144 158 0 10.4324/"
study_0776,"Yon, M",2028,Paleography,0.355,Radiocarbon Chronology,0.348,Archaeology,0.343,Southern Levant,0.168,Egypt,0.121,Sinai,0.101,Medium,0.161,High,0.047,Low,0.04,0.228,"Yon, M. Yon, Marguerite (57224162028) 57224162028 Women’s daily lives in Late Bronze Age Ugarit (2nd millennium bce) 2016 453 464 0 10.4324/9781315621425-54 https://www.scopus.com/inward/record.uri?ei"
study_0777,"Kvamme, K",1933,Cognitive Archaeology,0.557,Landscape Archaeology,0.531,Archaeology,0.5,Southern Levant,0.12,Egypt,0.095,Sinai,0.033,High,-0.054,Low,-0.064,Medium,-0.075,0.208,"Kvamme, K. Kvamme, Kenneth L. (15019334000) 15019334000 An examination of automated archaeological feature recognition in remotely sensed imagery 2016 53 68 0 10.4324/9781315431932-9 https://www.scopu"
study_0778,"Baker, J",2016,Archaeology,0.48,Settlement Archaeology,0.441,Cognitive Archaeology,0.396,Egypt,0.105,Southern Levant,0.077,Sinai,0.051,Low,-0.008,High,-0.025,Medium,-0.026,0.192,"Baker, J.L. Baker, Jill L. (55469138900) 55469138900 The Funeral Kit: Mortuary Practices in the Archaeological Record 2016 1 229 0 10.4324/9781315418452 https://www.scopus.com/inward/record.uri?eid=2-"
study_0779,"Aiyzhy, E",2019,Geoarchaeology,0.329,Historical Geography,0.3,Bioarchaeology,0.3,Southern Levant,0.046,Egypt,0.042,Sinai,-0.024,Medium,0.014,Low,0.008,High,-0.036,0.13,"Aiyzhy, E.V.; Kovalevsky, S.A. Aiyzhy, Elena V. (57201987241); Kovalevsky, Sergey (57142539000) 57201987241; 57142539000 A review of literature on the formation of livestock farming in the west siberi"
study_0780,"Rupp, H",1977,Zooarchaeology,0.359,Bioarchaeology,0.33,Paleoclimatology,0.287,Southern Levant,0.114,Sinai,0.039,Egypt,0.023,High,0.004,Low,-0.016,Medium,-0.052,0.159,"Rupp, H. Rupp, Hildegard (57197770877) 57197770877 The bat fauna (Chiroptera, Mammalia) of the archaelogical site of the Lichtenstein Cave in Osterode am Harz; Die Fledermausfauna (Chiroptera, Mammali"
study_0781,"Pullen, D",2016,Archaeology,0.45,Settlement Archaeology,0.373,Cognitive Archaeology,0.347,Southern Levant,0.322,Egypt,0.294,Sinai,0.241,Medium,0.034,High,-0.005,Low,-0.009,0.269,"Pullen, D.J. Pullen, Daniel J. (35897475900) 35897475900 'There's no such thing as a free lunch’: Reciprocity in mycenaean political economies 2016 Journal of Mediterranean Archaeology 29 1 78 88 0 10"
study_0782,"Morris, S",2016,Archaeology,0.441,Settlement Archaeology,0.384,Cognitive Archaeology,0.358,Southern Levant,0.311,Sinai,0.27,Egypt,0.261,Medium,-0.01,High,-0.057,Low,-0.071,0.247,"Morris, S.P. Morris, Sarah P. (25224846900) 25224846900 Reciprocity: A response 2016 Journal of Mediterranean Archaeology 29 1 111 118 0 10.1558/JMEA.V29I1.31050 https://www.scopus.com/inward/record.u"
study_0783,"Gogâltan, F",2016,Archaeology,0.447,Landscape Archaeology,0.41,Paleoclimatology,0.381,Egypt,0.149,Southern Levant,0.11,Sinai,0.067,Low,0.003,Medium,-0.002,High,-0.011,0.2,"Gogâltan, F. Gogâltan, Florin (55865062100) 55865062100 Prehistoric amber artifacts at the eastern frontier of the carpathian basin; Chihlimbarul preistoric de la frontiera estica a bazinului carpatic"
study_0785,"Johannsen, J",1800,Archaeology,0.291,Isotope Geochemistry,0.269,Radiocarbon Chronology,0.263,Egypt,0.106,Sinai,0.066,Southern Levant,0.05,High,0.087,Low,0.071,Medium,0.06,0.161,"Johannsen, J.W. Johannsen, Jens Winther (59010701800) 59010701800 Heavy metal - Lead in bronze age scandinavia 2016 Fornvannen 111 3 153 161 0 https://www.scopus.com/inward/record.uri?eid=2-s2.0-85018"
study_0784,"Magnusson, R",1940,Bioarchaeology,0.377,Archaeology,0.363,Settlement Archaeology,0.348,Southern Levant,0.124,Sinai,0.122,Egypt,0.076,Medium,0.089,Low,0.058,High,0.032,0.197,"Magnusson, R. Magnusson, Reidar (57194086956) 57194086956 Trapezoid long houses during the late bronze age in the lake Mälaren area and Östergötland; Trapetsoida långhus under den yngre brons-åldern i"
study_0786,"Steiner, H",2014,Isotope Geochemistry,0.404,Paleoclimatology,0.403,Stratigraphy,0.393,Southern Levant,0.229,Egypt,0.092,Sinai,0.074,Low,0.017,High,0.013,Medium,-0.007,0.217,"Steiner, H.; Gietl, R.; Bezzi, A.; Naponiello, G.; Nicolussi, K.; Pichler, T. Steiner, Hubert (49862201400); Gietl, Rupert (57204722759); Bezzi, Alessandro (57204727326); Naponiello, Giuseppe (5720472"
study_0787,"Bietak, M",2099,Paleoclimatology,0.304,Archaeology,0.299,Geoarchaeology,0.298,Egypt,0.554,Sinai,0.411,Southern Levant,0.356,High,0.086,Medium,0.076,Low,0.034,0.315,"Bietak, M. Bietak, Manfred (36620997100) 36620997100 The Egyptian community in avaris during the hyksos period 2016 Agypten und Levante 26 263 274 0 10.1553/AEundL26s263 https://www.scopus.com/inward/"
study_0788,"Pernicka, E",2016,Isotope Geochemistry,0.366,Radiocarbon Chronology,0.361,Archaeology,0.341,Egypt,0.147,Southern Levant,0.107,Sinai,0.059,High,0.005,Low,-0.002,Medium,-0.008,0.173,"Pernicka, E.; Lutz, J.; Stöllner, T. Pernicka, Ernst (7003411364); Lutz, Joachim (36696496800); Stöllner, Thomas R. (26038812500) 7003411364; 36696496800; 26038812500 Bronze age copper produced at Mit"
study_0789,"Pernicka, E",1932,Isotope Geochemistry,0.502,Radiocarbon Chronology,0.392,Archaeology,0.357,Egypt,0.135,Southern Levant,0.089,Sinai,0.088,High,0.044,Low,0.011,Medium,-0.009,0.227,"Pernicka, E.; Nessel, B.; Mehofer, M.; Safta, E. Pernicka, Ernst (7003411364); Nessel, Bianka (57193213297); Mehofer, Mathias (35092874300); Safta, Elvira (57193208260) 7003411364; 57193213297; 350928"
study_0790,"Gavranović, M",1903,Archaeology,0.396,Paleoclimatology,0.377,Isotope Geochemistry,0.369,Southern Levant,0.195,Egypt,0.173,Sinai,0.078,Medium,0.021,Low,0.001,High,-0.012,0.204,"Gavranović, M.; Mehofer, M.; Jašarević, A.; Sejfuli, A. Gavranović, Mario (42161321600); Mehofer, Mathias (35092874300); Jašarević, Aleksandar (57190341317); Sejfuli, Ajla (57193213930) 42161321600; 3"
study_0791,"Masalha, P",2016,Historical Geography,0.295,Archaeology,0.245,Paleography,0.239,Southern Levant,0.378,Sinai,0.288,Egypt,0.225,High,0.007,Medium,-0.011,Low,-0.017,0.226,"Masalha, P.N. Masalha, Nur Eldeen (6507416245) 6507416245 The concept of palestine: The conception of palestine from the late bronze age to the modern period 2016 Journal of Holy Land and Palestine St"
study_0792,"Hudáková, E",1927,Paleoclimatology,0.318,Epigraphy,0.296,Paleography,0.284,Southern Levant,0.266,Egypt,0.215,Sinai,0.123,Medium,0.066,High,0.053,Low,-0.015,0.217,"Hudáková, E.; Hudec, J. Hudáková, Eubica (57192713285); Hudec, Jozef (37161323500) 57192713285; 37161323500 Fragment of a ramesside stela from tell el-retaba 2016 Asian and African Studies 25 2 163 17"
study_0793,"Voutsaki, S",2016,Archaeology,0.447,Landscape Archaeology,0.351,Settlement Archaeology,0.344,Southern Levant,0.268,Sinai,0.266,Egypt,0.241,Medium,0.044,Low,-0.019,High,-0.02,0.253,"Voutsaki, S. Voutsaki, Sofia (24504594200) 24504594200 From reciprocity to centricity: The Middle Bronze Age in the Greek Mainland 2016 Journal of Mediterranean Archaeology 29 1 70 78 0 10.1558/JMEA.V"
study_0794,"Lang, V",2016,Archaeology,0.451,Settlement Archaeology,0.438,Historical Geography,0.388,Southern Levant,0.188,Egypt,0.143,Sinai,0.106,Low,0.023,Medium,0.014,High,-0.004,0.221,"Lang, V. Lang, Valter (7006609265) 7006609265 Early finnic-baltic contacts as evidenced by archaeological and linguistic data 2016 Eesti ja Soome-Ugri Keeleteaduse Ajakiri 7 1 11 38 0 10.12697/jeful.2"
study_0795,"Bryce, T",2016,Landscape Archaeology,0.361,Geoarchaeology,0.346,Settlement Archaeology,0.332,Southern Levant,0.224,Egypt,0.187,Sinai,0.096,High,0.182,Low,0.09,Medium,0.05,0.256,"Bryce, T. Bryce, Trevor R. (55897698500) 55897698500 The land of Hiyawa (Que) revisited 2016 Anatolian Studies 66 67 79 0 10.1017/S0066154616000053 https://www.scopus.com/inward/record.uri?eid=2-s2.0-"
study_0796,"Carter, T",1896,Archaeology,0.439,Landscape Archaeology,0.387,Cognitive Archaeology,0.357,Southern Levant,0.167,Egypt,0.153,Sinai,0.089,Medium,0.052,High,0.038,Low,0.034,0.219,"Carter, T.; Contreras, D.A.; Campeau, K.; Freund, K. Carter, Tristan (21233354300); Contreras, Daniel A. (25926362200); Campeau, Kathryn (57189659479); Freund, Kyle P. (55327066900) 21233354300; 25926"
study_0797,"Galaty, M",1963,Archaeology,0.422,Cognitive Archaeology,0.394,Anthropology,0.334,Southern Levant,0.306,Egypt,0.289,Sinai,0.165,Medium,0.033,High,0.021,Low,-0.024,0.254,"Galaty, M.L.; Nakassis, D.; Parkinson, W.A. Galaty, Michael L. (6507932152); Nakassis, Dimitri (14630886300); Parkinson, William A. (35789196300) 6507932152; 14630886300; 35789196300 Discussion and de"
study_0798,"Zubarev, V",2000,Archaeology,0.399,Landscape Archaeology,0.392,Bioarchaeology,0.379,Southern Levant,0.22,Egypt,0.2,Sinai,0.161,High,0.03,Low,-0.039,Medium,-0.04,0.217,"Zubarev, V.G.; Smekalov, S.L.; Yartsev, S.V. Zubarev, Viktor Gennadievich (56708267000); Smekalov, Sergey (8607072000); Yartsev, Sergey Vladimirovich (56177603900) 56708267000; 8607072000; 56177603900"
study_0799,"Faust, A",2015,Archaeology,0.381,Settlement Archaeology,0.324,Cognitive Archaeology,0.318,Southern Levant,0.325,Sinai,0.245,Egypt,0.226,High,0.004,Medium,-0.01,Low,-0.053,0.237,"Faust, A. Faust, Avraham (16549830600) 16549830600 The Emergence of Israel and Theories of Ethnogenesis 2015 152 173 0 10.1002/9781118774199.ch9 https://www.scopus.com/inward/record.uri?eid=2-s2.0-849"
study_0800,"Štrmelj, D",2015,Archaeology,0.464,Landscape Archaeology,0.402,Stratigraphy,0.387,Southern Levant,0.279,Egypt,0.274,Sinai,0.251,High,0.065,Low,0.023,Medium,-0.025,0.269,"Štrmelj, D. Štrmelj, David (57003430200) 57003430200 Was there an antique observation post on the Šćah Hill?; Je li se na brdu Šćah nalazila antička osmatračnica? 2015 Radovi Zavoda za Povijesne Znano"
study_0802,"Gafincu, A",2015,Settlement Archaeology,0.421,Archaeology,0.394,Landscape Archaeology,0.392,Southern Levant,0.188,Egypt,0.17,Sinai,0.112,Medium,0.054,High,0.017,Low,0.012,0.221,"Gafincu, A. Gafincu, Alexandru (56974344700) 56974344700 Some thoughts on settlement patterns. Late Bronze Age habitat in the Somuzul Mare basin 2015 Studia Antiqua et Archaeologica 21 1 9 24 0 10.477"
study_0801,"Sass, B",2014,Epigraphy,0.366,Paleography,0.324,Paleoclimatology,0.305,Sinai,0.169,Southern Levant,0.15,Egypt,0.139,High,0.036,Low,-0.011,Medium,-0.011,0.19,"Sass, B.; Garfinkel, Y.; Hasel, M.G.; Klingbeil, M.G. Sass, Benjamin (55837282800); Garfinkel, Yosef (12766370200); Hasel, Michael G. (26648447600); Klingbeil, Martin G. (55925796600) 55837282800; 127"
study_0803,"Nadel, D",1983,Paleoclimatology,0.269,Bioarchaeology,0.257,Volcanology,0.231,Sinai,0.261,Southern Levant,0.242,Egypt,0.172,High,0.109,Low,0.057,Medium,0.027,0.213,"Nadel, D.; Bar-Oz, B.-O.; Malkinson, D.; Spivak, P.; Langgut, D.; Porat, N.; Khechoyan, A.; Nachmias, A.; Crater-Gershtein, E.; Katinaa, A.; Bermatov-Paz, G.; Nahapetyan, S.; Gasparyan, B. Nadel, Dani"
study_0804,"Sandias, M",2015,Archaeology,0.485,Paleography,0.414,Settlement Archaeology,0.399,Southern Levant,0.165,Egypt,0.124,Sinai,0.081,Medium,0.048,Low,0.014,High,0.003,0.233,"Sandias, M.; Müldner, G. Sandias, Michela (56798646100); Müldner, Gundula (16246011500) 56798646100; 16246011500 Diet and herding strategies in a changing environment: Stable isotope analysis of Bronz"
study_0805,"Blanco-González, A",1865,Archaeology,0.461,Settlement Archaeology,0.421,Ceramic Analysis,0.421,Southern Levant,0.2,Egypt,0.098,Sinai,0.047,Medium,0.043,Low,0.003,High,-0.009,0.235,"Blanco-González, A. Blanco-González, Antonio (55321865700) 55321865700 Past fragments: From ceramics to social practices in later prehistoric Iberia 2015 Journal of Social Archaeology 15 3 342 365 0 1"
study_0806,"Santi, P",2015,Volcanology,0.429,Isotope Geochemistry,0.361,Landscape Archaeology,0.353,Southern Levant,0.262,Egypt,0.245,Sinai,0.235,Medium,-0.0,Low,-0.052,High,-0.054,0.23,"Santi, P.; Renzulli, A.; Bell, M. Santi, Patrizia (35861602200); Renzulli, Alberto (7005454847); Bell, Malcolm (56463436100) 35861602200; 7005454847; 56463436100 The volcanic millstones from the archa"
study_0807,"Degryse, P",2012,Epigraphy,0.416,Paleography,0.289,Landscape Archaeology,0.258,Southern Levant,0.206,Sinai,0.13,Egypt,0.072,Low,0.124,High,0.11,Medium,0.086,0.249,"Degryse, P.; Lobo, L.; Shortland, A.; Vanhaecke, F.; Blomme, A.; Painter, J.; Gimeno, D.; Eremin, K.; Greene, J.; Kirk, S.; Walton, M. Degryse, Patrick (6602705636); Lobo, Lara (24721744800); Shortlan"
study_0808,"Tõrv, M",2015,Radiocarbon Chronology,0.452,Isotope Geochemistry,0.442,Settlement Archaeology,0.341,Southern Levant,0.099,Sinai,0.045,Egypt,0.012,Low,0.021,High,-0.008,Medium,-0.021,0.191,"Tõrv, M.; Meadows, J. Tõrv, Mari (56866362200); Meadows, John (35951127700) 56866362200; 35951127700 Radiocarbon dates and stable isotope data from the early bronze age burials in riigiküla i and Kivi"
study_0809,"Marchenko, Z",1889,Isotope Geochemistry,0.317,Epigraphy,0.3,Paleoclimatology,0.288,Sinai,0.207,Southern Levant,0.191,Egypt,0.153,High,0.056,Low,0.053,Medium,0.021,0.193,"Marchenko, Z.V.; Orlova, L.A.; Panov, V.S.; Zubova, A.V.; Molodin, V.I.; Pozdnyakova, O.A.; Grishin, A.E.; Uslamin, E.A. Marchenko, Z. V. (55595740600); Orlova, Lyobov A. (35917863100); Panov, V. S. ("
study_0811,"Lovschal, M",2015,Landscape Archaeology,0.596,Settlement Archaeology,0.495,Archaeology,0.483,Southern Levant,0.254,Sinai,0.218,Egypt,0.172,Low,0.012,High,0.0,Medium,-0.07,0.288,"Lovschal, M. Lovschal, Mette (56422524500) 56422524500 Lines of Landscape Organization: Skovbjerg Moraine (Denmark) in the First Millennium BC 2015 Oxford Journal of Archaeology 34 3 259 278 0 10.1111"
study_0810,"Dean, J",1864,Paleoclimatology,0.315,Radiocarbon Chronology,0.299,Geoarchaeology,0.29,Southern Levant,0.306,Sinai,0.296,Egypt,0.262,Medium,0.001,High,-0.022,Low,-0.034,0.207,"Dean, J.R.; Jones, M.D.; Leng, M.J.; Noble, S.R.; Metcalfe, S.E.; Sloane, H.J.; Sahy, D.; Eastwood, W.J.; Roberts, C.N. Dean, Jonathan R. (55326960800); Jones, Matthew D. (55323514200); Leng, Melanie "
study_0812,"Woudhuizen, F",2015,Paleography,0.372,Archaeology,0.369,Stratigraphy,0.367,Egypt,0.267,Southern Levant,0.163,Sinai,0.124,Medium,0.104,High,0.103,Low,0.083,0.248,"Woudhuizen, F.C. Woudhuizen, Fred C. (36473938900) 36473938900 The geography of the Hittite Empire and the distribution of Luwian hieroglyphic seals 2015 Klio 97 1 7 31 0 10.1515/klio-2015-0001 https:"
study_0814,"Ajami, M",2015,Archaeology,0.47,Settlement Archaeology,0.424,Landscape Archaeology,0.413,Southern Levant,0.401,Egypt,0.295,Sinai,0.288,Medium,0.053,High,0.036,Low,0.032,0.308,"Ajami, M.; ‘Ad, U. Ajami, Moshe (56979164300); ‘Ad, Uzi (52963156200) 56979164300; 52963156200 Yavne-yam (north): An agricultural area and cemeteries from the middle and late bronze ages, and the pers"
study_0813,"Gailledrat, E",2015,Archaeology,0.378,Landscape Archaeology,0.35,Settlement Archaeology,0.348,Southern Levant,0.375,Sinai,0.252,Egypt,0.227,Medium,0.1,Low,0.009,High,-0.017,0.284,"Gailledrat, E. Gailledrat, Éric (35748507700) 35748507700 New perspectives on Emporia in the western Mediterranean: Greeks, Etruscans and native populations at the mouth of the Lez (Hérault, France) d"
study_0815,"Wegner, J",2015,Archaeology,0.519,Cognitive Archaeology,0.457,Landscape Archaeology,0.384,Egypt,0.479,Sinai,0.343,Southern Levant,0.312,High,0.013,Low,0.004,Medium,-0.006,0.337,"Wegner, J. Wegner, Josef W. (39763859500) 39763859500 A royal necropolis at South Abydos: New light on Egypt's Second Intermediate Period 2015 Near Eastern Archaeology 78 2 68 78 0 10.5615/neareastarc"
study_0816,"Ledger, P",2015,Settlement Archaeology,0.524,Archaeology,0.472,Paleography,0.444,Southern Levant,0.199,Egypt,0.14,Sinai,0.078,Low,0.016,Medium,0.001,High,-0.0,0.247,"Ledger, P.M.; Miras, Y.; Poux, M.; Milcent, P.Y. Ledger, Paul Michael (55536785300); Miras, Yannick (6506811712); Poux, Matthieu (56647936300); Milcent, Pierre Yves (56648142100) 55536785300; 65068117"
study_0817,"Leighton, R",1811,Archaeology,0.518,Settlement Archaeology,0.441,Landscape Archaeology,0.432,Sinai,0.241,Southern Levant,0.208,Egypt,0.192,Low,-0.001,High,-0.004,Medium,-0.005,0.253,"Leighton, R. Leighton, Robert (10041811200) 10041811200 Rock-cut tombs and funerary landscapes of the Late Bronze and Iron Ages in Sicily: New fieldwork at Pantalica 2015 Journal of Field Archaeology "
study_0819,"Woodard, R",2015,Digital Humanities,0.348,Comparative Literature,0.34,Linguistics,0.305,Sinai,0.078,Southern Levant,0.043,Egypt,0.034,Medium,0.167,Low,0.079,High,0.07,0.198,"Woodard, R.D. Woodard, Roger D. (55894291500) 55894291500 Writing Systems 2015 773 779 0 10.1016/B978-0-08-097086-8.52027-3 https://www.scopus.com/inward/record.uri?eid=2-s2.0-85043421882&doi=10.1016%"
study_0818,"Rehren, T",2026,Archaeology,0.382,Cognitive Archaeology,0.316,Landscape Archaeology,0.312,Egypt,0.323,Sinai,0.305,Southern Levant,0.281,High,0.036,Low,-0.027,Medium,-0.076,0.247,"Rehren, T.; Freestone, I.C. Rehren, Thilo H. (57202699283); Freestone, Ian C. (6603120018) 57202699283; 6603120018 Ancient glass: From kaleidoscope to crystal ball 2015 Journal of Archaeological Scien"
study_0820,"Molodin, V",1804,Archaeology,0.449,Paleoclimatology,0.374,Settlement Archaeology,0.373,Egypt,0.185,Southern Levant,0.156,Sinai,0.118,Medium,-0.009,Low,-0.028,High,-0.043,0.209,"Molodin, V.I.; Mylnikova, L.N.; Garkusha, Y.N.; Selin, D.V. Molodin, V. I. (6506558021); Mylnikova, Lyudmila N. (11239899900); Garkusha, Yuriy N. (18041753300); Selin, D. V. (56676168000) 6506558021; "
study_0821,"Ferrater, M",2037,Geoarchaeology,0.469,Stratigraphy,0.452,Paleoclimatology,0.442,Southern Levant,0.208,Egypt,0.146,Sinai,0.132,Low,0.007,High,0.004,Medium,-0.004,0.228,"Ferrater, M.; Silva, P.G.; Ortuño, M.; Rodríguez-Pascua, M.A.; Masana, E. Ferrater, Marta (56520376000); Silva, P. G. (7203089206); Ortuño, Maria (24169284700); Rodríguez-Pascua, Miguel Ángel (6602824"
study_0823,"Middleton, G",1800,Archaeology,0.495,Settlement Archaeology,0.44,Cognitive Archaeology,0.397,Southern Levant,0.192,Sinai,0.163,Egypt,0.121,Medium,0.015,High,0.013,Low,-0.002,0.234,"Middleton, G.D. Middleton, Guy D. (54886511800) 54886511800 Telling stories: The mycenaean origins of the philistines 2015 Oxford Journal of Archaeology 34 1 45 65 0 10.1111/ojoa.12048 https://www.sco"
study_0822,"Henderson, J",2015,Radiocarbon Chronology,0.399,Archaeology,0.385,Paleoclimatology,0.381,Egypt,0.139,Sinai,0.112,Southern Levant,0.111,Medium,0.011,High,-0.008,Low,-0.018,0.183,"Henderson, J.; Evans, J.; Bellintani, P.; Bietti-Sestieri, A.-M. Henderson, Julian (7402927430); Evans, Jane A. (7407665225); Bellintani, Paolo (8576557700); Bietti-Sestieri, Anna Maria (56473571500) "
study_0825,"Assmann, J",2015,Cultural Memory,0.396,Cognitive Archaeology,0.297,Paleoclimatology,0.225,Sinai,0.265,Egypt,0.206,Southern Levant,0.174,Medium,0.041,High,0.039,Low,0.023,0.234,"Assmann, J. Assmann, Jan (6602861245) 6602861245 Exodus and Memory 2015 Palgrave Macmillan Memory Studies 115 133 0 10.1057/9781137470188_7 https://www.scopus.com/inward/record.uri?eid=2-s2.0-85120565"
study_0824,"Tafuri, M",2005,Isotope Geochemistry,0.358,Paleoclimatology,0.337,Radiocarbon Chronology,0.32,Egypt,0.159,Sinai,0.133,Southern Levant,0.119,Medium,0.04,High,0.012,Low,-0.011,0.186,"Tafuri, M.A.; Rottoli, M.; Cupitò, M.; Pulcini, M.L.; Tasca, G.; Carrara, N.; Bonfanti, F.; Canci, A. Tafuri, Mary Anne (14322583700); Rottoli, Mauro (23136013000); Cupitò, Michele (51664574900); Pulc"
study_0826,"Jennings, B",2015,Ceramic Analysis,0.466,Archaeology,0.431,Settlement Archaeology,0.399,Southern Levant,0.159,Egypt,0.155,Sinai,0.122,Medium,0.03,Low,0.003,High,-0.016,0.219,"Jennings, B.R. Jennings, Benjamin R. (56106432600) 56106432600 Ceramics as indicators of late bronze age environments at Zürich-Alpenquai (Switzerland) 2015 Open Archaeology 1 1 208 224 0 10.1515/opar"
study_0827,"Ferrara, S",2015,Archaeology,0.41,Artifact Typology,0.388,Ceramic Analysis,0.379,Egypt,0.18,Sinai,0.098,Southern Levant,0.074,Medium,0.074,Low,0.059,High,0.05,0.222,"Ferrara, S. Ferrara, Silvia (55893702600) 55893702600 The Royal and the Layman? Possible onomastics on late bronze age clay balls 2015 2015-January 1 105 115 0 https://www.scopus.com/inward/record.uri"
study_0829,"Baretz, J",2015,Historical Geography,0.299,Archaeology,0.282,Philology,0.266,Sinai,0.405,Southern Levant,0.395,Egypt,0.288,Low,0.075,High,0.053,Medium,0.015,0.26,"Baretz, J. Baretz, Julie (57015667800) 57015667800 The bible on location off the beaten path in ancient and modern Israel 2015 1 344 0 https://www.scopus.com/inward/record.uri?eid=2-s2.0-84950980595&p"
study_0828,"Conte, S",1844,Isotope Geochemistry,0.344,Paleoclimatology,0.319,Radiocarbon Chronology,0.294,Southern Levant,0.186,Sinai,0.094,Egypt,0.091,Low,0.036,Medium,0.025,High,0.024,0.189,"Conte, S.; Matarese, I.; Quartieri, S.; Arletti, R.; Jung, R.; Pacciarelli, M.; Gratuze, B. Conte, Sonia (36627051000); Matarese, Ilaria (57184407600); Quartieri, S. (56231974900); Arletti, R. (127943"
study_0830,"Asscher, Y",2028,Radiocarbon Chronology,0.464,Archaeology,0.362,Paleography,0.342,Southern Levant,0.179,Sinai,0.118,Egypt,0.088,Medium,0.04,High,0.033,Low,0.011,0.228,"Asscher, Y.; Cabanes, D.; Hitchcock, L.A.; MAEIR, A.M.; Weiner, S.; Boaretto, E. Asscher, Yotam (50760995000); Cabanes, Dan (12772850500); Hitchcock, Louise A. (36554254900); MAEIR, Aren M. (829142270"
study_0831,"Roosevelt, C",2015,Landscape Archaeology,0.476,Geoarchaeology,0.42,Archaeology,0.403,Sinai,0.26,Egypt,0.238,Southern Levant,0.224,High,0.023,Low,-0.008,Medium,-0.017,0.253,"Roosevelt, C.H. Roosevelt, Christopher H. (24781171400) 24781171400 Mapping site-level microtopography with Real- Time Kinematic Global Navigation Satellite Systems (RTK GNSS) and Unmanned Aerial Vehi"
study_0832,"Montero-Ruiz, I",2041,Isotope Geochemistry,0.481,Radiocarbon Chronology,0.423,Stratigraphy,0.361,Southern Levant,0.136,Sinai,0.022,Egypt,0.006,High,0.063,Low,0.039,Medium,0.027,0.227,"Montero-Ruiz, I.; Gallart, J.; García-Vuelta, O.; Martínez-Navarrete, M.I. Montero-Ruiz, Ignacio (25621603800); Gallart, Josep (56566336300); García-Vuelta, Óscar (6504820418); Martínez-Navarrete, M. "
study_0833,"Asscher, Y",2028,Radiocarbon Chronology,0.596,Isotope Geochemistry,0.426,Archaeology,0.403,Southern Levant,0.319,Sinai,0.166,Egypt,0.154,Medium,0.015,High,-0.0,Low,-0.014,0.31,"Asscher, Y.; Lehmann, G.; Rosen, S.A.; Weiner, S.; Boaretto, E. Asscher, Yotam (50760995000); Lehmann, Gunnar (56105976700); Rosen, Steven A. (8244558100); Weiner, Steve (7202825902); Boaretto, Elisab"
study_0835,"Liu, S",1933,Radiocarbon Chronology,0.361,Archaeology,0.349,Isotope Geochemistry,0.304,Egypt,0.193,Southern Levant,0.184,Sinai,0.14,Medium,0.002,High,-0.023,Low,-0.031,0.186,"Liu, S.; Rehren, T.; Pernicka, E.; Hausleiter, A. Liu, Siran (56451933000); Rehren, Thilo H. (57202699283); Pernicka, Ernst (7003411364); Hausleiter, Arnulf (15623235800) 56451933000; 57202699283; 700"
study_0834,"van Strydonck, M",2015,Radiocarbon Chronology,0.365,Archaeology,0.339,Stratigraphy,0.321,Southern Levant,0.225,Sinai,0.14,Egypt,0.039,High,0.02,Low,-0.022,Medium,-0.033,0.203,"van Strydonck, M.; Hayen, R.; Boudin, M.; van den Brande, T.; Burguera, M.S.; Ramis, D.; Borms, H.; De Mulder, G. van Strydonck, Mark J.Y. (56039337800); Hayen, Roald (54401049000); Boudin, Mathieu (2"
study_0836,"Bergadà, M",2015,Archaeology,0.36,Paleoclimatology,0.337,Isotope Geochemistry,0.335,Sinai,0.215,Southern Levant,0.208,Egypt,0.199,Low,-0.007,High,-0.01,Medium,-0.02,0.189,"Bergadà, M.M.; Poch, R.M.; Cervelló, J.M. Bergadà, M. Mercè (8116637300); Poch, Rosa M. (6603600661); Cervelló, Josep Ma (8116637400) 8116637300; 6603600661; 8116637400 On the presence of gypsum in th"
study_0837,"Valeva, J",2015,Epigraphy,0.388,Artifact Typology,0.316,Stratigraphy,0.303,Southern Levant,0.086,Egypt,0.074,Sinai,0.028,Medium,0.127,Low,0.092,High,0.082,0.2,"Valeva, J. Valeva, Julia (56979277900) 56979277900 Gold, Silver, and Bronze Vessels 2015 197 211 0 10.1002/9781118878248.ch14 https://www.scopus.com/inward/record.uri?eid=2-s2.0-105007376902&doi=10.10"
study_0838,"Hess, M",2000,Archaeology,0.464,Cognitive Archaeology,0.411,Landscape Archaeology,0.394,Southern Levant,0.128,Sinai,0.085,Egypt,0.084,Medium,0.014,High,-0.029,Low,-0.03,0.202,"Hess, M.S. Hess, Marina Sarah (56453912000) 56453912000 Archaelogical research on childhood using the example of the late Bronze Age. Possibilities of research on the prehistoric child with special re"
study_0839,"Malyshev, A",2014,Geoarchaeology,0.524,Paleoclimatology,0.51,Bioarchaeology,0.501,Southern Levant,0.274,Egypt,0.232,Sinai,0.166,Low,0.024,Medium,0.011,High,0.006,0.274,"Malyshev, A.A.; Golyeva, A.A.; Spiridonova, E.A.; Aleshinskaya, A.S.; Kochanova, M.D. Malyshev, A. A. (56732608100); Golyeva, Alexandra A. (15746401000); Spiridonova, Elena A. (6603687326); Aleshinska"
study_0840,"Hess, M",2000,Archaeology,0.476,Cognitive Archaeology,0.413,Landscape Archaeology,0.403,Southern Levant,0.126,Sinai,0.079,Egypt,0.079,Medium,-0.013,High,-0.037,Low,-0.04,0.196,"Hess, M.S. Hess, Marina Sarah (56453912000) 56453912000 Archaeological researches on childhood using the example of the Late Bronze Age. Possibilities of research on the prehistoric child, taking part"
study_0841,"Przybyła, M",1887,Archaeology,0.387,Isotope Geochemistry,0.374,Settlement Archaeology,0.37,Southern Levant,0.198,Egypt,0.158,Sinai,0.099,Medium,0.027,Low,-0.017,High,-0.048,0.204,"Przybyła, M.M.; Skoneczna, M. Przybyła, Marcin M. (57188711889); Skoneczna, Magdalena (36926270700) 57188711889; 36926270700 The bronze age settlement in Maszkowice (Western Carpathians) - Analyses an"
study_0843,"Wardle, K",2014,Radiocarbon Chronology,0.587,Isotope Geochemistry,0.395,Archaeology,0.362,Sinai,0.184,Egypt,0.149,Southern Levant,0.148,High,-0.009,Medium,-0.02,Low,-0.025,0.254,"Wardle, K.; Higham, T.; Kromer, B. Wardle, Kenneth A. (6701466742); Higham, Thomas F.G. (7003799879); Kromer, Bernd (7004382933) 6701466742; 7003799879; 7004382933 Dating the end of the Greek Bronze A"
study_0842,"Zhuang, Y",1810,Archaeology,0.464,Cognitive Archaeology,0.438,Settlement Archaeology,0.415,Southern Levant,0.126,Egypt,0.115,Sinai,0.072,Medium,-0.022,High,-0.029,Low,-0.087,0.19,"Zhuang, Y.; Kidder, T.R. Zhuang, Yijie (55618106900); Kidder, Tristram R. (6701827843) 55618106900; 6701827843 Archaeology of the Anthropocene in the Yellow River region, China, 8000–2000 cal. BP 2014"
study_0844,"Molodin, V",2014,Archaeology,0.51,Settlement Archaeology,0.44,Paleography,0.415,Egypt,0.185,Southern Levant,0.178,Sinai,0.141,Medium,0.016,Low,0.0,High,-0.033,0.237,"Molodin, V.I.; Mylnikova, L.N.; Selin, D.V.; Neskorov, A.V. Molodin, V. I. (6506558021); Mylnikova, Lyudmila N. (11239899900); Selin, D. V. (56676168000); Neskorov, A. V. (36661016600) 6506558021; 112"
study_0845,"Kreiter, A",1830,Archaeology,0.454,Radiocarbon Chronology,0.389,Cognitive Archaeology,0.368,Egypt,0.124,Southern Levant,0.119,Sinai,0.081,High,0.034,Medium,0.023,Low,0.007,0.204,"Kreiter, A.; Czifra, S.; Bendõ, Z.; Egri Imre, J.; Pánczél, P.; Váczi, G. Kreiter, Attila (55177118300); Czifra, Szabolcs (55177048700); Bendõ, Zsolt (10041394300); Egri Imre, Jánosné (56362952400); P"
study_0847,"West, A",2014,Archaeology,0.441,Landscape Archaeology,0.417,Settlement Archaeology,0.403,Egypt,0.091,Southern Levant,0.091,Sinai,0.083,Medium,0.164,Low,0.094,High,0.083,0.232,"West, A. West, Alan (57252355400) 57252355400 A late bronze age hoard from feltwell 2014 11 25 0 10.2307/j.ctvqc6j85.9 https://www.scopus.com/inward/record.uri?eid=2-s2.0-85114579012&doi=10.2307%2Fj.c"
study_0846,"Angelini, P",2055,Archaeology,0.33,Settlement Archaeology,0.314,Landscape Archaeology,0.308,Southern Levant,0.176,Egypt,0.167,Sinai,0.156,High,0.059,Low,0.008,Medium,-0.067,0.188,"Angelini, P.; de Angelis, M.C.; Guerzoni, R.P.; Gigante, D.; Rubini, A.; Properzi, A.; Venanzoni, R. Angelini, P. (8700374500); de Angelis, M. C. (56020558300); Guerzoni, R. P. (56020734000); Gigante,"
study_0849,"Batanina, N",2014,Archaeology,0.419,Paleography,0.382,Cognitive Archaeology,0.362,Southern Levant,0.107,Egypt,0.089,Sinai,0.07,Medium,0.031,Low,0.011,High,0.009,0.186,"Batanina, N.S.; Hanks, B.K. Batanina, Natal'ya S. (56649928000); Hanks, Bryan Kent (16642635700) 56649928000; 16642635700 Soviet period air photography and archaeology of the bronze age in the souther"
study_0848,"Moreno, P",1878,Geoarchaeology,0.386,Radiocarbon Chronology,0.367,Stratigraphy,0.358,Southern Levant,0.333,Sinai,0.109,Egypt,0.072,Low,0.047,Medium,0.034,High,0.026,0.256,"Moreno, P.I.; Vilanova, I.; Villa-Martínez, R.; Garreaud, R.D.; Rojas, M.; De Pol-Holz, R. Moreno, Patricio I. (7102549640); Vilanova, Isabel (12795384400); Villa-Martínez, Rodrigo P. (15081878400); G"
study_0850,"Renson, V",1910,Isotope Geochemistry,0.371,Radiocarbon Chronology,0.315,Stratigraphy,0.224,Sinai,0.118,Southern Levant,0.063,Egypt,0.05,High,0.011,Low,-0.014,Medium,-0.055,0.167,"Renson, V.; Ben-Shlomo, D.; Coenaerts, J.; Charbit-Nataf, K.; Samaes, M.; Mattielli, N.; Nys, K.; Claeys, P. Renson, Virginie (23398709500); Ben-Shlomo, David (23026826800); Coenaerts, Jan (3673077250"
study_0851,"Paul, S",1928,Settlement Archaeology,0.572,Landscape Archaeology,0.536,Archaeology,0.535,Southern Levant,0.139,Egypt,0.091,Sinai,0.073,Medium,0.031,High,-0.012,Low,-0.044,0.247,"Paul, S.; Hunt, J. Paul, Samantha (57232272800); Hunt, John (57192883834) 57232272800; 57192883834 Evolution of a community: The colonisation of a clay inland landscape: Neolithic to post-medieval rem"
study_0852,"Peters, S",2014,Archaeology,0.392,Landscape Archaeology,0.378,Settlement Archaeology,0.359,Southern Levant,0.166,Sinai,0.123,Egypt,0.107,High,-0.004,Low,-0.016,Medium,-0.033,0.185,"Peters, S.; Borisov, A.V.; Reinhold, S.; Korobov, D.S.; Thiemeyer, H. Peters, Swetlana (56232700800); Borisov, Aleksandr V. (34567600900); Reinhold, Sabine (26034841000); Korobov, Von Dmitrij Sergeevi"
study_0853,"Schneider, S",2014,Paleoclimatology,0.393,Paleography,0.382,Settlement Archaeology,0.376,Southern Levant,0.329,Egypt,0.261,Sinai,0.243,High,0.031,Low,0.026,Medium,0.016,0.251,"Schneider, S.; Matthaei, A.; Bebermeier, W.; Schütt, B. Schneider, Steffen (55760554000); Matthaei, Albrecht (55760575500); Bebermeier, Wiebke (55115789400); Schütt, Brigitta (7006540076) 55760554000;"
study_0854,"Riede, F",2014,Cognitive Archaeology,0.293,Artifact Typology,0.292,Archaeology,0.272,Sinai,0.128,Southern Levant,0.056,Egypt,0.049,Medium,0.055,High,-0.002,Low,-0.018,0.158,"Riede, F. Riede, Felix (23010055400) 23010055400 Towards a science of past disasters 2014 Natural Hazards 71 1 335 362 0 10.1007/s11069-013-0913-6 https://www.scopus.com/inward/record.uri?eid=2-s2.0-8"
study_0855,"Giannitrapani, E",1944,Archaeology,0.348,Settlement Archaeology,0.308,Cognitive Archaeology,0.294,Southern Levant,0.188,Egypt,0.169,Sinai,0.154,High,0.035,Low,0.006,Medium,-0.051,0.19,"Giannitrapani, E. Giannitrapani, Enrico (6506819446) 6506819446 The social significance of caves and rock-shelters in the prehistory of the erei (central sicily) archaeological investigations at the r"
study_0857,Boat 3 and later developments 2014 44 57 0 10,2014,Stratigraphy,0.213,Environment,0.192,Artifact Typology,0.178,Sinai,0.06,Southern Levant,-0.003,Egypt,-0.003,High,0.123,Low,0.114,Medium,0.099,0.132,Boat 3 and later developments 2014 44 57 0 10.4324/9781315746333 https://www.scopus.com/inward/record.uri?eid=2-s2.0-85067162951&doi=10.4324%2F9781315746333&partnerID=40&md5=7b65d98e538f7f09327c642dcf
study_0856,"Shawcross, W",2014,Archaeology,0.425,Landscape Archaeology,0.42,Cognitive Archaeology,0.39,Egypt,0.125,Southern Levant,0.093,Sinai,0.084,Medium,0.022,High,-0.015,Low,-0.016,0.191,"Shawcross, W. Shawcross, W. (59859553200) 59859553200 Energy and ecology: Thermodynamic models in archaeology 2014 577 622 0 10.4324/9781315748474-24 https://www.scopus.com/inward/record.uri?eid=2-s2."
study_0858,"Janes, S",2014,Archaeology,0.481,Settlement Archaeology,0.435,Cognitive Archaeology,0.378,Egypt,0.188,Southern Levant,0.177,Sinai,0.147,Medium,0.053,Low,0.026,High,0.006,0.241,"Janes, S. Janes, Sarah (56022821600) 56022821600 An entangled past: Island interactions, mortuary practices and the negotiation of identities on early iron age Cyprus 2014 571 584 0 10.1017/CHO9781139"
study_0859,"Cherry, J",2027,Archaeology,0.399,Settlement Archaeology,0.371,Cognitive Archaeology,0.329,Sinai,0.286,Egypt,0.268,Southern Levant,0.245,Low,-0.013,Medium,-0.017,High,-0.024,0.224,"Cherry, J.F.; Leppard, T.P. Cherry, John F. (7202723211); Leppard, Thomas P. (55328781500) 7202723211; 55328781500 A little history of mediterranean island prehistory 2014 10 24 0 10.1017/CHO978113902"
study_0861,"Bartoloni, G",2014,Archaeology,0.348,Epigraphy,0.312,Settlement Archaeology,0.309,Egypt,0.191,Southern Levant,0.163,Sinai,0.065,Medium,-0.006,Low,-0.017,High,-0.029,0.178,"Bartoloni, G. Bartoloni, Gilda (37068784000) 37068784000 The metal craftsmen and the formation process in the ""Origins"" of the Etruscans; Gli artigiani metallurghi e il processo formativo nelle « Orig"
study_0860,"Badalyan, R",2030,Epigraphy,0.303,Archaeology,0.282,Settlement Archaeology,0.264,Southern Levant,0.259,Sinai,0.204,Egypt,0.158,High,0.112,Low,0.089,Medium,0.085,0.225,"Badalyan, R.; Smith, A.T.; Lindsay, I.; Harutyunyan, A.; Greene, A.; Marshall, M.; Monahan, B.; Hovsepyan, R.; Meliksetian, K.; Pernicka, E.; Haroutunian, S. Badalyan, Ruben S. (6602773891); Smith, Ad"
study_0862,"van Beek, R",2014,Settlement Archaeology,0.44,Archaeology,0.432,Landscape Archaeology,0.422,Southern Levant,0.101,Egypt,0.019,Sinai,-0.028,Low,0.038,High,0.027,Medium,-0.074,0.193,"van Beek, R.; De Mulder, G. van Beek, Roy (37096353400); De Mulder, Guy (8655522400) 37096353400; 8655522400 Circles, Cycles and Ancestral Connotations. the Long-term History and Perception of Late Pr"
study_0863,"Hess, M",2000,Archaeology,0.465,Cognitive Archaeology,0.413,Paleography,0.396,Southern Levant,0.123,Egypt,0.091,Sinai,0.086,Medium,0.007,High,-0.031,Low,-0.033,0.198,"Hess, M.S. Hess, Marina Sarah (56453912000) 56453912000 Archaelogical research on childhood using the example of the Late Bronze Age. Possibilities of research on the prehistoric child with special co"
study_0864,"Daugnora, L",1912,Bioarchaeology,0.4,Archaeology,0.363,Stratigraphy,0.36,Southern Levant,0.101,Sinai,0.095,Egypt,0.086,Medium,0.059,Low,0.037,High,0.004,0.187,"Daugnora, L.; Vasks, A.; Sovaite, S.; Girininkas, A. Daugnora, Linas (17343447300); Vasks, Andrejs (55860482600); Sovaite, Salomeja (57191204521); Girininkas, Algirdas (56369207500) 17343447300; 55860"
study_0865,"Hörr, C",1904,Cognitive Archaeology,0.577,Archaeology,0.572,Settlement Archaeology,0.476,Egypt,0.196,Southern Levant,0.155,Sinai,0.135,High,0.011,Low,-0.007,Medium,-0.013,0.261,"Hörr, C.; Lindinger, E.; Brunnett, G. Hörr, Christian (16642657500); Lindinger, Elisabeth (57190414249); Brunnett, Guido (6602944171) 16642657500; 57190414249; 6602944171 Machine learning based typolo"
study_0866,"Smith, J",2014,Archaeology,0.439,Settlement Archaeology,0.396,Landscape Archaeology,0.334,Egypt,0.215,Sinai,0.189,Southern Levant,0.16,Medium,0.053,Low,-0.026,High,-0.039,0.236,"Smith, J.S. Smith, Joanna S. (40061012800) 40061012800 Histories of cypriot art through seal carving 2014 205 237 0 https://www.scopus.com/inward/record.uri?eid=2-s2.0-84978224289&partnerID=40&md5=824"
study_0867,"Harmanşah, Ö",2061,Landscape Archaeology,0.445,Geoarchaeology,0.418,Archaeology,0.417,Southern Levant,0.219,Egypt,0.219,Sinai,0.132,High,0.005,Medium,-0.015,Low,-0.017,0.223,"Harmanşah, Ö. Harmanşah, Ömür (42061559300) 42061559300 Stone worlds: Technologies of rock carving and place-making in anatolian landscapes 2014 379 394 0 10.1017/CHO9781139028387.028 https://www.scop"
study_0868,"Bernard Knapp, A",2014,Archaeology,0.404,Settlement Archaeology,0.347,Landscape Archaeology,0.305,Southern Levant,0.353,Sinai,0.288,Egypt,0.279,Medium,0.012,High,-0.034,Low,-0.038,0.256,"Bernard Knapp, A.B. Bernard Knapp, A. (7102421506) 7102421506 Mediterranean archaeology and ethnicity 2014 35 49 0 10.1002/9781118834312.ch3 https://www.scopus.com/inward/record.uri?eid=2-s2.0-8495762"
study_0869,"Ložek, V",2014,Stratigraphy,0.416,Isotope Geochemistry,0.323,Radiocarbon Chronology,0.314,Southern Levant,0.138,Egypt,0.083,Sinai,0.081,Low,-0.002,High,-0.021,Medium,-0.022,0.184,"Ložek, V.; Horáčková, J. Ložek, Vojen (6603452815); Horáčková, Jitka (23976145500) 6603452815; 23976145500 Stratigraphy and molluscan fauna of the bog-lime deposit at Spišská Teplica in North Slovakia"
study_0870,"Mönninghoff, H",2014,Historical Geography,0.439,Geoarchaeology,0.419,Landscape Archaeology,0.371,Southern Levant,0.32,Egypt,0.219,Sinai,0.208,High,0.096,Low,0.065,Medium,0.043,0.285,"Mönninghoff, H. Mönninghoff, Hannah (56866285600) 56866285600 A socio-topographic analysis of the domesitc areas of Nuzi; Eine sozialtopographische Analyse der Wohngebiete von Nuzi 2014 Altorientalisc"
study_0871,"Sidiropoulou, M",1982,Paleoclimatology,0.427,Geoarchaeology,0.411,Bioarchaeology,0.407,Southern Levant,0.213,Egypt,0.175,Sinai,0.169,Low,-0.004,High,-0.014,Medium,-0.053,0.212,"Sidiropoulou, M.; Fouache, E.; Pavlopoulos, K.; Triantaphyllou, M.; Vouvalidis, K.; Syrides, G.; Greco, E. Sidiropoulou, Mimoza (55338521300); Fouache, Éric G. (6602212690); Pavlopoulos, Kosmas P. (21"
study_0873,"Odriozola Lloret, C",1942,Radiocarbon Chronology,0.395,Archaeology,0.306,Settlement Archaeology,0.279,Southern Levant,0.121,Egypt,0.054,Sinai,0.011,High,0.049,Low,0.033,Medium,0.018,0.188,"Odriozola Lloret, C.P.; Burbidge, C.I.; Isabel Dias, M.; Hurtado Pérez, V. Odriozola Lloret, Carlos P. (15841942100); Burbidge, Christopher Ian (6602351345); Isabel Dias, M. (55996850200); Hurtado Pér"
study_0874,"Nielsen, E",2014,Radiocarbon Chronology,0.377,Paleoclimatology,0.337,Archaeology,0.331,Southern Levant,0.109,Sinai,0.056,Egypt,0.05,Medium,0.119,Low,0.059,High,0.036,0.202,"Nielsen, E.H. Nielsen, Ebbe H. (55584463500) 55584463500 A late bronze age tin ingot from Sursee-Gammainseli (Kt. Luzern) 2014 Archaologisches Korrespondenzblatt 44 2 177 193 0 https://www.scopus.com/"
study_0872,"Luca, S",2014,Archaeology,0.313,Paleoclimatology,0.256,Bioarchaeology,0.244,Egypt,0.209,Sinai,0.174,Southern Levant,0.163,High,0.005,Low,-0.018,Medium,-0.026,0.176,"Luca, S.A.; Georgescu, A.; Marţiş, F.; Luca, A. Luca, Sabin Adrian (26037915000); Georgescu, Adrian (56492511600); Marţiş, Florentina (56004052300); Luca, Adrian Sabin (56492470900) 26037915000; 56492"
study_0875,"Cosmopoulos, M",2014,Archaeology,0.346,Cognitive Archaeology,0.328,Bioarchaeology,0.323,Southern Levant,0.112,Egypt,0.102,Sinai,0.031,Medium,0.03,Low,-0.005,High,-0.03,0.163,"Cosmopoulos, M.B.; Ruscillo, D. Cosmopoulos, Michael B. (7801534112); Ruscillo, Deborah (35178629800) 7801534112; 35178629800 Mycenaean Burnt Animal Sacrifice at Eleusis 2014 Oxford Journal of Archaeo"
study_0877,"Urban, T",1940,Geoarchaeology,0.417,Stratigraphy,0.411,Paleography,0.384,Southern Levant,0.173,Sinai,0.155,Egypt,0.115,Medium,0.042,High,0.023,Low,0.022,0.211,"Urban, T.M.; Leon, J.F.; Manning, S.W.; Fisher, K.D. Urban, Thomas M. (55343834200); Leon, Jeffrey F. (55414575100); Manning, Sturt W. (7103371157); Fisher, Kevin D. (56219401200) 55343834200; 5541457"
study_0876,"Ferrence, S",2014,Isotope Geochemistry,0.327,Artifact Typology,0.308,Archaeology,0.306,Egypt,0.074,Southern Levant,0.054,Sinai,0.052,Medium,0.009,Low,0.007,High,-0.01,0.137,"Ferrence, S.; Giumlía-Mair, A.R. Ferrence, Susan C. (6507346482); Giumlía-Mair, Alessandra R.G. (55649646400) 6507346482; 55649646400 Bronze age metal objects from East Crete, Greece 2014 ISIJ Interna"
study_0878,"Lindsay, I",2002,Stratigraphy,0.405,Paleography,0.379,Archaeology,0.377,Southern Levant,0.167,Egypt,0.123,Sinai,0.068,Medium,0.017,High,-0.009,Low,-0.018,0.196,"Lindsay, I.; Leon, J.F.; Smith, A.T.; Wiktorowicz, C. Lindsay, Ian C. (23097509800); Leon, Jeffrey F. (55414575100); Smith, Adam T. (56128123000); Wiktorowicz, Conner J. (56200219500) 23097509800; 554"
study_0879,"Manning, S",1987,Archaeology,0.452,Settlement Archaeology,0.422,Cognitive Archaeology,0.385,Southern Levant,0.291,Sinai,0.276,Egypt,0.248,Medium,0.057,High,-0.019,Low,-0.032,0.267,"Manning, S.W.; Andreou, G.M.; Fisher, K.D.; Gerard-Little, P.; Kearns, C.; Leon, J.F.; Sewell, D.A.; Urban, T.M. Manning, Sturt W. (7103371157); Andreou, Georgia Marina (56198716600); Fisher, Kevin D."
study_0880,"Erb-Satullo, N",2095,Archaeology,0.462,Radiocarbon Chronology,0.406,Cognitive Archaeology,0.372,Egypt,0.194,Southern Levant,0.147,Sinai,0.084,Medium,0.038,Low,-0.036,High,-0.038,0.231,"Erb-Satullo, N.L.; Gilmour, B.J.J.; Khakhutaishvili, N. Erb-Satullo, Nathaniel L. (36168024800); Gilmour, Brian J.J. (35262095100); Khakhutaishvili, Nana (38261757200) 36168024800; 35262095100; 382617"
study_0881,"Monna, F",1969,Epigraphy,0.309,Stratigraphy,0.25,Isotope Geochemistry,0.226,Southern Levant,0.194,Sinai,0.156,Egypt,0.106,High,0.08,Low,0.078,Medium,0.017,0.194,"Monna, F.; Camizuli, E.; Nedjaï, R.; Cattin, F.; Petit, C.; Guillaumet, J.-P.; Jouffroy-Bapicot, I.; Bohard, B.; Chateau Smith, C.; Alibert, P. Monna, Fabrice (7003488151); Camizuli, Estelle (49962868"
study_0882,"Sanjurjo, J",2014,Stratigraphy,0.419,Paleoclimatology,0.394,Radiocarbon Chronology,0.359,Southern Levant,0.279,Sinai,0.161,Egypt,0.141,Medium,-0.004,High,-0.007,Low,-0.008,0.231,"Sanjurjo, J.; Montero Fenollós, J.-L. Sanjurjo, Jorge (57159366800); Montero Fenollós, Juan Luís (25223790000) 57159366800; 25223790000 A Late Bronze Age site and fluvial environmental context in the "
study_0883,"Yahalom-Mack, N",1946,Archaeology,0.356,Radiocarbon Chronology,0.333,Landscape Archaeology,0.273,Southern Levant,0.339,Sinai,0.189,Egypt,0.184,Medium,-0.013,High,-0.023,Low,-0.056,0.228,"Yahalom-Mack, N.; Galili, E.; Segal, I.; Eliyahu-Behar, A.; Boaretto, E.; Shilstein, S.; Finkelstein, I. Yahalom-Mack, Naama (54781946400); Galili, Ehud (6602623797); Segal, Irina (7103331268); Eliyah"
study_0884,"de Marco, E",1992,Geoarchaeology,0.415,Isotope Geochemistry,0.358,Stratigraphy,0.32,Sinai,0.254,Southern Levant,0.225,Egypt,0.126,Low,0.056,High,-0.011,Medium,-0.025,0.242,"de Marco, E.; Tema, E.; Lanos, P.; Kondopoulou, D. de Marco, Emanuela (24179042100); Tema, Evdokia (15128293400); Lanos, Philippe (6507121992); Kondopoulou, Despoina P. (6601985161) 24179042100; 15128"
study_0886,"Ventresca-Miller, A",2014,Meta-Analysis,0.202,Isotope Geochemistry,0.164,Volcanology,0.128,Sinai,0.11,Southern Levant,0.096,Egypt,0.05,High,0.136,Low,0.101,Medium,0.061,0.149,"Ventresca-Miller, A.R.; Usmanova, E.R.; Logvin, V.; Kalieva, S.; Shevnina, I.; Logvin, A.; Kolbina, A.; Suslov, A.; Privat, K.; Haas, K.; Rosenmeier, M. Ventresca-Miller, Alicia R. (56004883500); Usma"
study_0885,"Karkanas, P",1808,Archaeology,0.382,Bioarchaeology,0.369,Artifact Typology,0.354,Sinai,0.141,Southern Levant,0.104,Egypt,0.103,Low,0.014,High,0.013,Medium,-0.003,0.179,"Karkanas, P.; van de Moortel, A. Karkanas, Panagiotis (6603894093); van de Moortel, Aleydis (56018088200) 6603894093; 56018088200 Micromorphological analysis of sediments at the Bronze Age site of Mit"
study_0887,"Lobo, L",2014,Isotope Geochemistry,0.351,Radiocarbon Chronology,0.339,Paleoclimatology,0.251,Sinai,0.052,Egypt,-0.002,Southern Levant,-0.023,High,0.025,Low,0.021,Medium,-0.01,0.143,"Lobo, L.; Degryse, P.; Shortland, A.; Eremin, K.; Vanhaecke, F. Lobo, Lara (24721744800); Degryse, Patrick (6602705636); Shortland, Andrew J. (7003990276); Eremin, Katherine A. (9839804200); Vanhaecke"
study_0888,"Armada, X",2013,Historical Geography,0.374,Settlement Archaeology,0.357,Geoarchaeology,0.317,Southern Levant,0.309,Egypt,0.171,Sinai,0.123,Medium,0.073,High,0.05,Low,0.044,0.252,"Armada, X.-L.; Rafel, N.; Graells i Fabregat, R.; Roqué, R. Armada, Xosé Lois (36164959600); Rafel, Núria (36164866500); Graells i Fabregat, Raimon I. (26038063000); Roqué, Ramón (55987588600) 3616495"
study_0889,"Molnár, Z",2013,Stratigraphy,0.37,Geoarchaeology,0.364,Bioarchaeology,0.354,Southern Levant,0.219,Egypt,0.197,Sinai,0.182,Medium,0.077,High,0.026,Low,0.013,0.222,"Molnár, Z.; Nagy, J.; Imecs, Z. Molnár, Zs (56370903700); Nagy, J. (57225334343); Imecs, Zoltán (6505627012) 56370903700; 57225334343; 6505627012 Das Habitat der SpÃtbronzezeit und der frühen Eisenzei"
study_0890,"Lindsay, I",2013,Archaeology,0.53,Cognitive Archaeology,0.51,Settlement Archaeology,0.504,Southern Levant,0.238,Egypt,0.142,Sinai,0.015,Medium,-0.006,Low,-0.053,High,-0.058,0.254,"Lindsay, I.; Greene, A. Lindsay, Ian C. (23097509800); Greene, Alan F. (55757062100) 23097509800; 55757062100 Sovereignty, mobility, and political cartographies in Late bronze age southern caucasia 20"
study_0891,"Meiri, M",1829,Isotope Geochemistry,0.239,Epigraphy,0.212,Stratigraphy,0.171,Southern Levant,0.161,Sinai,0.155,Egypt,0.07,High,0.09,Low,0.063,Medium,0.029,0.164,"Meiri, M.; Huchon, D.; Bar-Oz, B.-O.; Boaretto, E.; Horwitz, L.K.; MAEIR, A.M.; Sapir-Hen, L.; Larson, G.; Weiner, S.; Finkelstein, I. Meiri, Meirav (55817168900); Huchon, Dorothée Crossed Dsign©e (67"
study_0892,"Wahl, J",2013,Isotope Geochemistry,0.485,Archaeology,0.391,Stratigraphy,0.384,Southern Levant,0.087,Egypt,0.069,Sinai,0.026,Low,0.023,High,0.013,Medium,-0.032,0.198,"Wahl, J.; Price, T.D. Wahl, Joachim (24400476500); Price, T. Douglas (25028421200) 24400476500; 25028421200 Local and foreign males in a late Bronze Age cemetery at Neckarsulm, south-western Germany: "
study_0893,"Langgut, D",1982,Paleoclimatology,0.321,Radiocarbon Chronology,0.309,Stratigraphy,0.302,Southern Levant,0.309,Sinai,0.235,Egypt,0.193,Low,0.043,High,0.038,Medium,0.037,0.224,"Langgut, D.; Finkelstein, I.; Litt, T. Langgut, Dafna (26026423000); Finkelstein, Israel (35198203300); Litt, Thomas (6602163544) 26026423000; 35198203300; 6602163544 Climate and the Late Bronze colla"
study_0894,"Kaniewski, D",2050,Radiocarbon Chronology,0.439,Stratigraphy,0.363,Archaeology,0.347,Southern Levant,0.149,Egypt,0.119,Sinai,0.112,Medium,0.03,Low,0.019,High,0.006,0.206,"Kaniewski, D.; van Campo, E.; Guiot, J.; Le Burel, S.; Otto, T.; Baeteman, C. Kaniewski, David (22934720500); van Campo, Élise (6603680091); Guiot, Joël (7005428977); Le Burel, Sabine (55821348200); O"
study_0895,"Brysbaert, A",2013,Archaeology,0.594,Landscape Archaeology,0.496,Settlement Archaeology,0.481,Southern Levant,0.224,Egypt,0.215,Sinai,0.183,Medium,0.087,High,-0.01,Low,-0.017,0.302,"Brysbaert, A. Brysbaert, Ann (15836640000) 15836640000 'The Chicken or the Egg?' interregional contacts viewed through a technological lens at late bronze age tiryns, Greece 2013 Oxford Journal of Arc"
study_0896,"Costa Caramé, M",2013,Geoarchaeology,0.409,Landscape Archaeology,0.344,Volcanology,0.344,Southern Levant,0.302,Sinai,0.23,Egypt,0.176,Medium,0.12,High,0.072,Low,0.048,0.277,"Costa Caramé, M.E. Costa Caramé, Manuel Eleazar (55785633600) 55785633600 Late Bronze Age stelae in the Guadalquivir valley and Sierra Morena: Spatial distribution and new perspectives of research; La"
study_0898,"Sharvit, J",2013,Radiocarbon Chronology,0.21,Archaeology,0.198,Stratigraphy,0.198,Sinai,0.152,Southern Levant,0.105,Egypt,0.081,Medium,0.201,High,0.14,Low,0.133,0.188,"Sharvit, J. Sharvit, Jacob (6507923804) 6507923804 Lead fishing-net weights from the 'Fisherman's grave,' Akhziv 2013 Atiqot 74 9 243 0 https://www.scopus.com/inward/record.uri?eid=2-s2.0-84884324987&"
study_0897,"Blanco-González, A",1865,Archaeology,0.426,Radiocarbon Chronology,0.403,Landscape Archaeology,0.387,Southern Levant,0.202,Sinai,0.108,Egypt,0.073,High,-0.016,Medium,-0.027,Low,-0.028,0.204,"Blanco-González, A.; López-Sáez, J.A. Blanco-González, Antonio (55321865700); López-Sáez, J. A. (55166386600) 55321865700; 55166386600 Dynamics of pioneer colonisation in the Early Iron Age in the Due"
study_0899,"García-Alix, A",1983,Meta-Analysis,0.152,Epigraphy,0.142,Paleobotany,0.127,Southern Levant,0.092,Sinai,0.054,Egypt,-0.077,High,0.092,Low,0.091,Medium,0.06,0.112,"García-Alix, A.; Jimenez-Espejo, F.J.; Lozano Rodríguez, J.A.; Jiménez-Moreno, G.; Martínez Ruíz, F.; García Sanjuán, L.; Aranda Jiménez, G.; García Alfonso, E.; Ruiz-Puertas, G.; Anderson, R.S. Garcí"
study_0900,"Galili, E",2013,Archaeology,0.436,Settlement Archaeology,0.395,Radiocarbon Chronology,0.352,Sinai,0.229,Southern Levant,0.183,Egypt,0.144,Medium,0.064,High,0.037,Low,0.017,0.243,"Galili, E.; Gale, N.; Rosen, B. Galili, Ehud (6602623797); Gale, Noël H. (24555726900); Rosen, Baruch (8783712900) 6602623797; 24555726900; 8783712900 A Late Bronze Age Shipwreck with a Metal Cargo fr"
study_0901,"Ložnjak, D",2013,Archaeology,0.412,Landscape Archaeology,0.334,Cognitive Archaeology,0.326,Southern Levant,0.222,Egypt,0.197,Sinai,0.128,High,0.074,Low,0.058,Medium,0.048,0.236,"Ložnjak, D.L.; Gavranović, M. Ložnjak, Daria (55503878400); Gavranović, Mario (42161321600) 55503878400; 42161321600 Across the river. The cemetery in dolina and new aspects of the late urnfield cultu"
study_0902,"Matoïan, V",1853,Epigraphy,0.135,Isotope Geochemistry,0.132,Paleoclimatology,0.127,Southern Levant,0.025,Sinai,-0.012,Egypt,-0.087,High,0.0,Low,-0.016,Medium,-0.044,0.053,"Matoïan, V.; Al-Maqdissi, M.; Haydar, J.; Al-Bahloul, K.; Benech, C.; Bessac, J.-C.; Bordreuil, E.; Callot, O.; Calvet, Y.; Carbillet, A.; Dardaillon, E.; Geyer, B.; Goiran, J.-P.; Hawley, R.; Herveux"
study_0903,"Benoist, A",2013,Landscape Archaeology,0.359,Archaeology,0.353,Settlement Archaeology,0.309,Southern Levant,0.39,Egypt,0.269,Sinai,0.238,Medium,0.056,Low,0.049,High,0.036,0.268,"Benoist, A. Benoist, Anne (16308728000) 16308728000 A green paradise. Economic strategies, collective practices, and local ancestors of the Iron Age community of Masāfī (Emirate of Fujairah, UAE) 2013"
study_0904,"Enmarch, R",2013,Epigraphy,0.396,Archaeology,0.344,Bioarchaeology,0.317,Egypt,0.409,Sinai,0.315,Southern Levant,0.186,Medium,-0.003,High,-0.013,Low,-0.031,0.267,"Enmarch, R. Enmarch, Roland (55900384800) 55900384800 Some literary aspects of the Kamose inscriptions 2013 Journal of Egyptian Archaeology 99 253 263 0 10.1177/030751331309900112 https://www.scopus.c"
study_0905,"Simon, Z",2013,Archaeology,0.414,Settlement Archaeology,0.386,Isotope Geochemistry,0.318,Southern Levant,0.413,Egypt,0.279,Sinai,0.245,Medium,0.027,High,0.01,Low,-0.043,0.285,"Simon, Z. Simon, Zsolt (26656267600) 26656267600 The Hittite presence in the Levant during the Late Bronze Age: Archaeological vs. written sources; Die hethitische Präsenz in der Levante während der S"
study_0906,"Renson, V",2013,Isotope Geochemistry,0.44,Radiocarbon Chronology,0.403,Archaeology,0.401,Egypt,0.183,Southern Levant,0.173,Sinai,0.138,Medium,0.047,High,0.016,Low,-0.009,0.223,"Renson, V.; Jacobs, A.; Coenaerts, J.; Mattielli, N.; Nys, K.; Claeys, P. Renson, Virginie (23398709500); Jacobs, Ariane (55873173800); Coenaerts, Jan (36730772500); Mattielli, Nadine (6603096987); Ny"
study_0907,"Mele, M",2024,Stratigraphy,0.449,Geoarchaeology,0.429,Archaeology,0.399,Egypt,0.2,Southern Levant,0.195,Sinai,0.176,High,-0.0,Low,-0.017,Medium,-0.028,0.216,"Mele, M.; Cremaschi, M.; Giudici, M.; Lozej, A.; Pizzi, C.; Bassi, A. Mele, Mauro (49261121100); Cremaschi, Mauro (6602545240); Giudici, Mauro (57202454050); Lozej, Alfredo (6603206416); Pizzi, Chiara"
study_0908,"Tereso, J",1998,Radiocarbon Chronology,0.393,Archaeology,0.386,Settlement Archaeology,0.324,Southern Levant,0.166,Sinai,0.112,Egypt,0.108,Medium,-0.009,Low,-0.024,High,-0.04,0.183,"Tereso, J.P.; Ramil Regó, P.; Álvarez González, Y.; López González, L.; Almeida Da Silva, R. Tereso, João Pedro Vicente (26656227900); Ramil Regó, Pablo (6603137205); Álvarez González, Yolanda (551998"
study_0909,"Svyatko, S",1876,Isotope Geochemistry,0.404,Paleoclimatology,0.386,Radiocarbon Chronology,0.362,Southern Levant,0.181,Egypt,0.117,Sinai,0.093,Low,0.053,High,-0.014,Medium,-0.076,0.213,"Svyatko, S.V.; Schulting, R.; Mallory, J.; Murphy, E.M.; Paula Reimer, P.J.; Khartanovich, V.I.; Chistov, Y.K.; Sablin, M.V. Svyatko, Svetlana Vladimirovna (37089664500); Schulting, Rick J. (660328317"
study_0910,"Rodríguez Díaz, A",1843,Landscape Archaeology,0.322,Geoarchaeology,0.309,Stratigraphy,0.268,Southern Levant,0.254,Sinai,0.101,Egypt,0.084,High,0.066,Medium,0.065,Low,0.059,0.214,"Rodríguez Díaz, A.; Pavón Soldevila, I.; Duque Espino, D.M.; Ponce de León Iglesias, M.; Hunt Ortiz, M.; Merideth, C. Rodríguez Díaz, Alonso (55785184300); Pavón Soldevila, Ignacio (55785175200); Duqu"
study_0911,"Theodoridou, M",1806,Archaeology,0.385,Ceramic Analysis,0.377,Settlement Archaeology,0.358,Egypt,0.164,Sinai,0.099,Southern Levant,0.023,Medium,-0.004,Low,-0.009,High,-0.031,0.182,"Theodoridou, M.; Ioannou, I.; Philokyprou, M. Theodoridou, Magdalini (55655180600); Ioannou, Ioannis (15845602500); Philokyprou, Maria (35254200000) 55655180600; 15845602500; 35254200000 New evidence "
study_0912,"Wagner, M",2073,Radiocarbon Chronology,0.462,Stratigraphy,0.461,Settlement Archaeology,0.429,Southern Levant,0.171,Egypt,0.105,Sinai,0.096,High,-0.009,Medium,-0.034,Low,-0.051,0.208,"Wagner, M.; Tarasov, P.; Hosner, D.; Fleck, A.; Ehrich, R.; Chen, X.; Leipe, C. Wagner, Mayke (15027797700); Tarasov, Pavel E. (7003380802); Hosner, Dominic (55315377900); Fleck, Andreas (49963162400)"
study_0913,"Harvig, L",2013,Archaeology,0.346,Paleography,0.31,Paleoclimatology,0.285,Egypt,0.058,Southern Levant,0.034,Sinai,0.032,Medium,0.028,High,0.017,Low,-0.021,0.144,"Harvig, L.; Lynnerup, N. Harvig, Lise Lock (48662127900); Lynnerup, Niels (7003342155) 48662127900; 7003342155 On the volume of cremated remains - a comparative study of archaeologically recovered cre"
study_0914,"Dreslerová, D",1802,Settlement Archaeology,0.401,Archaeology,0.4,Landscape Archaeology,0.35,Southern Levant,0.187,Egypt,0.109,Sinai,0.032,Medium,0.014,Low,0.006,High,-0.012,0.201,"Dreslerová, D.; Kočár, P.; Chuman, T.; Šefrna, L.; PoniŠtiak, T. Dreslerová, Dagmar (26631802000); Kočár, Petr (6506872318); Chuman, Tomáš (22978962400); Šefrna, Luděk (6506254799); PoniŠtiak, Štefan "
study_0915,"Renson, V",2013,Paleoclimatology,0.313,Epigraphy,0.29,Radiocarbon Chronology,0.27,Southern Levant,0.179,Sinai,0.175,Egypt,0.084,High,0.021,Low,0.02,Medium,0.014,0.171,"Renson, V.; Martínez Cortizas, A.; Mattielli, N.; Coenaerts, J.; Sauvage, C.; de Vleeschouwer, F.; Lorre, C.; Vanhaecke, F.; Bindler, R.; Rautman, M.; Nys, K.; Claeys, P. Renson, Virginie (23398709500"
study_0916,"Kaal, J",1803,Volcanology,0.166,Meta-Analysis,0.15,Bioarchaeology,0.117,Southern Levant,0.145,Sinai,0.099,Egypt,0.061,High,0.099,Low,0.085,Medium,0.056,0.137,"Kaal, J.; Criado-Boado, F.; Costa Casáis, M.; López-Sáez, J.A.; López-Merino, L.; Mighall, T.; Carrión Marco, Y.; Silva-Sánchez, N.; Martínez Cortizas, A. Kaal, Joeri (16238702100); Criado-Boado, Feli"
study_0917,"Corboud, P",2012,Archaeology,0.515,Settlement Archaeology,0.49,Landscape Archaeology,0.47,Southern Levant,0.242,Egypt,0.186,Sinai,0.123,Medium,0.007,High,-0.023,Low,-0.061,0.255,"Corboud, P. Corboud, Pierre (6506099692) 6506099692 Archaeology of the Lake Geneva one century after F.A. Forel, some questions are still to be resolved⋯; L'archéologie lémanique un siécle aprés f.a. "
study_0919,"Ben-Shlomo, D",2012,Archaeology,0.517,Settlement Archaeology,0.457,Landscape Archaeology,0.435,Southern Levant,0.259,Sinai,0.21,Egypt,0.177,Medium,0.044,High,0.026,Low,-0.009,0.273,"Ben-Shlomo, D. Ben-Shlomo, David (23026826800) 23026826800 Tell Ǧemme during the Bronze Age and Canaanite household archaeology 2012 Zeitschrift des Deutschen Palastina-Vereins 128 2 133 157 0 https:/"
study_0918,"Molodin, V",2012,Paleoclimatology,0.36,Isotope Geochemistry,0.354,Anthropology,0.319,Southern Levant,0.155,Egypt,0.093,Sinai,0.078,Medium,-0.02,High,-0.037,Low,-0.06,0.165,"Molodin, V.I.; Pilipenko, A.S.; Zhuravlev, A.A.; Trapezov, R.O.; Romaschenko, A.G. Molodin, V. I. (6506558021); Pilipenko, A. S. (36843047800); Zhuravlev, Anton A. (55759584700); Trapezov, Rostislav O"
study_0920,"Vích, D",2012,Settlement Archaeology,0.52,Archaeology,0.492,Landscape Archaeology,0.43,Southern Levant,0.191,Egypt,0.175,Sinai,0.151,High,0.035,Low,0.03,Medium,0.017,0.249,"Vích, D. Vích, David (26632376000) 26632376000 Kladky - An unknown fortified settlement in northwest Moravia. The possibilities of detector surveys in archaeology; Kladky - Neznámé hradiště na severoz"
study_0921,"Jablonka, P",1967,Stratigraphy,0.412,Archaeology,0.406,Paleoclimatology,0.406,Southern Levant,0.212,Egypt,0.162,Sinai,0.076,Medium,0.014,High,0.004,Low,0.004,0.213,"Jablonka, P. Jablonka, Peter (26631967400) 26631967400 Troy in Regional and International Context 2012 0 10.1093/oxfordhb/9780195376142.013.0032 https://www.scopus.com/inward/record.uri?eid=2-s2.0-849"
study_0922,"Madgwick, R",2012,Archaeology,0.366,Paleography,0.363,Settlement Archaeology,0.345,Southern Levant,0.155,Egypt,0.118,Sinai,0.092,Medium,0.046,High,0.019,Low,0.015,0.189,"Madgwick, R.; Mulville, J.; Stevens, R.E. Madgwick, Richard (45161754500); Mulville, Jacqui A. (6507494246); Stevens, Rhiannon E. (8747066900) 45161754500; 6507494246; 8747066900 Diversity in fodderin"
study_0923,"Burke, A",2012,Archaeology,0.395,Cognitive Archaeology,0.364,Settlement Archaeology,0.344,Southern Levant,0.4,Sinai,0.298,Egypt,0.269,High,0.02,Low,-0.039,Medium,-0.045,0.271,"Burke, A.A. Burke, Aaron A. (38261340900) 38261340900 The Archaeology of Ritual and Religion in Ancient Israel and the Levant, and the Origins of Judaism 2012 0 10.1093/oxfordhb/9780199232444.013.0056"
study_0924,"Molodin, V",2012,Ceramic Analysis,0.456,Isotope Geochemistry,0.414,Archaeology,0.396,Southern Levant,0.164,Egypt,0.161,Sinai,0.097,Medium,0.021,Low,0.004,High,-0.015,0.214,"Molodin, V.I.; Mylnikova, L.N.; Durakov, I.A.; Kobeleva, L.S. Molodin, V. I. (6506558021); Mylnikova, Lyudmila N. (11239899900); Durakov, Igor A. (26422977200); Kobeleva, L. S. (25722116500) 650655802"
study_0925,"Riddiford, N",2012,Paleoclimatology,0.419,Radiocarbon Chronology,0.414,Paleography,0.391,Southern Levant,0.23,Sinai,0.127,Egypt,0.089,Low,0.014,High,0.012,Medium,-0.021,0.221,"Riddiford, N.G.; Branch, N.P.; Green, C.P.; Armitage, S.J.; Olivier, L. Riddiford, Naomi G. (55301268200); Branch, Nicholas Philip (6507609513); Green, Christopher P. (55434882400); Armitage, Simon J."
study_0926,"Earle, J",2012,Archaeology,0.384,Settlement Archaeology,0.34,Radiocarbon Chronology,0.318,Southern Levant,0.304,Egypt,0.269,Sinai,0.246,Medium,0.076,Low,0.033,High,0.005,0.255,"Earle, J.W. Earle, Jason W. (58461752400) 58461752400 A cycladic perspective on mycenaean long-distance exchanges 2012 Journal of Mediterranean Archaeology 25 1 3 25 0 10.1558/jmea.v25i1.3 https://www"
study_0927,"Marriner, N",1950,Radiocarbon Chronology,0.446,Paleoclimatology,0.396,Stratigraphy,0.393,Southern Levant,0.357,Sinai,0.253,Egypt,0.186,High,-0.017,Medium,-0.026,Low,-0.046,0.262,"Marriner, N.; Goiran, J.-P.; Geyer, B.; Matoïan, V.; Al-Maqdissi, M.; Leconte, M.; Carbonel, P. Marriner, Nick (8427023000); Goiran, Jean Philippe (6506593404); Geyer, Bernard (7004921950); Matoïan, V"
study_0928,"Zaykov, V",2012,Archaeology,0.506,Landscape Archaeology,0.428,Settlement Archaeology,0.417,Egypt,0.217,Southern Levant,0.166,Sinai,0.107,Medium,0.022,High,-0.012,Low,-0.017,0.248,"Zaykov, V.V.; Yuminov, A.M.; Tkachev, V.V. Zaykov, Victor V. (56094415600); Yuminov, Anatoly M. (6507058726); Tkachev, V. V. (55249902200) 56094415600; 6507058726; 55249902200 Copper mines, chromite c"
study_0929,"Bryce, T",2012,Archaeology,0.36,Settlement Archaeology,0.352,Stratigraphy,0.287,Egypt,0.232,Southern Levant,0.157,Sinai,0.124,Medium,0.066,High,0.066,Low,0.03,0.219,"Bryce, T. Bryce, Trevor R. (55897698500) 55897698500 The World of The Neo-Hittite Kingdoms: A Political and Military History 2012 1 384 0 10.1093/acprof:oso/9780199218721.001.0001 https://www.scopus.c"
study_0930,"Çinardali-Karaaslan, N",2012,Archaeology,0.454,Settlement Archaeology,0.416,Cognitive Archaeology,0.35,Egypt,0.229,Southern Levant,0.224,Sinai,0.153,Medium,0.078,High,0.035,Low,0.02,0.254,"Çinardali-Karaaslan, N. Çinardali-Karaaslan, Nazli (55179402100) 55179402100 The East Mediterranean Late Bronze Age glass trade within the context of the Panaztepe finds 2012 Oxford Journal of Archaeo"
study_0931,"Harvig, L",1949,Archaeology,0.409,Bioarchaeology,0.398,Paleography,0.371,Southern Levant,0.095,Sinai,0.07,Egypt,0.051,Medium,0.098,High,0.034,Low,0.016,0.201,"Harvig, L.; Lynnerup, N.; Ebsen, J.A. Harvig, Lise Lock (48662127900); Lynnerup, Niels (7003342155); Ebsen, Jannie Amsgaard (48661949700) 48662127900; 7003342155; 48661949700 Computed tomography and c"
study_0932,"Jarošová, I",2012,Bioarchaeology,0.52,Archaeology,0.447,Paleoclimatology,0.423,Southern Levant,0.242,Egypt,0.181,Sinai,0.13,Medium,0.011,Low,-0.004,High,-0.016,0.258,"Jarošová, I.; Roblíčková, M.; Salaš, M.; Kočár, P.; Nyvltova-Fisakova, M.N. Jarošová, Ivana (35096175200); Roblíčková, Martina (35096575200); Salaš, Milan (36070087000); Kočár, Petr (6506872318); Nyvl"
study_0934,"Pulak, C",2012,Stratigraphy,0.208,Isotope Geochemistry,0.176,Artifact Typology,0.164,Sinai,0.096,Southern Levant,0.054,Egypt,0.035,Medium,0.12,High,0.094,Low,0.069,0.142,"Pulak, C. Pulak, Cemal (35764691700) 35764691700 Uluburun Shipwreck 2012 0 10.1093/oxfordhb/9780199873609.013.0064 https://www.scopus.com/inward/record.uri?eid=2-s2.0-84924567718&doi=10.1093%2Foxfordh"
study_0933,"Delgado, J",1932,Radiocarbon Chronology,0.385,Stratigraphy,0.38,Geoarchaeology,0.326,Southern Levant,0.147,Sinai,0.105,Egypt,0.082,High,0.05,Low,0.037,Medium,-0.002,0.194,"Delgado, J.; Boski, T.; Nieto, J.M.; Pereira, L.; Moura, D.; Gomes, A.; Sousa, C.; García-Tenorio, R. Delgado, J. (58610458200); Boski, Tomasz (6602267486); Nieto, Jose Miguel (7103128879); Pereira, L"
study_0935,"Hirschfeld, N",2020,Meta-Analysis,0.266,Comparative Literature,0.15,Paleoclimatology,0.141,Sinai,0.012,Southern Levant,0.003,Egypt,-0.022,Medium,0.074,Low,0.001,High,-0.003,0.117,"Hirschfeld, N. Hirschfeld, Nicolle (53563820200) 53563820200 Cypro-Minoan 2012 0 10.1093/oxfordhb/9780199873609.013.0028 https://www.scopus.com/inward/record.uri?eid=2-s2.0-84924533966&doi=10.1093%2Fo"
study_0936,"Mithen, S",1813,Archaeology,0.408,Radiocarbon Chronology,0.403,Cognitive Archaeology,0.369,Southern Levant,0.186,Sinai,0.145,Egypt,0.102,High,0.048,Low,0.032,Medium,0.025,0.214,"Mithen, S.; Wicks, K.; Austin, P.; Black, S.; Cowie, T.; Elliott, S.; Ingrem, C.; O'Connor, B.; Smith, S. Mithen, Steven John (6602167898); Wicks, Karen (35579876900); Austin, Phil A. (37068539600); B"
study_0937,"Touati, C",2012,Epigraphy,0.424,Philology,0.334,Stratigraphy,0.285,Egypt,0.372,Sinai,0.357,Southern Levant,0.214,High,0.224,Medium,0.095,Low,0.084,0.34,"Touati, C. Touati, Charlotte (26037780300) 26037780300 Efficacious writing: The inscription of the rosette on the high priest’s forehead and the Egyptian reception of exodus 28 2012 144 158 0 https://"
study_0938,"Haicheng, W",2012,Archaeology,0.436,Epigraphy,0.397,Settlement Archaeology,0.396,Egypt,0.17,Southern Levant,0.12,Sinai,0.092,Medium,-0.028,High,-0.031,Low,-0.066,0.192,"Haicheng, W. Haicheng, Wang (56464269300) 56464269300 Inscriptions from zhongshan: Chinese Texts and the archaeology of agency 2012 9781607322092 209 230 0 10.5876/9781607321996.c09 https://www.scopus"
study_0940,"Fitzenreiter, M",1871,Radiocarbon Chronology,0.351,Epigraphy,0.347,Archaeology,0.343,Sinai,0.213,Egypt,0.213,Southern Levant,0.094,Medium,0.106,Low,0.058,High,0.023,0.224,"Fitzenreiter, M. Fitzenreiter, Martin (56418717400) 56418717400 A seal stamp from Elephantine; Ein Siegelstempel aus Elephantine 2012 Mitteilungen des Deutschen Archaologischen Instituts - Abteilung K"
study_0939,"Nakassis, D",2012,Comparative Mythology,0.386,Paleoclimatology,0.357,Archaeology,0.348,Southern Levant,0.236,Sinai,0.235,Egypt,0.206,Medium,0.094,High,0.053,Low,0.045,0.238,"Nakassis, D. Nakassis, Dimitri (14630886300) 14630886300 Structuration and the state in mycenaean Greece 2012 9781607322092 231 247 0 10.5876/9781607321996.c10 https://www.scopus.com/inward/record.uri"
study_0941,"Riehl, S",1800,Landscape Archaeology,0.436,Stratigraphy,0.426,Geoarchaeology,0.405,Southern Levant,0.335,Sinai,0.205,Egypt,0.158,Medium,-0.009,High,-0.04,Low,-0.051,0.254,"Riehl, S.; Pustovoytov, K.; Dornauer, A.; Sallaberger, W. Riehl, Simone (6603653900); Pustovoytov, Konstantin E. (56135231800); Dornauer, Aron (56135204000); Sallaberger, Walther (26038527800) 6603653"
study_0942,"Brécoulaki, H",2012,Archaeology,0.345,Historical Geography,0.302,Geoarchaeology,0.29,Southern Levant,0.178,Egypt,0.16,Sinai,0.115,High,0.022,Low,0.006,Medium,-0.081,0.182,"Brécoulaki, H. Brécoulaki, Hariclia (23017773400) 23017773400 Archaeology of Macedonia: A state of the art and new perspectives; L'archeologie de la Macedoine : Etat des recherches et nouvelles perspe"
study_0944,"Scirè Calabrisotto, C",2012,Radiocarbon Chronology,0.588,Isotope Geochemistry,0.456,Paleoclimatology,0.425,Egypt,0.158,Sinai,0.117,Southern Levant,0.099,Low,-0.0,High,-0.003,Medium,-0.03,0.249,"Scirè Calabrisotto, C.; Fedi, M.E.; Caforio, L.; Bombardieri, L. Scirè Calabrisotto, Caterina (55596547500); Fedi, Mariaelena Elena (8852485900); Caforio, L. (55371316200); Bombardieri, Luca (55595359"
study_0943,"de Reu, J",1946,Radiocarbon Chronology,0.356,Stratigraphy,0.333,Archaeology,0.323,Egypt,0.059,Sinai,0.052,Southern Levant,0.049,Low,0.043,High,0.031,Medium,-0.033,0.153,"de Reu, J.; De Mulder, G.; van Strydonck, M.; Boudin, M.; Bourgeois, J. de Reu, Jeroen D. (37051946600); De Mulder, Guy (8655522400); van Strydonck, Mark J.Y. (56039337800); Boudin, Mathieu (260405407"
study_0945,"Rey, P",2012,Stratigraphy,0.427,Settlement Archaeology,0.426,Paleography,0.402,Southern Levant,0.211,Sinai,0.124,Egypt,0.056,Low,0.081,Medium,0.062,High,0.059,0.24,"Rey, P.-J.; Treffort, J.-M.; Larminat, S.D. Rey, Pierre Jérôme (54385852100); Treffort, Jean Michel (12767034000); Larminat, Solenn De (55509349800) 54385852100; 12767034000; 55509349800 The ""Chátelar"
study_0946,"Tkachev, V",2012,Archaeology,0.454,Cognitive Archaeology,0.406,Anthropology,0.384,Egypt,0.16,Southern Levant,0.107,Sinai,0.077,Medium,-0.008,Low,-0.02,High,-0.037,0.202,"Tkachev, V.V. Tkachev, V. V. (55249902200) 55249902200 An Alakul funeral and ritual site in the Eastern Orenburg region 2012 Archaeology, Ethnology and Anthropology of Eurasia 40 1 49 57 0 10.1016/j.a"
study_0947,"Drake, B",2012,Archaeology,0.463,Paleography,0.403,Cognitive Archaeology,0.4,Southern Levant,0.128,Egypt,0.062,Sinai,0.034,Medium,0.023,Low,0.022,High,-0.036,0.205,"Drake, B.L. Drake, Brandon Lee (35777639500) 35777639500 The influence of climatic change on the Late Bronze Age Collapse and the Greek Dark Ages 2012 Journal of Archaeological Science 39 6 1862 1870 "
study_0948,"Tronchère, H",2099,Geoarchaeology,0.47,Zooarchaeology,0.392,Bioarchaeology,0.389,Egypt,0.414,Sinai,0.336,Southern Levant,0.279,Medium,-0.021,High,-0.046,Low,-0.046,0.288,"Tronchère, H.; Goiran, J.-P.; Schmitt, L.; Preusser, F.; Bietak, M.; Forstner-Müller, I.; Callot, Y. Tronchère, Hervé (35779244400); Goiran, Jean Philippe (6506593404); Schmitt, Laurent (36715517600);"
study_0949,"Sanjurjo, J",2012,Radiocarbon Chronology,0.451,Archaeology,0.381,Stratigraphy,0.37,Southern Levant,0.323,Sinai,0.216,Egypt,0.195,Medium,-0.025,High,-0.035,Low,-0.074,0.249,"Sanjurjo, J.; Montero Fenollós, J.-L. Sanjurjo, Jorge (57159366800); Montero Fenollós, Juan Luís (25223790000) 57159366800; 25223790000 Chronology during the Bronze Age in the archaeological site Tell"
study_0950,"Nesbitt, C",1857,Archaeology,0.452,Settlement Archaeology,0.411,Landscape Archaeology,0.339,Sinai,0.109,Southern Levant,0.097,Egypt,0.088,Low,0.048,High,0.019,Medium,-0.011,0.203,"Nesbitt, C.; Church, M.J.; Gilmour, S.M.D. Nesbitt, Claire (35096492400); Church, Mike J. (8257846400); Gilmour, Simon M.D. (7005218579) 35096492400; 8257846400; 7005218579 Domestic, industrial, (en)c"
study_0951,"Wehlin, J",2011,Settlement Archaeology,0.343,Archaeology,0.326,Stratigraphy,0.318,Sinai,0.138,Southern Levant,0.11,Egypt,0.109,Medium,0.052,High,0.007,Low,-0.005,0.178,"Wehlin, J. Wehlin, Joakim (55217736900) 55217736900 The Ansarve stone ships - Anchored in their past?; Stenskeppen i Ansarve hage : Förtöjda i sitt Förflutna? 2011 Fornvannen 106 2 73 84 0 https://www"
study_0952,"Ryabogina, N",2011,Bioarchaeology,0.431,Paleoclimatology,0.391,Archaeology,0.39,Egypt,0.156,Southern Levant,0.114,Sinai,0.03,Medium,-0.022,Low,-0.041,High,-0.069,0.188,"Ryabogina, N.E.; Ivanov, S.N. Ryabogina, N. E. (35746887200); Ivanov, Sergey Nikolaevich (56735367000) 35746887200; 56735367000 Ancient agriculture in Western Siberia: Problems of argumentation, paleo"
study_0954,"Hoffmeier, J",2011,Archaeology,0.231,Sociology of Religion,0.229,Cognitive Archaeology,0.215,Egypt,0.435,Sinai,0.429,Southern Levant,0.283,High,0.022,Low,-0.036,Medium,-0.049,0.229,"Hoffmeier, J.K. Hoffmeier, James K. (26032987400) 26032987400 Israel in Egypt: The Evidence for the Authenticity of the Exodus Tradition 2011 1 264 0 10.1093/acprof:oso/9780195130881.001.0001 https://"
study_0953,"Lee, C",2074,Paleoclimatology,0.286,Paleography,0.251,Bioarchaeology,0.227,Southern Levant,0.09,Egypt,0.027,Sinai,-0.056,Low,0.142,High,0.066,Medium,0.066,0.173,"Lee, C.; Scott, G.R. Lee, Christine (57207467656); Scott, G. Richard (7402930537) 57207467656; 7402930537 Brief communication: Two-rooted lower Canines-A European trait and sensitive indicator of admi"
study_0955,"Dellovin, A",2011,Archaeology,0.365,Landscape Archaeology,0.355,Epigraphy,0.337,Southern Levant,0.213,Egypt,0.21,Sinai,0.164,High,0.037,Low,0.021,Medium,0.01,0.205,"Dellovin, A. Dellovin, Alaen (49863000000) 49863000000 A carpenter's tool kit from the godin cemetery (central-Western Iran) 2011 Iranica Antiqua 46 107 132 0 10.2143/IA.46.0.2084414 https://www.scopu"
study_0956,"Kinnaird, T",2011,Geoarchaeology,0.417,Bioarchaeology,0.347,Stratigraphy,0.308,Sinai,0.106,Egypt,0.1,Southern Levant,0.094,Low,0.039,High,0.023,Medium,0.008,0.187,"Kinnaird, T.C.; Sanderson, D.C.W.; Woodward, N.L. Kinnaird, Tim C. (47361394100); Sanderson, David C.W. (55547129456); Woodward, Naomi L. (55341573900) 47361394100; 55547129456; 55341573900 Applying l"
study_0958,"Paliou, E",2010,Archaeology,0.502,Landscape Archaeology,0.473,Epigraphy,0.424,Southern Levant,0.255,Sinai,0.235,Egypt,0.233,High,0.062,Medium,0.008,Low,0.007,0.273,"Paliou, E. Paliou, Eleftheria (36562201000) 36562201000 The communicative potential of theran murals in late Bronze Age Akrotiri: Applying viewshed analysis in 3D townscapes 2011 Oxford Journal of Arc"
study_0959,"Harmanşah, Ö",2061,Archaeology,0.513,Landscape Archaeology,0.468,Settlement Archaeology,0.424,Egypt,0.371,Sinai,0.339,Southern Levant,0.331,High,-0.02,Low,-0.041,Medium,-0.059,0.288,"Harmanşah, Ö. Harmanşah, Ömür (42061559300) 42061559300 Moving landscapes, making place: Cities, monuments and commemoration at Malizi/Melid 2011 Journal of Mediterranean Archaeology 24 1 55 83 0 10.1"
study_0957,"Novikova, T",2011,Volcanology,0.366,Geoarchaeology,0.313,Paleoclimatology,0.31,Sinai,0.157,Egypt,0.131,Southern Levant,0.058,High,0.079,Medium,0.055,Low,0.005,0.201,"Novikova, T.; Papadopoulos, G.A.; McCoy, F.W. Novikova, Tatyana I. (7102309887); Papadopoulos, Gerassimos A. (24458388700); McCoy, Floyd W. (7003863374) 7102309887; 24458388700; 7003863374 Modelling o"
study_0960,"Leighton, R",1811,Archaeology,0.494,Settlement Archaeology,0.44,Landscape Archaeology,0.43,Sinai,0.202,Southern Levant,0.187,Egypt,0.183,Low,-0.009,Medium,-0.023,High,-0.032,0.229,"Leighton, R. Leighton, Robert (10041811200) 10041811200 Pantalica (Sicily) from the Late Bronze Age to the Middle Ages: A new survey and interpretation of the rock-cut monuments 2011 American Journal "
study_0961,"Nataf, K",2011,Archaeology,0.436,Cognitive Archaeology,0.346,Comparative Mythology,0.321,Egypt,0.404,Sinai,0.333,Southern Levant,0.229,Medium,0.095,High,0.043,Low,0.012,0.312,"Nataf, K.C. Nataf, Katia Charbit (53464016600) 53464016600 An egyptian mortuary cult in late Bronze II Canaan 2011 Tel Aviv 38 1 52 66 0 10.1179/033443511x12931017059341 https://www.scopus.com/inward/"
study_0963,"Renson, V",1980,Radiocarbon Chronology,0.398,Archaeology,0.375,Ceramic Analysis,0.373,Southern Levant,0.136,Egypt,0.126,Sinai,0.11,High,0.021,Medium,0.01,Low,-0.008,0.185,"Renson, V.; Coenaerts, J.; Nys, K.; Mattielli, N.; Vanhaecke, F.; Fagel, N.; Claeys, P. Renson, Virginie (23398709500); Coenaerts, Jan (36730772500); Nys, Karin (25723633500); Mattielli, Nadine (66030"
study_0962,"Pienia̧rek, V",2011,Stratigraphy,0.459,Geoarchaeology,0.446,Landscape Archaeology,0.443,Southern Levant,0.317,Sinai,0.208,Egypt,0.193,Low,0.03,High,0.006,Medium,-0.026,0.269,"Pienia̧rek, V.M. Pienia̧rek, Von M. (39262132400) 39262132400 Cultic landscapes in the steppes. On the beginnings of sacral architecture in the North Pontic Region; Kultische Landschaften in der Stepp"
study_0964,"Steele, P",2011,Linguistics,0.416,Philology,0.361,Geoarchaeology,0.245,Egypt,0.174,Sinai,0.166,Southern Levant,0.146,Medium,0.025,Low,-0.009,High,-0.018,0.205,"Steele, P.M. Steele, Philippa M. (56527867400) 56527867400 A linguistic history of ancient Cyprus: The non-Greek languages, and their relations with Greek, c. 1600-300 BC 2011 1 279 0 10.1017/CBO97811"
study_0965,"Náfrádi, K",2011,Landscape Archaeology,0.436,Stratigraphy,0.37,Paleoclimatology,0.367,Southern Levant,0.164,Egypt,0.141,Sinai,0.125,High,-0.001,Low,-0.013,Medium,-0.024,0.2,"Náfrádi, K.; Bodor, E.; Törocsik, T.; Sümegi, P. Náfrádi, Katalin (54973855700); Bodor, Elvira (7003359082); Törocsik, Tünde (26536850400); Sümegi, Pál (6603345546) 54973855700; 7003359082; 2653685040"
study_0966,"Lasserre, M",2063,Radiocarbon Chronology,0.36,Paleoclimatology,0.35,Paleography,0.349,Southern Levant,0.198,Sinai,0.152,Egypt,0.148,Medium,0.051,High,0.044,Low,0.029,0.203,"Lasserre, M.; Vigreux, T.; Basoge, F.; Logel, T.; Putelat, O.; Schneider, N.; Michler, M.; Jodry, F.; Boës, X. Lasserre, Marina (52963948300); Vigreux, Thomas (36242399500); Basoge, Florian (369680782"
study_0967,"Polikreti, K",1887,Archaeology,0.433,Settlement Archaeology,0.345,Cognitive Archaeology,0.319,Egypt,0.199,Sinai,0.144,Southern Levant,0.123,High,0.037,Low,0.022,Medium,-0.008,0.223,"Polikreti, K.; Murphy, J.M.A.; Kantarelou, V.; Karydas, A.G. Polikreti, K. (6603391887); Murphy, Joanne M.A. (47061724900); Kantarelou, Vasiliki (30967548000); Karydas, Andreas G. (35566644000) 660339"
study_0968,"Szentmiklosi, A",2066,Archaeology,0.421,Paleography,0.373,Paleoclimatology,0.371,Southern Levant,0.223,Egypt,0.213,Sinai,0.151,High,0.038,Medium,0.029,Low,-0.003,0.227,"Szentmiklosi, A.; Heeb, B.S.; Heeb, J.; Harding, A.; Krause, R.; Becker, H. Szentmiklosi, Alexandru (26038551400); Heeb, Bernhard S. (26038085100); Heeb, Julia (48761206600); Harding, Anthony F. (8954"
study_0969,"Ilin-Tomich, A",2011,Paleoclimatology,0.255,Radiocarbon Chronology,0.25,Stratigraphy,0.247,Egypt,0.143,Southern Levant,0.142,Sinai,0.104,High,0.117,Low,0.083,Medium,0.037,0.172,"Ilin-Tomich, A. Ilin-Tomich, Alexander (43461459600) 43461459600 Changes in the ḥtp-dj-nsw formula in the late Middle Kingdom and the Second Intermediate Period 2011 Zeitschrift fur Agyptische Sprache"
study_0970,"Figueiredo, E",2043,Isotope Geochemistry,0.368,Radiocarbon Chronology,0.319,Stratigraphy,0.266,Southern Levant,0.021,Sinai,0.009,Egypt,-0.009,Medium,0.06,High,0.009,Low,-0.023,0.15,"Figueiredo, E.; Araújo, M.F.; Silva, R.J.C.; Senna-Martinez, J.C.; Vaz, J.L. Figueiredo, Elin (20433522400); Araújo, María Fátima D. (7202962609); Silva, Rui J.C. (35323186500); Senna-Martinez, J. C. "
study_0971,"Tian, X",2011,Isotope Geochemistry,0.405,Paleoclimatology,0.373,Radiocarbon Chronology,0.365,Egypt,0.084,Southern Levant,0.073,Sinai,0.045,High,-0.048,Low,-0.076,Medium,-0.088,0.147,"Tian, X.; Zhu, C.; Sun, Z.; Shui, T.; Huang, Y.; Flad, R.K.; Li, Y. Tian, Xiaosi (24336816000); Zhu, Cheng (55584800998); Sun, Zhibin (24336907800); Shui, Tao (24336323300); Huang, Yunping (2433513940"
study_0972,"Vicent García, J",1967,Radiocarbon Chronology,0.376,Archaeology,0.321,Isotope Geochemistry,0.286,Southern Levant,0.093,Egypt,0.074,Sinai,0.029,High,0.023,Medium,0.018,Low,0.005,0.164,"Vicent García, J.M.V.; Martínez-Navarrete, M.I.; Sáez, J.A.L.; Zavala, I. Vicent García, Juan Manuel (22956312300); Martínez-Navarrete, M. Isabel (26631967600); Sáez, José Antonio López (35316365200);"
study_0973,"Szabó, S",2033,Archaeology,0.539,Bioarchaeology,0.438,Cognitive Archaeology,0.434,Egypt,0.283,Southern Levant,0.228,Sinai,0.201,High,0.113,Medium,0.034,Low,0.031,0.312,"Szabó, S. Szabó, Géza (57203387621) 57203387621 Practical and ethical issues of archaeometallurgic research; Az archaeometallurgai kutatások gyakorlati és etikai kérdései 2010 Archeometriai Muhely 7 2"
study_0974,"Woodard, R",2010,Linguistics,0.439,Philology,0.317,Anthropology,0.253,Sinai,0.228,Egypt,0.164,Southern Levant,0.121,Medium,0.083,Low,0.02,High,0.014,0.25,"Woodard, R.D. Woodard, Roger D. (55894291500) 55894291500 Phoinikēia Grammata: An Alphabet for the Greek Language 2010 25 46 0 10.1002/9781444317398.ch3 https://www.scopus.com/inward/record.uri?eid=2-"
study_0975,"Degryse, P",1947,Isotope Geochemistry,0.357,Paleoclimatology,0.349,Radiocarbon Chronology,0.342,Sinai,0.131,Southern Levant,0.12,Egypt,0.058,Medium,0.121,Low,0.069,High,0.041,0.203,"Degryse, P.; Boyce, A.; Erb-Satullo, N.L.; Eremin, K.; Kirk, S.; Scott, R.; Shortland, A.; Schneider, J.; Walton, M. Degryse, Patrick (6602705636); Boyce, Adrian J. (7004530924); Erb-Satullo, Nathanie"
study_0976,"Wild, E",1800,Isotope Geochemistry,0.389,Radiocarbon Chronology,0.384,Stratigraphy,0.36,Sinai,0.108,Southern Levant,0.083,Egypt,0.05,Low,0.026,Medium,0.025,High,0.001,0.174,"Wild, E.M.; Gauss, W.; Forstenpointner, G.; Lindblom, M.; Smetana, R.; Steier, P.; Thanheiser, U.; Weninger, F. Wild, Eva Maria (7005382589); Gauss, Walter (26035171800); Forstenpointner, Gerhard (660"
study_0977,"Yasur-Landau, A",2010,Archaeology,0.363,Historical Geography,0.328,Settlement Archaeology,0.325,Southern Levant,0.367,Sinai,0.276,Egypt,0.233,Medium,0.113,Low,0.033,High,0.027,0.281,"Yasur-Landau, A. Yasur-Landau, Assaf (26033788500) 26033788500 The Philistines and Aegean migration at the end of the Late Bronze Age 2010 1 389 0 10.1017/CBO9780511761201 https://www.scopus.com/inwar"
study_0978,"Steele, P",2010,Philology,0.372,Comparative Literature,0.3,Paleography,0.287,Sinai,0.22,Egypt,0.207,Southern Levant,0.181,Medium,0.099,High,0.055,Low,0.053,0.23,"Steele, P.M. Steele, Philippa M. (56527867400) 56527867400 Syllabic writing on Cyprus and its context 2010 1 191 0 10.1017/CBO9781139208482 https://www.scopus.com/inward/record.uri?eid=2-s2.0-84923497"
study_0979,"Iacovou, M",2010,Archaeology,0.36,Cognitive Archaeology,0.29,Settlement Archaeology,0.28,Egypt,0.278,Southern Levant,0.271,Sinai,0.253,Medium,0.034,Low,0.03,High,0.012,0.224,"Iacovou, M. Iacovou, Maria (56598131100) 56598131100 The Cypriot syllabary as a royal signature: The political context of the syllabic script in the iron age 2010 133 152 0 10.1017/CBO9781139208482.00"
study_0980,"Hanke, K",2010,Stratigraphy,0.317,Geoarchaeology,0.289,Artifact Typology,0.271,Sinai,0.209,Southern Levant,0.175,Egypt,0.123,High,0.1,Low,0.099,Medium,-0.025,0.209,"Hanke, K.; Hiebel, G.; Kovács, K.; Moser, M. Hanke, K. (36800214700); Hiebel, Gerald (54406853000); Kovács, Kristóf (56056339500); Moser, Michael (56086286500) 36800214700; 54406853000; 56056339500; 5"
study_0981,"Hagioglu, P",2010,Ceramic Analysis,0.273,Stratigraphy,0.219,Radiocarbon Chronology,0.218,Egypt,0.04,Southern Levant,-0.009,Sinai,-0.024,Low,-0.02,Medium,-0.038,High,-0.046,0.098,"Hagioglu, P.; Gheorghieş, C. Hagioglu, Petrica (46461525400); Gheorghieş, Constantin (8353894100) 46461525400; 8353894100 The materials used for manufacturing some objects from the period 1600 B.C. - "
study_0982,"Badalyan, R",2010,Archaeology,0.383,Radiocarbon Chronology,0.349,Stratigraphy,0.344,Egypt,0.149,Southern Levant,0.136,Sinai,0.103,Low,0.04,Medium,0.028,High,0.015,0.191,"Badalyan, R.; Smith, A.T.; Khatchadourian, L. Badalyan, Ruben S. (6602773891); Smith, Adam T. (56128123000); Khatchadourian, Lori (35177714500) 6602773891; 56128123000; 35177714500 Project aragats: 10"
study_0983,"Wuscher, P",2010,Paleoclimatology,0.396,Paleography,0.39,Stratigraphy,0.385,Southern Levant,0.207,Sinai,0.104,Egypt,0.101,Medium,0.053,High,0.003,Low,-0.019,0.219,"Wuscher, P.; Pezin, A. Wuscher, Patrice (9240933100); Pezin, Annie (36864475600) 9240933100; 36864475600 Tech valley morphogenesis during the holocene at amelie-les-bains (South of France) and slope e"
study_0984,"Jeffrey Brantingham, P",1935,Cognitive Archaeology,0.509,Archaeology,0.467,Settlement Archaeology,0.42,Southern Levant,0.093,Egypt,0.041,Sinai,-0.027,Medium,-0.007,High,-0.03,Low,-0.061,0.198,"Jeffrey Brantingham, P.J.; Perreault, C. Jeffrey Brantingham, P. Jeffrey (15519359400); Perreault, Charles (36174219100) 15519359400; 36174219100 Detecting the effects of selection and stochastic forc"
study_0985,"Henderson, J",2010,Archaeology,0.408,Radiocarbon Chronology,0.398,Settlement Archaeology,0.344,Egypt,0.18,Sinai,0.179,Southern Levant,0.174,Medium,0.059,High,0.003,Low,-0.002,0.216,"Henderson, J.; Evans, J.; Nikita, K. Henderson, Julian (7402927430); Evans, Jane A. (7407665225); Nikita, Kalliopi (36502321400) 7402927430; 7407665225; 36502321400 Isotopic evidence for the primary p"
study_0986,"Teodor, E",2010,Archaeology,0.442,Artifact Typology,0.384,Cognitive Archaeology,0.355,Egypt,0.12,Southern Levant,0.094,Sinai,0.064,High,-0.01,Medium,-0.026,Low,-0.029,0.184,"Teodor, E.S.; Teodor, E.D.; Virgolici, M.; Manea, M.M.; Badea, G.; Liţescu, S.C. Teodor, Eugen S. (55775377500); Teodor, Eugenia Dumitra (15133174500); Virgolici, Marian G. (24328885400); Manea, Maria"
study_0987,"Mahler-Slasky, Y",2010,Archaeology,0.342,Isotope Geochemistry,0.31,Radiocarbon Chronology,0.309,Southern Levant,0.232,Sinai,0.208,Egypt,0.196,Medium,0.056,Low,0.023,High,0.018,0.21,"Mahler-Slasky, Y.; Kislev, M.E. Mahler-Slasky, Yael (6505459328); Kislev, Mordechai E. (6603074842) 6505459328; 6603074842 Lathyrus consumption in late Bronze and iron age sites in Israel: An Aegean a"
study_0988,"Lindsay, I",2010,Archaeology,0.536,Settlement Archaeology,0.516,Cognitive Archaeology,0.475,Southern Levant,0.211,Egypt,0.162,Sinai,0.057,Medium,0.031,Low,0.017,High,0.005,0.26,"Lindsay, I.; Smith, A.T.; Badalyan, R. Lindsay, Ian C. (23097509800); Smith, Adam T. (56128123000); Badalyan, Ruben S. (6602773891) 23097509800; 56128123000; 6602773891 Magnetic survey in the investig"
study_0989,"Petroutsa, E",1863,Isotope Geochemistry,0.406,Radiocarbon Chronology,0.333,Paleography,0.318,Southern Levant,0.129,Egypt,0.095,Sinai,0.063,Medium,0.026,Low,0.005,High,-0.014,0.187,"Petroutsa, E.I.; Manolis, S.K. Petroutsa, Eirini I. (35311779900); Manolis, Sotiris K. (6603021863) 35311779900; 6603021863 Reconstructing Late Bronze Age diet in mainland Greece using stable isotope "
study_0990,"Piovan, S",1945,Paleoclimatology,0.461,Geoarchaeology,0.45,Paleography,0.447,Southern Levant,0.252,Egypt,0.164,Sinai,0.105,Low,0.053,High,0.016,Medium,0.015,0.255,"Piovan, S.; Mozzi, P.; Stefani, C. Piovan, Silvia E. (57194550788); Mozzi, Paolo (24779869800); Stefani, Cristina (6603812062) 57194550788; 24779869800; 6603812062 Bronze age paleohydrography of the s"
study_0991,"Panyushkina, I",2010,Radiocarbon Chronology,0.409,Archaeology,0.387,Landscape Archaeology,0.382,Southern Levant,0.09,Sinai,0.063,Egypt,0.055,High,-0.013,Low,-0.03,Medium,-0.069,0.162,"Panyushkina, I.P.; Chang, C.; Clemens, A.W.; Bykov, N. Panyushkina, Irina P. (6506064836); Chang, Claudia (56257897900); Clemens, Angelika W. (25958057400); Bykov, Nikolay I. (35274333200) 6506064836;"
study_0992,"Mahfroozi, A",2000,Stratigraphy,0.391,Archaeology,0.364,Radiocarbon Chronology,0.361,Sinai,0.255,Egypt,0.25,Southern Levant,0.227,High,0.031,Low,-0.016,Medium,-0.054,0.226,"Mahfroozi, A.; Piller, C.K.; Ghasemi, S.; Ögüt, B.; Bagherpour, N.; Neumann, T. Mahfroozi, Ali (45561472000); Piller, Christian Konrad (37084281900); Ghasemi, Serollah (45561186800); Ögüt, Birgül (559"
study_0995,"Becker, H",2058,Landscape Archaeology,0.476,Stratigraphy,0.353,Isotope Geochemistry,0.345,Southern Levant,0.16,Sinai,0.093,Egypt,0.018,High,-0.018,Low,-0.04,Medium,-0.083,0.206,"Becker, H. Becker, H. (57220587195) 57220587195 Caesium-magnetometry for landscape-archaeology 2009 129 165 0 https://www.scopus.com/inward/record.uri?eid=2-s2.0-77956839266&partnerID=40&md5=d6fa09248"
study_0993,"Rostunov, V",2009,Archaeology,0.454,Settlement Archaeology,0.406,Radiocarbon Chronology,0.403,Southern Levant,0.206,Egypt,0.165,Sinai,0.126,Medium,0.025,Low,-0.025,High,-0.036,0.228,"Rostunov, V.L.; Ljachov, S.; Reinhold, S. Rostunov, Vjačeslav L. (55935303100); Ljachov, Sergej (55935642500); Reinhold, Sabine (26034841000) 55935303100; 55935642500; 26034841000 Tsmi - An open site "
study_0994,"Willems, H",1984,Epigraphy,0.26,Isotope Geochemistry,0.203,Paleoclimatology,0.197,Southern Levant,0.116,Sinai,0.075,Egypt,0.015,High,0.074,Low,0.044,Medium,0.027,0.15,"Willems, H.; de Meyer, M.; Peeters, C.; Vereecken, S.; Depraetere, D.; Dupras, T.; Williams, L.; Herbich, T.; Verstraeten, G.; van Loon, G.; Delattre, A. Willems, Harco (26041229300); de Meyer, Marlee"
study_0996,"Fisher, K",1940,Archaeology,0.507,Settlement Archaeology,0.459,Cognitive Archaeology,0.439,Southern Levant,0.292,Egypt,0.263,Sinai,0.261,Medium,0.094,Low,0.029,High,0.013,0.298,"Fisher, K.D. Fisher, Kevin D. (56219401200) 56219401200 Elite place-making and social interaction in the late cypriot bronze age 2009 Journal of Mediterranean Archaeology 22 2 183 209 0 10.1558/jmea.v"
study_0997,"Mac Sweeney, N",1927,Archaeology,0.373,Settlement Archaeology,0.329,Paleography,0.293,Southern Levant,0.323,Sinai,0.269,Egypt,0.254,Medium,0.072,Low,-0.018,High,-0.023,0.256,"Mac Sweeney, N. Mac Sweeney, Naoíse (35119276300) 35119276300 Beyond ethnicity: The overlooked diversity of group identities 2009 Journal of Mediterranean Archaeology 22 1 101 126 0 10.1558/jmea.v22il"
study_0998,"Kealhofer, L",2006,Archaeology,0.47,Settlement Archaeology,0.394,Cognitive Archaeology,0.39,Southern Levant,0.203,Egypt,0.196,Sinai,0.099,Low,0.009,Medium,-0.015,High,-0.017,0.227,"Kealhofer, L.; Grave, P.; Genz, H.; Marsh, B. Kealhofer, Lisa (6602327303); Grave, Peter (55200650200); Genz, Hermann (7004789972); Marsh, Ben (7102169723) 6602327303; 55200650200; 7004789972; 7102169"
study_0999,"Sillasoo, Ü",1933,Landscape Archaeology,0.384,Settlement Archaeology,0.338,Stratigraphy,0.323,Southern Levant,0.107,Egypt,0.062,Sinai,-0.018,Low,-0.006,Medium,-0.012,High,-0.028,0.161,"Sillasoo, Ü.; Poska, A.; Seppä, H.; Blaauw, M.; Chambers, F.M. Sillasoo, Ülle (19338033700); Poska, Anneli (6603865968); Seppä, Heikki (7004993894); Blaauw, Maarten (7006488289); Chambers, Frank M. (3"
study_1000,"Siklósy, Z",2043,Stratigraphy,0.217,Radiocarbon Chronology,0.204,Epigraphy,0.201,Southern Levant,0.087,Sinai,0.044,Egypt,-0.002,High,0.078,Medium,0.064,Low,0.058,0.127,"Siklósy, Z.; Demény, A.; Walter Vennemann, T.W.; Pilet, S.; Kramers, J.; Leél-Össy, S.; Bondár, M.; Shen, C.-C.; Hegner, E. Siklósy, Zoltán (24167096800); Demény, Attila (7004179397); Walter Vennemann"
study_1001,"Glatz, C",2009,Archaeology,0.498,Settlement Archaeology,0.445,Cognitive Archaeology,0.417,Southern Levant,0.255,Egypt,0.227,Sinai,0.126,Medium,0.093,Low,-0.004,High,-0.015,0.282,"Glatz, C. Glatz, Claudia (25922295800) 25922295800 Empire as network: Spheres of material interaction in Late Bronze Age Anatolia 2009 Journal of Anthropological Archaeology 28 2 127 141 0 10.1016/j.j"
study_1002,"Greene, A",2009,Archaeology,0.426,Settlement Archaeology,0.392,Landscape Archaeology,0.374,Egypt,0.217,Southern Levant,0.182,Sinai,0.112,Medium,0.068,Low,0.036,High,0.016,0.237,"Greene, A.F. Greene, Alan F. (55757062100) 55757062100 Where pottery and politics meet: Mundane objects and complex political life in the late Bronze Age South Caucasus 2009 302 322 0 10.1017/CBO97811"
study_1003,"Pulak, C",2009,Radiocarbon Chronology,0.384,Archaeology,0.349,Stratigraphy,0.341,Sinai,0.17,Southern Levant,0.162,Egypt,0.125,Medium,0.07,Low,0.029,High,0.022,0.208,"Pulak, C. Pulak, Cemal (35764691700) 35764691700 The uluburun tin ingots and the shipment of tin by sea in the late bronze age mediterranean 2009 TUBA-AR 12 12 189 207 0 10.22520/tubaar.2009.0016 http"
study_1005,"Ben-Tor, A",2009,Archaeology,0.235,Ceramic Analysis,0.186,Artifact Typology,0.17,Sinai,0.267,Egypt,0.243,Southern Levant,0.231,High,0.084,Medium,0.066,Low,0.06,0.195,"Ben-Tor, A. Ben-Tor, Amnon (35177330500) 35177330500 A decorated jewellery box from hazor 2009 Tel Aviv 36 1 5 67 0 10.1179/204047809x439442 https://www.scopus.com/inward/record.uri?eid=2-s2.0-8005412"
study_1004,"Ryan, J",2009,Paleoclimatology,0.333,Stratigraphy,0.327,Landscape Archaeology,0.325,Southern Levant,0.313,Sinai,0.219,Egypt,0.202,Medium,0.017,Low,0.014,High,-0.005,0.221,"Ryan, J.; Kapur, S.; Akça, E. Ryan, John (55602535000); Kapur, Selim Aziz (7102708919); Akça, Erhan (6602575806) 55602535000; 7102708919; 6602575806 Application of soil analyses as markers to characte"
study_1006,"FitzHugh, W",2009,Bioarchaeology,0.366,Anthropology,0.303,Zooarchaeology,0.301,Egypt,0.069,Southern Levant,0.066,Sinai,-0.082,Medium,0.02,High,0.017,Low,-0.008,0.152,"FitzHugh, W.W. FitzHugh, William W. (6602549490) 6602549490 Stone shamans and flying deer of Northern Mongolia: Deer Goddess of Siberia or Chimera of the Steppe? 2009 Arctic Anthropology 46 1-2 72 88 "
study_1007,"Bruins, H",2009,Radiocarbon Chronology,0.523,Volcanology,0.432,Geoarchaeology,0.407,Egypt,0.312,Sinai,0.256,Southern Levant,0.181,High,0.014,Low,-0.018,Medium,-0.029,0.283,"Bruins, H.J.; van der Plicht, J.; MacGillivray, J.A. Bruins, Hendrik J. (6701689157); van der Plicht, Johannes (22973650100); MacGillivray, Joseph Alexander (22953886300) 6701689157; 22973650100; 2295"
study_1008,"Matthews, R",2009,Settlement Archaeology,0.453,Archaeology,0.439,Historical Geography,0.437,Egypt,0.293,Southern Levant,0.277,Sinai,0.162,High,0.002,Medium,-0.025,Low,-0.05,0.25,"Matthews, R.; Glatz, C. Matthews, Roger (55137394300); Glatz, Claudia (25922295800) 55137394300; 25922295800 The historical geography of north-central Anatolia in the Hittite period: Texts and archaeo"
study_1009,"Walton, M",2009,Archaeology,0.439,Settlement Archaeology,0.363,Cognitive Archaeology,0.358,Egypt,0.284,Sinai,0.231,Southern Levant,0.149,Medium,0.005,High,-0.008,Low,-0.019,0.243,"Walton, M.S.; Shortland, A.; Kirk, S.; Degryse, P. Walton, Marc Sebastian (26421422200); Shortland, Andrew J. (7003990276); Kirk, Susanna F. (25630889900); Degryse, Patrick (6602705636) 26421422200; 7"
study_1010,"Morgomenou, D",2008,Archaeology,0.46,Settlement Archaeology,0.407,Cognitive Archaeology,0.404,Southern Levant,0.235,Egypt,0.216,Sinai,0.186,Medium,0.062,Low,-0.016,High,-0.031,0.253,"Morgomenou, D. Morgomenou, Despina (26536546000) 26536546000 Food storage in prehistoric northern Greece: Interrogating complexity at the margins of the 'Mycenaean world' 2008 Journal of Mediterranean"
study_1011,"Levy, T",2008,Epigraphy,0.221,Radiocarbon Chronology,0.197,Paleoclimatology,0.19,Sinai,0.194,Southern Levant,0.137,Egypt,0.125,High,0.128,Low,0.103,Medium,0.059,0.181,"Levy, T.E.; Higham, T.; Bronk Ramsey, C.B.; Smith, N.G.; Ben-Yosef, E.; Robinson, M.; Münger, S.; Knabb, K.; Schulze, J.P.; Najjar, M.; Tauxe, L. Levy, Thomas Evan (7005868522); Higham, Thomas F.G. (7"
study_1012,"Parker, A",2092,Paleoclimatology,0.435,Stratigraphy,0.435,Paleography,0.426,Southern Levant,0.218,Egypt,0.119,Sinai,0.119,High,0.041,Medium,0.037,Low,0.008,0.231,"Parker, A.G.; Lucas, A.S.; Walden, J.; Goudie, A.S.; Robinson, M.; Allen, T.G. Parker, Adrian G. (8209232100); Lucas, Alex S. (24335717000); Walden, John B. (7101852820); Goudie, Andrew S. (7101905477"
study_1014,"Mödlinger, M",2008,Archaeology,0.443,Settlement Archaeology,0.38,Artifact Typology,0.372,Egypt,0.113,Southern Levant,0.092,Sinai,0.082,Medium,0.05,Low,0.014,High,0.012,0.202,"Mödlinger, M. Mödlinger, Marianne (24473560000) 24473560000 Micro-X-ray computer tomography in archaeology: Analyses of a Bronze Age sword 2008 Insight: Non-Destructive Testing and Condition Monitorin"
study_1013,"Beach, T",2000,Geoarchaeology,0.559,Landscape Archaeology,0.526,Archaeology,0.519,Egypt,0.33,Southern Levant,0.316,Sinai,0.302,High,0.012,Low,-0.026,Medium,-0.053,0.3,"Beach, T.P.; Luzzadder-Beach, S. Beach, Timothy P. (7005917410); Luzzadder-Beach, Sheryl (12762132000) 7005917410; 12762132000 Geoarchaeology and aggradation around Kinet Höyük, an archaeological moun"
study_1015,"Stern, B",1935,Isotope Geochemistry,0.405,Radiocarbon Chronology,0.401,Artifact Typology,0.401,Egypt,0.097,Southern Levant,0.095,Sinai,0.049,Medium,0.005,Low,-0.0,High,-0.008,0.169,"Stern, B.; Lampert Moore, C.D.; Heron, C.; Pollard, A.M. Stern, Benjamin (7102969312); Lampert Moore, C. D. (23985291400); Heron, Carl P. (7005512509); Pollard, A. Mark (7103193554) 7102969312; 239852"
study_1016,"Molloy, B",2008,Archaeology,0.452,Settlement Archaeology,0.363,Landscape Archaeology,0.339,Egypt,0.184,Southern Levant,0.18,Sinai,0.146,Medium,0.078,High,0.008,Low,-0.005,0.238,"Molloy, B. Molloy, Barry P.C. (36089322600) 36089322600 Martial arts and materiality: A combat archaeology perspective on Aegean swords of the fifteenth and fourteenth centuries BC 2008 World Archaeol"
study_1018,"Becker, H",2058,Landscape Archaeology,0.423,Isotope Geochemistry,0.331,Stratigraphy,0.319,Southern Levant,0.13,Sinai,0.058,Egypt,-0.016,High,-0.008,Low,-0.023,Medium,-0.095,0.182,"Becker, H. Becker, H. (57220587195) 57220587195 Caesium-magnetometry for landscape-archaeology 2008 129 165 0 10.1201/9780203889558.pt3 https://www.scopus.com/inward/record.uri?eid=2-s2.0-85055795913&"
study_1017,"Piva, A",2021,Radiocarbon Chronology,0.32,Stratigraphy,0.313,Paleoclimatology,0.306,Southern Levant,0.221,Sinai,0.155,Egypt,0.126,Medium,0.059,High,0.034,Low,0.032,0.2,"Piva, A.; Asioli, A.; Trincardi, F.; Schneider, R.R.; Vigliotti, L. Piva, Andrea (56398609800); Asioli, Alesssandra (6603402820); Trincardi, Fabio (6603820216); Schneider, Ralph R. (7403513732); Vigli"
study_1020,"Manning, S",2008,Landscape Archaeology,0.324,Stratigraphy,0.303,Volcanology,0.272,Southern Levant,0.218,Egypt,0.138,Sinai,0.126,High,0.016,Low,0.015,Medium,-0.007,0.186,"Manning, S.W. Manning, Sturt W. (7103371157) 7103371157 Formation of the palaces 2008 105 120 0 10.1017/CCOL9780521814447.005 https://www.scopus.com/inward/record.uri?eid=2-s2.0-84875292308&doi=10.101"
study_1019,"Hanke, K",2005,Archaeology,0.456,Landscape Archaeology,0.45,Cognitive Archaeology,0.414,Sinai,0.163,Egypt,0.14,Southern Levant,0.133,High,0.064,Low,0.033,Medium,-0.069,0.228,"Hanke, K.; Moser, M.; Grimm-Pitzinger, A.; Goldenberg, G.; Toechterle, U. Hanke, K. (36800214700); Moser, Michael (56086286500); Grimm-Pitzinger, Albert (6507348614); Goldenberg, Gert (26658968900); T"
study_1021,"Davis, J",2008,Geoarchaeology,0.347,Archaeology,0.341,Landscape Archaeology,0.312,Sinai,0.289,Southern Levant,0.281,Egypt,0.267,Medium,0.137,Low,0.082,High,0.06,0.258,"Davis, J.L. Davis, Jack L. (7405963269) 7405963269 Minoan crete and the aegean islands 2008 186 208 0 10.1017/CCOL9780521814447.009 https://www.scopus.com/inward/record.uri?eid=2-s2.0-84860761343&doi="
study_1022,"Johnson, B",1954,Epigraphy,0.193,Paleobotany,0.156,Settlement Archaeology,0.105,Sinai,0.089,Southern Levant,0.061,Egypt,0.023,Medium,0.119,Low,0.102,High,0.095,0.134,"Johnson, B.; Waddington, C.; Baker, P.; Ramsey, C.B.; Clogg, P.; Cook, G.; Cotton, J.; Hamilton, D.; Marshall, P.; Stern, B. Johnson, Ben (57675102500); Waddington, Clive (15769870800); Baker, Polydor"
study_1024,"Franke, D",2008,Radiocarbon Chronology,0.287,Archaeology,0.259,Historical Geography,0.218,Egypt,0.443,Sinai,0.305,Southern Levant,0.249,Medium,0.047,High,0.013,Low,-0.012,0.259,"Franke, D. Franke, Detlef (38161250600) 38161250600 The late middle kingdom (thirteenth to seventeenth dynasties): The chronological framework 2008 Journal of Egyptian History 1 2 268 287 0 10.1163/18"
study_1023,"Panyushkina, I",2008,Radiocarbon Chronology,0.51,Isotope Geochemistry,0.402,Archaeology,0.343,Southern Levant,0.088,Egypt,0.048,Sinai,0.046,Medium,0.024,High,0.013,Low,0.013,0.207,"Panyushkina, I.P.; Mills, B.J.; Usmanova, E.R.; Cheng, L. Panyushkina, Irina P. (6506064836); Mills, Barbara J. (7102541408); Usmanova, Emma Radikovna (36175214500); Cheng, Li (59783232500) 6506064836"
study_1025,"Moshier, S",1802,Paleoclimatology,0.426,Paleography,0.423,Geoarchaeology,0.416,Egypt,0.461,Sinai,0.385,Southern Levant,0.274,Medium,0.003,Low,-0.001,High,-0.003,0.297,"Moshier, S.O.; El-Kalani, A. Moshier, S. O. (6603180201); El-Kalani, Ali (25031340600) 6603180201; 25031340600 Late Bronze Age paleogeography along the ancient Ways of Horus in northwest Sinai, Egypt "
study_1026,"Forte, E",2008,Archaeology,0.448,Stratigraphy,0.433,Landscape Archaeology,0.43,Egypt,0.128,Southern Levant,0.102,Sinai,0.08,Low,0.046,High,0.045,Medium,-0.046,0.207,"Forte, E.; Pipan, M. Forte, Emanuele (6701490301); Pipan, Michele (6603561420) 6701490301; 6603561420 Integrated seismic tomography and ground-penetrating radar (GPR) for the high-resolution study of "
study_1027,"Tanimoto, S",2026,Archaeology,0.326,Isotope Geochemistry,0.32,Ceramic Analysis,0.302,Egypt,0.094,Sinai,0.082,Southern Levant,0.067,High,0.073,Medium,0.005,Low,-0.006,0.164,"Tanimoto, S.; Rehren, T. Tanimoto, Satoko (24342538700); Rehren, Thilo H. (57202699283) 24342538700; 57202699283 Interactions between silicate and salt melts in LBA glassmaking 2008 Journal of Archaeo"
study_1028,"Britton, K",2008,Isotope Geochemistry,0.428,Radiocarbon Chronology,0.414,Paleoclimatology,0.35,Southern Levant,0.136,Sinai,0.099,Egypt,0.052,Low,0.023,High,0.001,Medium,-0.001,0.196,"Britton, K.; Müldner, G.; Bell, M. Britton, Kate (36027962100); Müldner, Gundula (16246011500); Bell, Martin G. (7401465535) 36027962100; 16246011500; 7401465535 Stable isotope evidence for salt-marsh"
study_1029,"Stern, B",2008,Archaeology,0.463,Settlement Archaeology,0.446,Radiocarbon Chronology,0.39,Southern Levant,0.145,Egypt,0.111,Sinai,0.047,High,-0.007,Medium,-0.028,Low,-0.029,0.2,"Stern, B.; Heron, C.; Tellefsen, T.; Serpico, M. Stern, Benjamin (7102969312); Heron, Carl P. (7005512509); Tellefsen, T. (23978735300); Serpico, Margaret (6603224737) 7102969312; 7005512509; 23978735"
study_1030,"Lindsay, I",2008,Archaeology,0.503,Settlement Archaeology,0.488,Paleography,0.427,Southern Levant,0.24,Egypt,0.188,Sinai,0.078,Medium,0.032,Low,-0.047,High,-0.05,0.259,"Lindsay, I.; Minc, L.; Descantes, C.; Speakman, R.J.; Glascock, M.D. Lindsay, Ian C. (23097509800); Minc, Leah D. (12139846100); Descantes, Christophe H. (6506170694); Speakman, Robert J. (6602705419)"
study_1031,"Ben-Shlomo, D",2008,Isotope Geochemistry,0.439,Radiocarbon Chronology,0.386,Ceramic Analysis,0.373,Southern Levant,0.199,Sinai,0.163,Egypt,0.094,Low,0.024,High,0.023,Medium,0.015,0.22,"Ben-Shlomo, D.; MAEIR, A.M.; Mommsen, H. Ben-Shlomo, David (23026826800); MAEIR, Aren M. (8291422700); Mommsen, Hans (6701356332) 23026826800; 8291422700; 6701356332 Neutron activation and petrographi"
study_1032,"Vinogradova, N",2007,Historical Geography,0.427,Archaeology,0.418,Landscape Archaeology,0.405,Southern Levant,0.245,Egypt,0.159,Sinai,0.115,Medium,0.039,Low,-0.001,High,-0.024,0.237,"Vinogradova, N.M. Vinogradova, Natalia M. (7004517540) 7004517540 Relative and absolute chronology of agrarian sites of the Late Bronze Age in Southwest-Tadžikistan; Relative und absolute Chronologie "
study_1033,"Nyári, D",2007,Radiocarbon Chronology,0.474,Stratigraphy,0.437,Geoarchaeology,0.399,Southern Levant,0.217,Egypt,0.194,Sinai,0.141,High,0.056,Low,0.022,Medium,-0.018,0.249,"Nyári, D.; Kiss, T.; Sipos, G. Nyári, Diána (55768855500); Kiss, Timea (15835038000); Sipos, György Y. (15835780900) 55768855500; 15835038000; 15835780900 Investigation of Holocene blown-sand movement"
study_1034,"Reinhold, S",2007,Landscape Archaeology,0.483,Stratigraphy,0.429,Geoarchaeology,0.424,Southern Levant,0.255,Sinai,0.234,Egypt,0.191,High,0.019,Low,0.016,Medium,-0.027,0.252,"Reinhold, S.; Belinskij, A.B.; Korobov, D.S.; Fassbinder, J.; Borisov, A.V.; Peters, S. Reinhold, Sabine (26034841000); Belinskij, Andrej B. (36553928600); Korobov, Von Dmitrij Sergeevič (38161760600)"
study_1035,"Crewe, L",2007,Archaeology,0.411,Settlement Archaeology,0.411,Landscape Archaeology,0.372,Egypt,0.206,Southern Levant,0.188,Sinai,0.132,Medium,0.031,Low,0.021,High,0.008,0.216,"Crewe, L. Crewe, Lindy (23488510100) 23488510100 Sophistication in simplicity: The first production of wheelmade pottery on Late Bronze Age Cyprus 2007 Journal of Mediterranean Archaeology 20 2 209 23"
study_1036,"Csippán, P",2007,Archaeology,0.46,Bioarchaeology,0.441,Zooarchaeology,0.417,Egypt,0.187,Southern Levant,0.178,Sinai,0.095,High,-0.008,Medium,-0.01,Low,-0.027,0.213,"Csippán, P. Csippán, Péter (23097137200) 23097137200 Ecological methods in archaeology: Case study of the animal remains from Dunakeszi-Székes-dulo; Ökológiai módszerek a régészetben: Esettanulmány a "
study_1037,"Leopold, M",2007,Settlement Archaeology,0.553,Archaeology,0.522,Landscape Archaeology,0.519,Southern Levant,0.157,Sinai,0.085,Egypt,0.084,Medium,-0.025,High,-0.033,Low,-0.044,0.228,"Leopold, M.; Völkel, J. Leopold, Matthias (7003999902); Völkel, Jörg (6602810075) 7003999902; 6602810075 Reconstruction of the old cultural surface of a Bronze Age Settlement - An example for a multi-"
study_1038,"Zuckerman, S",2007,Archaeology,0.442,Settlement Archaeology,0.361,Cognitive Archaeology,0.348,Sinai,0.408,Southern Levant,0.373,Egypt,0.314,High,0.062,Medium,-0.015,Low,-0.021,0.304,"Zuckerman, S. Zuckerman, Sharon (21234306100) 21234306100 Anatomy of a destruction: Crisis architecture, termination rituals and the fall of Canaanite Hazor 2007 Journal of Mediterranean Archaeology 2"
study_1039,"Edwards, H",2026,Paleoclimatology,0.31,Radiocarbon Chronology,0.294,Isotope Geochemistry,0.282,Egypt,0.225,Sinai,0.164,Southern Levant,0.048,Medium,-0.005,Low,-0.028,High,-0.032,0.176,"Edwards, H.G.M.; Stern, B.; Jorge-Villar, S.E.J.; David, A.R. Edwards, Howell G. M. (7202660467); Stern, Benjamin (7102969312); Jorge-Villar, S. E. (6602409926); David, Anne Rosalie (59157763800) 7202"
study_1040,"Hanke, K",2007,Stratigraphy,0.414,Geoarchaeology,0.369,Landscape Archaeology,0.34,Sinai,0.253,Egypt,0.207,Southern Levant,0.171,High,0.108,Low,0.077,Medium,-0.047,0.258,"Hanke, K. Hanke, K. (36800214700) 36800214700 Contribution of laser scanning, photogrammetry and gis to an interdisciplinary special research program on the history of mining activities (SFB Himat) 20"
study_1042,"Fox, R",2006,Comparative Mythology,0.217,Stratigraphy,0.205,Paleoclimatology,0.178,Southern Levant,0.079,Egypt,0.026,Sinai,0.018,Medium,0.18,Low,0.106,High,0.086,0.158,"Fox, R.A. Fox, Richard A. (56000444500) 56000444500 Custer's last battle: Struggling with scale 2006 163 180 0 10.1007/0-387-32773-8_12 https://www.scopus.com/inward/record.uri?eid=2-s2.0-84892305836&"
study_1041,"Privat, K",2007,Isotope Geochemistry,0.462,Radiocarbon Chronology,0.443,Landscape Archaeology,0.394,Southern Levant,0.159,Egypt,0.088,Sinai,0.053,Low,0.007,High,0.006,Medium,-0.01,0.209,"Privat, K.L.; O'Connell, T.C.; Hedges, R.E.M. Privat, Karen L. (55904094500); O'Connell, Tamsin C. (7102366592); Hedges, Robert E.M. (7102468106) 55904094500; 7102366592; 7102468106 The distinction be"
study_1043,"Shortland, A",2006,Isotope Geochemistry,0.499,Radiocarbon Chronology,0.349,Paleoclimatology,0.29,Egypt,0.232,Sinai,0.18,Southern Levant,0.079,High,0.031,Low,0.029,Medium,0.024,0.254,"Shortland, A. Shortland, Andrew J. (7003990276) 7003990276 Application of lead isotope analysis to a wide range of late bronze age Egyptian materials 2006 Archaeometry 48 4 657 669 0 10.1111/j.1475-47"
study_1044,"Kotsonas, A",2006,Archaeology,0.529,Settlement Archaeology,0.45,Landscape Archaeology,0.402,Southern Levant,0.187,Egypt,0.179,Sinai,0.117,Medium,0.084,Low,0.057,High,0.026,0.267,"Kotsonas, A. Kotsonas, Antonis (12807260900) 12807260900 Wealth and status in iron age Knossos 2006 Oxford Journal of Archaeology 25 2 149 172 0 10.1111/j.1468-0092.2006.00254.x https://www.scopus.com"
study_1045,"Manning, S",2006,Radiocarbon Chronology,0.471,Stratigraphy,0.425,Paleography,0.41,Southern Levant,0.241,Sinai,0.17,Egypt,0.125,Medium,0.073,High,0.024,Low,-0.015,0.262,"Manning, S.W.; Bronk Ramsey, C.B.; Kutschera, W.; Higham, T.; Kromer, B.; Steier, P.; Wild, E.M. Manning, Sturt W. (7103371157); Bronk Ramsey, Christopher (56333730200); Kutschera, Walter (7007145129)"
study_1046,"Lafage, F",2006,Historical Geography,0.448,Geoarchaeology,0.437,Stratigraphy,0.434,Southern Levant,0.276,Sinai,0.179,Egypt,0.154,Low,0.033,Medium,0.01,High,0.007,0.252,"Lafage, F.; Auxiette, G.; Brunet, P.; Martial, E.; Zech-Matterne, V.; Praud, I.; Laplantine, N. Lafage, Françoise (6507828419); Auxiette, Ginette (26033430400); Brunet, Paul (26032943900); Martial, Em"
study_1047,"Armbruster, B",2006,Archaeology,0.281,Stratigraphy,0.265,Artifact Typology,0.26,Egypt,0.039,Sinai,0.029,Southern Levant,0.027,Medium,0.075,Low,0.024,High,0.006,0.132,"Armbruster, B.; Pernot, M. Armbruster, Barbara Regine (26033433200); Pernot, Michael (7004411172) 26033433200; 7004411172 The technique of employed shooting at the Late Bronze Age for the pins manufac"
study_1048,"van de Noort, R",2006,Settlement Archaeology,0.504,Archaeology,0.496,Cognitive Archaeology,0.421,Southern Levant,0.161,Sinai,0.151,Egypt,0.106,Medium,0.001,Low,-0.009,High,-0.051,0.222,"van de Noort, R. van de Noort, Robert (6603292711) 6603292711 Argonauts of the North Sea - A social maritime archaeology for the 2nd millennium BC 2006 Proceedings of the Prehistoric Society 72 267 28"
study_1049,"Legrand, S",1900,Archaeology,0.357,Radiocarbon Chronology,0.336,Isotope Geochemistry,0.316,Southern Levant,0.198,Sinai,0.12,Egypt,0.097,Medium,0.05,Low,0.018,High,-0.013,0.202,"Legrand, S. Legrand, Sophie (15751321900) 15751321900 The emergence of the Scythians: Bronze Age to Iron Age in South Siberia 2006 Antiquity 80 310 843 859 0 10.1017/S0003598X00094461 https://www.scop"
study_1050,"Marriner, N",1941,Archaeology,0.514,Settlement Archaeology,0.494,Landscape Archaeology,0.448,Egypt,0.23,Sinai,0.189,Southern Levant,0.152,Low,-0.03,Medium,-0.035,High,-0.04,0.238,"Marriner, N.; Morhange, C.; Doumet-Serhal, C. Marriner, Nick (8427023000); Morhange, Christophe (6602690056); Doumet-Serhal, Claude (11941009400) 8427023000; 6602690056; 11941009400 Geoarchaeology of "
study_1051,"Papaodysseus, C",2078,Epigraphy,0.346,Paleography,0.294,Stratigraphy,0.283,Egypt,0.181,Southern Levant,0.171,Sinai,0.141,High,0.056,Low,0.033,Medium,-0.012,0.194,"Papaodysseus, C.; Fragoulis, D.K.; Panagopoulos, M.; Panagopoulos, T.; Rousopoulos, P.; Exarhos, M.; Skembris, A. Papaodysseus, Constantinos N. (6701528319); Fragoulis, Dimitrios K. (6603620785); Pana"
study_1052,"Correggiari, A",1983,Paleoclimatology,0.484,Stratigraphy,0.459,Radiocarbon Chronology,0.422,Southern Levant,0.185,Egypt,0.177,Sinai,0.158,High,0.003,Medium,-0.032,Low,-0.033,0.224,"Correggiari, A.; Cattaneo, A.; Trincardi, F. Correggiari, Annamaria (6601983295); Cattaneo, Antonio (22939832100); Trincardi, Fabio (6603820216) 6601983295; 22939832100; 6603820216 Depositional patter"
study_1053,"Ullinger, J",2020,Anthropology,0.334,Paleography,0.269,Archaeology,0.269,Southern Levant,0.429,Egypt,0.172,Sinai,0.148,Medium,-0.038,Low,-0.048,High,-0.078,0.241,"Ullinger, J.M.; Sheridan, S.G.; Hawkey, D.E.; Turner, C.G.; Cooley, R. Ullinger, Jaime M. (8957520200); Sheridan, Susan Guise (7006839996); Hawkey, Diane E. (8957520400); Turner, Christy G. (740236689"
study_1054,"Hoffmeier, J",2005,Archaeology,0.44,Cognitive Archaeology,0.397,Landscape Archaeology,0.385,Sinai,0.424,Southern Levant,0.293,Egypt,0.284,Low,0.011,High,0.007,Medium,0.0,0.292,"Hoffmeier, J.K. Hoffmeier, James K. (26032987400) 26032987400 Ancient Israel in Sinai: The Evidence for the Authenticity of the Wilderness Traditions 2005 1 256 0 10.1093/acprof:oso/0195155467.001.000"
study_1055,"Rehren, T",2026,Archaeology,0.455,Cognitive Archaeology,0.355,Epigraphy,0.338,Egypt,0.27,Southern Levant,0.181,Sinai,0.171,Medium,0.014,High,-0.015,Low,-0.035,0.246,"Rehren, T.; Pusch, E.B. Rehren, Thilo H. (57202699283); Pusch, Edgar B. (8560575500) 57202699283; 8560575500 Archaeology: Late Bronze Age glass production at Qantir-Piramesses, Egypt 2005 Science 308 "
study_1056,"Höppner, B",2005,Radiocarbon Chronology,0.467,Archaeology,0.458,Settlement Archaeology,0.406,Southern Levant,0.153,Egypt,0.128,Sinai,0.077,Medium,-0.011,Low,-0.014,High,-0.026,0.203,"Höppner, B.; Bartelheim, M.; Huijsmans, M.; Krauss, R.; Martinek, K.-P.; Pernicka, E.; Schwab, R. Höppner, Bernd (8631308800); Bartelheim, Martin (8631308100); Huijsmans, M. (57210243959); Krauss, Rai"
study_1057,"Vos, P",2005,Stratigraphy,0.458,Radiocarbon Chronology,0.458,Settlement Archaeology,0.454,Southern Levant,0.152,Sinai,0.03,Egypt,0.021,Medium,0.053,Low,0.003,High,-0.008,0.221,"Vos, P.C.; Gerrets, D.A. Vos, Peter C. (7101788190); Gerrets, D. A. (8279883400) 7101788190; 8279883400 Archaeology: A major tool in the reconstruction of the coastal evolution of Westergo (northern N"
study_1058,"Thorndycraft, V",2053,Radiocarbon Chronology,0.375,Hydrology,0.332,Stratigraphy,0.328,Southern Levant,0.17,Sinai,0.059,Egypt,0.052,High,0.037,Low,0.004,Medium,-0.039,0.194,"Thorndycraft, V.R.; Benito, G.; Walling, D.E.; Sopeña, A.; Sánchez-Moya, Y.; Rico, M.; Casas, A. Thorndycraft, Varyl Robert (8902849800); Benito, Gerardo (7006056987); Walling, Desmond E. (7103220530)"
study_1059,"Kristiansen, K",1910,Anthropology,0.291,Archaeology,0.261,Cognitive Archaeology,0.253,Egypt,0.117,Southern Levant,0.111,Sinai,-0.024,Medium,0.064,Low,0.03,High,-0.029,0.157,"Kristiansen, K. Kristiansen, Kristian (8930819100) 8930819100 The consumption of wealth in bronze age denmark: A study in the dynamic of economic processes in tribal societies 2005 178 212 0 10.4324/9"
study_1060,"Cosmopoulos, M",2005,Stratigraphy,0.523,Geoarchaeology,0.388,Epigraphy,0.385,Sinai,0.251,Southern Levant,0.236,Egypt,0.192,High,0.014,Medium,-0.005,Low,-0.04,0.263,"Cosmopoulos, M.B. Cosmopoulos, Michael B. (7801534112) 7801534112 Mycenaean religion at eleusis: The architecture and stratigraphy of megaron B 2005 1 24 0 10.4324/9780203986844-5 https://www.scopus.c"
study_1061,"Preston, C",2027,Bioarchaeology,0.425,Zooarchaeology,0.33,Hydrology,0.323,Sinai,0.102,Southern Levant,0.09,Egypt,0.055,High,0.05,Low,0.019,Medium,0.001,0.193,"Preston, C.D.; Pearman, D.A.; Hall, A.R. Preston, Christopher D. (7202709476); Pearman, David A. (14421480400); Hall, Allan R. (8147959700) 7202709476; 14421480400; 8147959700 Archaeophytes in Britain"
study_1062,"Monna, F",1969,Epigraphy,0.295,Stratigraphy,0.22,Isotope Geochemistry,0.206,Southern Levant,0.234,Sinai,0.17,Egypt,0.094,High,0.049,Medium,0.046,Low,0.045,0.193,"Monna, F.; Petit, C.; Gulllaumet, J.-P.; Jouffroy-Bapicot, I.; Blanchot, C.; Dominik, J.; Losno, R.; Richard, H.; Lévéque, J.; Chateau Smith, C. Monna, Fabrice (7003488151); Petit, Christophe (5719697"
study_1063,"Bouzek, J",2004,Isotope Geochemistry,0.347,Paleoclimatology,0.262,Paleography,0.223,Egypt,0.173,Southern Levant,0.167,Sinai,0.144,Low,0.141,Medium,0.129,High,0.114,0.22,"Bouzek, J. Bouzek, Jan (7801469502) 7801469502 Supra-regional weight units and the coming of the Age of Iron in Europe; Nadregionální systém váhových jednotek doby bronzové a přechod k lokálním systém"
study_1064,"Trevisanato, S",2004,Paleoclimatology,0.292,Historical Geography,0.209,Anthropology,0.206,Egypt,0.32,Sinai,0.196,Southern Levant,0.157,High,0.034,Medium,0.007,Low,-0.043,0.215,"Trevisanato, S.I. Trevisanato, Siro Igino (6506381188) 6506381188 Did an epidemic of tularemia in Ancient Egypt affect the course of world history? 2004 Medical Hypotheses 63 5 905 910 0 10.1016/j.meh"
study_1065,"Al-Shorman, A",2004,Isotope Geochemistry,0.459,Radiocarbon Chronology,0.426,Archaeology,0.41,Southern Levant,0.209,Egypt,0.134,Sinai,0.108,Low,-0.028,High,-0.04,Medium,-0.088,0.213,"Al-Shorman, A. Al-Shorman, Ahmed A. (7801308463) 7801308463 Stable carbon isotope analysis of human tooth enamel from the Bronze Age cemetery of Ya'amoun in Northern Jordan 2004 Journal of Archaeologi"
study_1068,"Roberts, B",2003,Archaeology,0.38,Cognitive Archaeology,0.353,Epigraphy,0.322,Egypt,0.111,Sinai,0.069,Southern Levant,0.036,Medium,-0.026,Low,-0.054,High,-0.099,0.155,"Roberts, B.; Ottaway, B.S. Roberts, Benjamin W. (35091598300); Ottaway, Barbara S. (6507347679) 35091598300; 6507347679 The use and significance of socketed axes during the late bronze age 2003 Europe"
study_1066,"Smith, A",2022,Archaeology,0.444,Settlement Archaeology,0.388,Cognitive Archaeology,0.385,Southern Levant,0.279,Egypt,0.244,Sinai,0.147,Low,-0.022,Medium,-0.03,High,-0.068,0.233,"Smith, A.T.; Badalyan, R.; Avetisyan, P.; Zardaryan, M.; Hayrapetyan, A.; Minc, L.; Monahan, B. Smith, Adam T. (56128123000); Badalyan, Ruben S. (6602773891); Avetisyan, Pavel S. (40061202200); Zardar"
study_1067,"Reinhold, S",2003,Archaeology,0.47,Paleography,0.392,Settlement Archaeology,0.368,Southern Levant,0.165,Egypt,0.159,Sinai,0.103,Medium,0.069,Low,0.037,High,0.001,0.235,"Reinhold, S. Reinhold, Sabine (26034841000) 26034841000 Traditions in transition: Some thoughts on late Bronze Age and early Iron Age burial costumes from the northern Caucasus 2003 European Journal o"
study_1069,"Holder, N",2003,Settlement Archaeology,0.386,Archaeology,0.377,Historical Geography,0.281,Egypt,0.184,Sinai,0.149,Southern Levant,0.115,High,0.018,Low,-0.015,Medium,-0.039,0.196,"Holder, N.; Jamieson, D. Holder, Nick (57217734313); Jamieson, David (57210364522) 57217734313; 57210364522 The Prehistory of the City of London: Myths and Methodologies 2003 Archaeological Journal 16"
study_1071,"Puech, É",2002,Epigraphy,0.512,Stratigraphy,0.402,Paleography,0.367,Sinai,0.469,Southern Levant,0.267,Egypt,0.218,High,0.042,Low,-0.002,Medium,-0.016,0.341,"Puech, É. Puech, Émile (26033713600) 26033713600 Notes on four Proto-Sinaitic inscriptions; Notes sur quatre inscriptions Protosinaïtiques 2002 Revue Biblique 1 5 39 0 https://www.scopus.com/inward/re"
study_1070,"Abdallatif, T",1863,Geoarchaeology,0.446,Stratigraphy,0.434,Archaeology,0.427,Egypt,0.428,Sinai,0.338,Southern Levant,0.324,High,-0.006,Low,-0.042,Medium,-0.083,0.289,"Abdallatif, T.F.; Mousa, S.E.; El-Bassiony, A. Abdallatif, Tareq Fahmy (8629084400); Mousa, Salah Eldin (56218630200); El-Bassiony, A. (56068340700) 8629084400; 56218630200; 56068340700 Geophysical in"
study_1072,"Whitley, J",2002,Archaeology,0.494,Settlement Archaeology,0.432,Landscape Archaeology,0.395,Southern Levant,0.113,Egypt,0.103,Sinai,0.08,Medium,0.02,Low,-0.002,High,-0.047,0.209,"Whitley, J. Whitley, James (7006428670) 7006428670 Objects with attitude: Biographical facts and fallacies in the study of Late Bronze Age and Early Iron Age warrior graves 2002 Cambridge Archaeologic"
study_1073,"Small, D",2014,Archaeology,0.485,Settlement Archaeology,0.462,Cognitive Archaeology,0.453,Southern Levant,0.1,Egypt,0.099,Sinai,0.018,High,-0.003,Medium,-0.012,Low,-0.028,0.194,"Small, D.B. Small, David B. (7201447457) 7201447457 Chapter 10. Rethinking the historical dimensions of mortuary practices: A case from Nisky Hill Cemetery, Bethlehem, Pennsylvania 2002 Archeological "
study_1074,"Ben-Tor, A",2002,Archaeology,0.34,Cognitive Archaeology,0.269,Settlement Archaeology,0.268,Sinai,0.295,Southern Levant,0.275,Egypt,0.192,High,0.014,Low,-0.017,Medium,-0.031,0.216,"Ben-Tor, A. Ben-Tor, Amnon (35177330500) 35177330500 Hazor - a city state between the major powers : A rejoinder 2002 Scandinavian Journal of the Old Testament 16 2 303 308 0 10.1080/09018320210000428"
study_1075,"Randsborg, K",2002,Archaeology,0.428,Settlement Archaeology,0.379,Cognitive Archaeology,0.324,Egypt,0.235,Sinai,0.213,Southern Levant,0.152,High,-0.002,Low,-0.018,Medium,-0.019,0.22,"Randsborg, K. Randsborg, Klavs (6602608518) 6602608518 Kephallénia archaeology & history: The ancient Greek cities 2002 Acta Archaeologica 73 2 1 351 0 10.1046/j.0065-001X.2002.00732.x https://www.sco"
study_1076,"Sauter, F",2001,Radiocarbon Chronology,0.432,Paleoclimatology,0.421,Archaeology,0.414,Sinai,0.166,Egypt,0.138,Southern Levant,0.114,High,0.01,Medium,-0.011,Low,-0.013,0.203,"Sauter, F.; Puchinger, L.; Graf, A.; Thumm, D. Sauter, Friedrich (7004621670); Puchinger, Leopold (6505775873); Graf, Aloisia (7006625250); Thumm, Diane (6506844936) 7004621670; 6505775873; 7006625250"
study_1077,"Bonde, A",2048,Isotope Geochemistry,0.473,Radiocarbon Chronology,0.471,Volcanology,0.383,Southern Levant,0.146,Sinai,0.121,Egypt,0.087,Low,-0.012,High,-0.022,Medium,-0.057,0.202,"Bonde, A.; Murray, A.; Friedrich, W.L. Bonde, Anette (15739361600); Murray, Andrew S. (55934934600); Friedrich, Walter L. (13204812700) 15739361600; 55934934600; 13204812700 Santorini: Luminescence da"
study_1079,"van Strydonck, M",2001,Radiocarbon Chronology,0.571,Isotope Geochemistry,0.393,Stratigraphy,0.39,Southern Levant,0.064,Egypt,0.056,Sinai,0.014,Low,0.062,High,0.043,Medium,-0.03,0.232,"van Strydonck, M.; De Mulder, G.; Deschieter, J. van Strydonck, Mark J.Y. (6701679820); De Mulder, Guy (8655522400); Deschieter, Johan (6504211115) 6701679820; 8655522400; 6504211115 Radiocarbon as a "
study_1078,"Finkelstein, I",1982,Meta-Analysis,0.252,Comparative Literature,0.215,Ethnohistory,0.164,Sinai,0.138,Southern Levant,0.118,Egypt,0.077,Medium,0.13,High,0.091,Low,0.045,0.173,"Finkelstein, I.; Singer-Avitz, L. Finkelstein, Israel (35198203300); Singer-Avitz, Lily (35198851100) 35198203300; 35198851100 Ashdod revisited 2001 Tel Aviv 28 2 231 259 0 10.1179/tav.2001.2001.2.231"
study_1080,"Welter-Schultes, F",2001,Archaeology,0.35,Settlement Archaeology,0.346,Radiocarbon Chronology,0.339,Egypt,0.034,Southern Levant,0.021,Sinai,-0.001,High,-0.018,Medium,-0.022,Low,-0.03,0.122,"Welter-Schultes, F.W. Welter-Schultes, Francisco W. (6603440297) 6603440297 Land snails from an ancient shipwreck: The need to detect wreck-independent finds in excavation analysis 2001 Journal of Arc"
study_1081,"Cioni, R",1833,Volcanology,0.46,Stratigraphy,0.44,Paleoclimatology,0.37,Sinai,0.195,Egypt,0.166,Southern Levant,0.148,High,-0.024,Medium,-0.052,Low,-0.061,0.21,"Cioni, R.; Gurioli, L.; Sbrana, A.; Vougioukalakis, G. Cioni, Raffaello (7007041712); Gurioli, Lucia (6603772191); Sbrana, Alessandro (7003621639); Vougioukalakis, Georgios E. (57223918339) 7007041712"
study_1082,"Lokeren, S",1931,Archaeology,0.296,Ceramic Analysis,0.283,Artifact Typology,0.247,Egypt,0.056,Sinai,-0.028,Southern Levant,-0.031,Medium,0.041,Low,0.027,High,-0.014,0.131,"Lokeren, S.V. Lokeren, Sven Van (57193172272) 57193172272 Experimental reconstruction of the casting of copper ‘oxhide’ ingots 2000 Antiquity 74 284 275 276 0 10.1017/S0003598X00059226 https://www.sco"
study_1083,"Caseldine, C",1999,Landscape Archaeology,0.529,Archaeology,0.523,Settlement Archaeology,0.48,Southern Levant,0.153,Egypt,0.09,Sinai,0.087,Low,0.019,Medium,-0.0,High,-0.02,0.233,"Caseldine, C.J. Caseldine, Chris J. (35826025300) 35826025300 Archaeological and environmental change on prehistoric Dartmoor - current understanding and future directions 1999 Journal of Quaternary S"
study_1084,"Klemenc, S",1873,Radiocarbon Chronology,0.371,Isotope Geochemistry,0.369,Ceramic Analysis,0.29,Egypt,0.046,Southern Levant,-0.009,Sinai,-0.01,Low,-0.039,High,-0.043,Medium,-0.088,0.126,"Klemenc, S.; Budič, B.; Zupan, J. Klemenc, Sonja (6506718739); Budič, Bojan (6603019368); Zupan, Jure (7006115717) 6506718739; 6603019368; 7006115717 Statistical evaluation of data obtained by inducti"
study_1085,"Has̆ek, V",2002,Landscape Archaeology,0.497,Archaeology,0.432,Settlement Archaeology,0.414,Southern Levant,0.157,Sinai,0.09,Egypt,0.071,High,0.051,Low,0.04,Medium,-0.073,0.235,"Has̆ek, V.; Kovárník, J. Has̆ek, Vladimír (57200239359); Kovárník, Jaromír (57216429848) 57200239359; 57216429848 Aerial and geophysical prospection in archaeological research of prehistoric circular "
study_1086,"Kaliff, A",1998,Archaeology,0.482,Settlement Archaeology,0.431,Stratigraphy,0.382,Sinai,0.125,Egypt,0.095,Southern Levant,0.078,Low,0.007,High,-0.011,Medium,-0.048,0.204,"Kaliff, A. Kaliff, Anders (26037445200) 26037445200 Grave structures and altars: Archaeological traces of bronze age eschatological conceptions 1998 European Journal of Archaeology 1 2 177 198 0 10.11"
study_1087,"Manning, S",1998,Cognitive Archaeology,0.552,Archaeology,0.5,Settlement Archaeology,0.448,Egypt,0.183,Southern Levant,0.175,Sinai,0.115,Medium,0.03,High,0.009,Low,0.007,0.255,"Manning, S.W. Manning, Sturt W. (7103371157) 7103371157 Changing pasts and socio-political cognition in late bronze age cyprus 1998 World Archaeology 30 1 39 58 0 10.1080/00438243.1998.9980396 https:/"
study_1088,"Hawkins, J",1998,Archaeology,0.294,Settlement Archaeology,0.287,Paleoclimatology,0.278,Southern Levant,0.175,Egypt,0.149,Sinai,0.088,Medium,0.081,Low,0.041,High,0.012,0.183,"Hawkins, J.D. Hawkins, J. D. (59823965800) 59823965800 Tarkasnawa King of Mira ‘Tarkondemos’, Boǧazköy sealings and Karabel 1998 Anatolian Studies 48 3-4 1 32 0 10.2307/3643046 https://www.scopus.com/"
study_1089,"Moscariello, A",1997,Geoarchaeology,0.395,Isotope Geochemistry,0.389,Landscape Archaeology,0.384,Southern Levant,0.155,Sinai,0.148,Egypt,0.088,High,0.058,Low,0.043,Medium,-0.01,0.203,"Moscariello, A. Moscariello, Andréa (15769366800) 15769366800 Lacustrine ooidal sands in Lake Geneva (Switzerland): Sedimentological evidence for high-energy conditions and lake-level rise in the Late"
study_1090,"Wells, C",1997,Landscape Archaeology,0.444,Paleoclimatology,0.315,Bioarchaeology,0.299,Southern Levant,0.08,Egypt,-0.012,Sinai,-0.025,Low,-0.005,Medium,-0.006,High,-0.007,0.173,"Wells, C.; Huckerby, E.; Hall, V. Wells, Colin E. (8063137200); Huckerby, Elizabeth (8926921300); Hall, Valerie A.H. (56221035800) 8063137200; 8926921300; 56221035800 Mid- and late-Holocene vegetation"
study_1091,"Stos-Gale, Z",1997,Isotope Geochemistry,0.426,Radiocarbon Chronology,0.366,Archaeology,0.282,Egypt,0.123,Sinai,0.077,Southern Levant,0.039,Medium,0.047,High,0.041,Low,0.01,0.199,"Stos-Gale, Z.A.; Maliotis, G.; Gale, N.H.; Annetts, N. Stos-Gale, Zofia Anna (6602480094); Maliotis, George (6602240277); Gale, Noël H. (24555726900); Annetts, N. (6507696523) 6602480094; 6602240277; "
study_1092,"Betts, A",2089,Stratigraphy,0.34,Radiocarbon Chronology,0.327,Archaeology,0.314,Southern Levant,0.216,Sinai,0.11,Egypt,0.079,Medium,0.104,High,0.09,Low,0.038,0.22,"Betts, A.; Eames, S.; Hulka, S.; Schroder, M.; Rust, J.; McLaren, B. Betts, Alison V.G. (7103246977); Eames, Samantha (57208996728); Hulka, Simon (6507384805); Schroder, Maria (57208996087); Rust, Jim"
study_1093,"Hirst, S",1894,Archaeology,0.282,Stratigraphy,0.254,Cognitive Archaeology,0.233,Sinai,0.143,Southern Levant,0.111,Egypt,0.097,Low,0.081,High,0.056,Medium,0.0,0.168,"Hirst, S.; Rahtz, P.; Ashton, E.; Bradley, R.; Carter, H.; Davies, J.D.R.; Gardiner, J.; Stevens, J.; Taylor, R. Hirst, Susan (57210313004); Rahtz, Philip A. (6507566458); Ashton, Emma (57210311133); "
study_1095,"Schwert, D",1996,Paleoclimatology,0.314,Landscape Archaeology,0.303,Paleography,0.281,Southern Levant,0.144,Egypt,0.024,Sinai,-0.02,Low,-0.019,High,-0.036,Medium,-0.064,0.146,"Schwert, D.P. Schwert, Donald P. (6602837916) 6602837916 Effect of Euro - American settlement on an insect fauna: Paleontological analysis of the recent chitin record of beetles (Coleoptera) from nort"
study_1094,"Althaus, E",1996,Archaeology,0.463,Radiocarbon Chronology,0.455,Settlement Archaeology,0.411,Egypt,0.125,Southern Levant,0.083,Sinai,0.066,Medium,0.035,Low,-0.002,High,-0.027,0.208,"Althaus, E. Althaus, Egon (7003558777) 7003558777 Obsidian: A geological, working and trade material. Natural stone industry in prehistoric times; Obsidian: Rohstoff- werkstoff-handelsgut. Eine naturm"
study_1096,"Ussishkin, D",1995,Radiocarbon Chronology,0.358,Archaeology,0.344,Stratigraphy,0.281,Sinai,0.211,Egypt,0.187,Southern Levant,0.103,High,0.062,Medium,0.045,Low,0.031,0.21,"Ussishkin, D. Ussishkin, David (26034670100) 26034670100 The destruction of megiddo at the end of the late bronze age and its historical significance 1995 Tel Aviv 22 2 240 267 0 10.1179/tav.1995.1995"
study_1097,"Spencer, N",1995,Archaeology,0.519,Settlement Archaeology,0.43,Landscape Archaeology,0.426,Egypt,0.209,Sinai,0.182,Southern Levant,0.161,High,-0.028,Low,-0.035,Medium,-0.039,0.233,"Spencer, N. Spencer, Nigel (7101783976) 7101783976 HEROIC TIME: MONUMENTS AND THE PAST IN MESSENIA, SOUTHWEST GREECE 1995 Oxford Journal of Archaeology 14 3 277 292 0 10.1111/j.1468-0092.1995.tb00064."
study_1098,"Buurman, J",1995,Radiocarbon Chronology,0.407,Archaeology,0.405,Paleoclimatology,0.394,Southern Levant,0.184,Egypt,0.088,Sinai,0.065,Medium,0.025,Low,0.023,High,0.0,0.205,"Buurman, J.; van Geel, B.; van Reenen, G.B.A. Buurman, Janneke (6603958854); van Geel, Bas (7006241374); van Reenen, Guido B.A. (6602953499) 6603958854; 7006241374; 6602953499 Palaeoecological investi"
study_1099,"Bourke, S",1993,Archaeology,0.5,Settlement Archaeology,0.442,Landscape Archaeology,0.427,Southern Levant,0.424,Egypt,0.269,Sinai,0.264,Medium,0.026,High,0.008,Low,-0.01,0.316,"Bourke, S.J. Bourke, Stephen J. (7006826663) 7006826663 The transition from the middle to the late bronze age in syria: The evidence from tell nebi mend 1993 Levant 25 1 155 195 0 10.1179/lev.1993.25."
study_1100,"Grabbe, L",1993,Comparative Mythology,0.328,Archaeology,0.303,Paleoclimatology,0.3,Egypt,0.36,Sinai,0.302,Southern Levant,0.239,Medium,0.015,High,-0.019,Low,-0.023,0.234,"Grabbe, L.L. Grabbe, Lester L. (26037996800) 26037996800 Comparative philology and exodus 15,8: Did the egyptians die in a storm? 1993 Scandinavian Journal of the Old Testament 7 2 263 269 0 10.1080/0"
study_1101,"Williams-Thorpe, O",1838,Archaeology,0.42,Radiocarbon Chronology,0.417,Geoarchaeology,0.416,Egypt,0.224,Southern Levant,0.204,Sinai,0.148,Medium,0.051,Low,0.018,High,0.009,0.231,"Williams-Thorpe, O.; Thorpe, R.S.; Elliott, C.; Xenophontos, C. Williams-Thorpe, Olwen (6701639847); Thorpe, Richard S. (7101838830); Elliott, Carolyn (57190040965); Xenophontos, Costas (6701391872) 6"
study_1102,"Baillie, M",1991,Archaeology,0.553,Settlement Archaeology,0.49,Radiocarbon Chronology,0.417,Egypt,0.147,Sinai,0.13,Southern Levant,0.115,High,-0.014,Medium,-0.024,Low,-0.048,0.229,"Baillie, M.G.L. Baillie, Michael G.L. (7003530933) 7003530933 Marking in marker dates: Towards an archaeology with historical precision 1991 World Archaeology 23 2 233 243 0 10.1080/00438243.1991.9980"
study_1103,"Hairfield, H",1990,Isotope Geochemistry,0.316,Ceramic Analysis,0.315,Radiocarbon Chronology,0.274,Sinai,-0.054,Southern Levant,-0.074,Egypt,-0.092,High,-0.019,Low,-0.038,Medium,-0.057,0.081,"Hairfield, H.H.; Hairfield, E.M. Hairfield, Hampton H. (8975633700); Hairfield, Elizabeth M. (6505878885) 8975633700; 6505878885 Identification of a late bronze age resin 1990 Analytical Chemistry 62 "
study_1104,"Kühl, I",1986,Paleoclimatology,0.332,Paleography,0.322,Bioarchaeology,0.314,Egypt,0.072,Southern Levant,0.061,Sinai,-0.022,Medium,-0.032,High,-0.071,Low,-0.079,0.124,"Kühl, I. Kühl, Ingrid (6603563042) 6603563042 References to deformation caused by bearing in bones from prehistoric cremations; Hinweise auf belastungsdeformationen an skelettresten aus prähistorische"
study_1106,"Herscher, E",1983,Archaeology,0.572,Landscape Archaeology,0.486,Settlement Archaeology,0.467,Egypt,0.293,Sinai,0.24,Southern Levant,0.2,Medium,0.026,High,0.006,Low,-0.025,0.297,"Herscher, E. Herscher, Ellen (38261077800) 38261077800 Interview with dr. Vassos karageorghis, director of antiquities, republic of cyprus 1983 Journal of Field Archaeology 10 3 363 366 0 https://www."
study_1105,"Bernard Knapp, A",1985,Archaeology,0.514,Settlement Archaeology,0.495,Landscape Archaeology,0.419,Egypt,0.321,Southern Levant,0.291,Sinai,0.285,Medium,0.012,High,0.002,Low,-0.018,0.282,"Bernard Knapp, A. Bernard Knapp, A. (7102421506) 7102421506 Alashiya, Caphtor/Keftiu, and eastern mediterranean trade: Recent studies in cypriote archaeology and history 1985 Journal of Field Archaeol"
study_1107,Why the ribs inside socketed axeheads? 1983 Antiquity 57 219 48 49 0 10,1983,Archaeology,0.241,Stratigraphy,0.174,Epigraphy,0.172,Egypt,0.108,Southern Levant,0.047,Sinai,0.041,High,0.019,Medium,0.009,Low,-0.025,0.123,Why the ribs inside socketed axeheads? 1983 Antiquity 57 219 48 49 0 10.1017/S0003598X00116059 https://www.scopus.com/inward/record.uri?eid=2-s2.0-84926275865&doi=10.1017%2FS0003598X00116059&partnerID
study_1108,"Northover, P",1982,Archaeology,0.473,Settlement Archaeology,0.406,Radiocarbon Chronology,0.397,Egypt,0.134,Southern Levant,0.127,Sinai,0.06,Low,0.023,High,0.012,Medium,-0.006,0.21,"Northover, P. Northover, Peter (7801594022) 7801594022 THE METALLURGY of the WILBURTON HOARDS 1982 Oxford Journal of Archaeology 1 1 69 109 0 10.1111/j.1468-0092.1982.tb00299.x https://www.scopus.com/"
study_1109,"Sass, B",1978,Epigraphy,0.39,Paleography,0.345,Stratigraphy,0.328,Sinai,0.534,Southern Levant,0.314,Egypt,0.288,High,0.056,Medium,0.036,Low,0.026,0.327,"Sass, B. Sass, Benjamin (55837282800) 55837282800 Two previously unknown proto - sinaitic inscriptions 1978 Tel Aviv 5 3-4 183 187 0 10.1179/033443578788497659 https://www.scopus.com/inward/record.uri"
study_1110,"Iakovidis, H",1896,Archaeology,0.453,Landscape Archaeology,0.373,Settlement Archaeology,0.367,Southern Levant,0.197,Sinai,0.168,Egypt,0.161,Medium,0.021,Low,-0.044,High,-0.044,0.224,"Iakovidis, H. Iakovidis, Hon (57189675634) 57189675634 A hundred years of mycenaean archaeology 1977 Antiquaries Journal 58 1 13 30 0 10.1017/S0003581500040166 https://www.scopus.com/inward/record.uri"
study_1112,Composite Anchors in Late Bronze Age Cyprus 1968 Antiquity 42 167 225 229 0 10,1968,Archaeology,0.405,Settlement Archaeology,0.376,Stratigraphy,0.312,Egypt,0.18,Sinai,0.153,Southern Levant,0.148,Medium,0.129,Low,0.02,High,-0.002,0.238,Composite Anchors in Late Bronze Age Cyprus 1968 Antiquity 42 167 225 229 0 10.1017/S0003598X00118691 https://www.scopus.com/inward/record.uri?eid=2-s2.0-84973992781&doi=10.1017%2FS0003598X00118691&pa
study_1111,"Angel, J",1972,Landscape Archaeology,0.391,Bioarchaeology,0.384,Zooarchaeology,0.375,Southern Levant,0.255,Egypt,0.21,Sinai,0.184,Medium,0.056,Low,0.008,High,-0.005,0.234,"Angel, J.L. Angel, J. Lawrence (56377581500) 56377581500 Ecology and population in the Eastern Mediterranean 1972 World Archaeology 4 1 88 105 0 10.1080/00438243.1972.9979522 https://www.scopus.com/in"
study_1113,"Ryan, E",1960,Stratigraphy,0.375,Landscape Archaeology,0.312,Epigraphy,0.304,Southern Levant,0.123,Sinai,0.094,Egypt,0.03,Low,0.012,High,0.007,Medium,-0.004,0.17,"Ryan, E.J.; Bass, G.F. Ryan, Eric J. (57217319600); Bass, George F. (57123076900) 57217319600; 57123076900 Underwater Surveying and Draughting'A Technique 1962 Antiquity 36 144 252 261 0 10.1017/S0003"
